status,polygon_id,park_name,alt_name,park_address,neighborhood,inclusion,stair_free,benches_wheelchair,table_wheelchair,drinking_fountain,spray_play,benches_along_path,shaded_seating,shade_type,bathroom,playground_surface_cat,playground_surface,playground_fencing,accessible_play,sensory_play,other_inclusive,communication,parking_type,near_bus,near_train,dissolved_os_address,dissolved_os,dissolved_os_district,dissolved_os_zip_code,Shape_Length,Shape_Area,shape_wkt
✔ Done,335,A Street Park,Channel Center Park,135-141 A Street,South Boston,,Multisport half-court,,,Y,,,Y,Tree shade,No bathroom,Solid,PIP rubber,"Park not enclosed, Playground not enclosed",No accessible play elements,Dish swing,,,On street (permitted),,,135-141 A Street,A Street Park,South Boston,02210,0.003293237823032,0.000000601601342,
✔ Done,1,Adams Park,"Irving W. Adams Park, Roslindale Square, Hartin Square",4225 Washington Street,Roslindale,,"Seating area, Monuments",Y,Y,,,,Y,Tree shade,No bathroom,,,Park partially enclosed,No playground at this park,No playground at this park,,,On street (accessible),,,4225 Washington Street,Adams Park,Roslindale,02131,0.002574920288103,0.000000311486770,
✔ Done,2,Adams/King Playground,Old Hemenway School Site,470 Adams Street,Dorchester,,"Game table, Street hockey, Seating area, Playground",Y,Y,Y,,,Y,Tree shade,No bathroom,Solid,PIP rubber,Playground not enclosed,"Play panels, Transfer station, Ground level play",Dish swing,,,On street,"Adams St @ King St, 197 ft",,470 Adams Street,Adams/King Playground,Dorchester,02122,0.002221747221609,0.000000299298230,
✔ Done,4,Allandale Woods (Urban Wild),,75 VFW Parkway,West Roxbury,,No stair free access at this park,,,,,,,,,,,,No playground at this park,No playground at this park,,,,,,75 VFW Parkway,Allandale Woods*,Roslindale,"02132, 02467",0.086685706877398,0.000037420214142,
✔ Done,5,Allen Park,"Rev James K Allen Park, James F Donovan Park, Dorchester Square or Common",1-19 Church Street,Dorchester,,"Loop path, Public art",Y,,Y,,,Y,Tree shade,No bathroom,,,Park not enclosed,No playground at this park,No playground at this park,Solar charging station benches,,On street,,,1-19 Church Street,Allen Park,Dorchester,02122,0.003092098053673,0.000000571538239,
✔ Done,7,Amatucci Playground,,1460 Hyde Park Avenue,Hyde Park,,"Basketball court, Playground",Y,Y,Y,,Y,,,No bathroom,Solid,PIP rubber,"Park partially enclosed, Playground not enclosed","Transfer station, Play panels, Ground level play","Dish swing, Musical play",,,On street,"Hyde Park Ave @ Glenwood Ave, 128 ft",,1460 Hyde Park Avenue,Amatucci Playground,Hyde Park,02136,0.002031037446063,0.000000205677036,"MULTIPOLYGON (((-71.126377310999942 42.248692323000057, -71.126370928999961 42.248705329000074, -71.126719843999979 42.248800970000048, -71.126838777999978 42.248554286000058, -71.126219876999983 42.248310993000075, -71.126050824999936 42.248589667000033, -71.126040427999953 42.248586820000071, -71.126034095999955 42.248599005000074, -71.126204245999986 42.248644913000078, -71.126209359999962 42.248634510000045, -71.126377310999942 42.248692323000057)))"
✔ Done,10000,American Legion Play Area (Franklin Park),,85 American Legion Hwy,Dorchester,,"Fitness equipment, Playground, Seating area",Y,Y,,,,Y,Tree shade,No bathroom,Solid,PIP rubber,Playground not enclosed,"Ground level play, Molded bucket seat swing, Play panels, Transfer station","Dish swing, Roller table, Sensory panel",Accessible game table,,On street (accessible),,,85 American Legion Hwy,American Legion Play Area (Franklin Park),Dorchester,02124,0.005541211429656,0.000001319305371,
✔ Done,9,American Legion Playground,,25 Glendon Street,East Boston,,"Baseball diamond, Soccer field, Basketball court, Playground, Seating area, Loop path, Multi-purpose sport court",Y,Y,Y,,Y,,,Portable toilet,Solid,PIP rubber,"Playground fully enclosed, Park partially enclosed","Ground level play, Play panels, Molded bucket seat swing",Musical play,,,On street,,,25 Glendon Street,American Legion Playground,East Boston,02128,0.004932239117954,0.000001495520190,"MULTIPOLYGON (((-71.028733410999962 42.381402843000046, -71.028892117999987 42.382502295000052, -71.030174019999947 42.38250430100004, -71.030177153999944 42.381408572000055, -71.028733410999962 42.381402843000046)))"
✔ Done,350,Amory Street Park,,108 Amory Street,Jamaica Plain,,Seating area,Y,Y,,,,Y,Shade shelter,No bathroom,,,Park partially enclosed,No playground at this park,No playground at this park,,,On street,,,108 Amory Street,Amory Street Park,Jamaica Plain,02119,0.001028739073212,0.000000054027123,
✔ Done,10,Angell Memorial Square,,152-158 Congress Street,Central Boston,,"Monuments, Public art",,,,,,Y,Tree shade,No bathroom,,,Park not enclosed,No playground at this park,No playground at this park,,,On street (accessible),,,152-158 Congress Street,Angell Memorial Square,Central Boston,02109,0.001220843360045,0.000000078114256,
✔ Done,11,Arnold Arboretum,,125 The Arborway; 25 Bussey Street,Jamaica Plain,,"Loop path, Scenic trail, Ornamental garden",,,Y,,,Y,Tree shade,"Accessible portable toilet, Accessible bathroom",,,Park not enclosed,No playground at this park,No playground at this park,,,Parking lot (accessible),,,125 The Arborway; 25 Flora Way,Arnold Arboretum,Roslindale,"02130, 02131",0.070123683202903,0.000099084818129,
✔ Done,13,Back Bay Fens,"Includes Evans Way Park, Forsyth Park, Westland Avenue Gates",100 Park Drive (Clemente Field House) 125 The Fenway (Emerald Necklace Conservancy) 50 Park Drive (Duck House)  1 Evans Way (Evans Way) Forsyth Way (Roadway)   70 Park Drive (Rose Garden)   35 The Fenway (Mother's Rest) 20 Park Drive (Victory Garden),Fenway/Longwood,,"Athletic field, Basketball court, Community garden, Field viewing area, Loop path, Monuments, Ornamental garden, Ornamental fountain, Playground, Seating area, Scenic trail",Y,,,,Y,Y,Tree shade,Portable toilet,Solid,PIP rubber,"Playground fully enclosed, Park not enclosed","Ground level play, Wheelchair access to slide","Dish swing, Musical play",Accessible community garden,,On street,,,100 Park Drive (Clemente Field House) 125 The Fenway (Emerald Necklace Conservancy) 50 Park Drive (Duck House)  1 Evans Way (Evans Way) Forsyth Way (Roadway)   70 Park Drive (Rose Garden)   35 The Fenway (Mother's Rest) 20 Park Drive (Victory Garden) 89,Back Bay Fens,Fenway/Longwood,"02115, 02215",0.074632031443085,0.000030935402903,
✔ Done,15,Barry Playground,William. J. Barry Playground; Mystic Playground,41 Medford Street,Charlestown,,"Soccer field, Loop path, Baseball diamond, Seating area",Y,,,,,,,No bathroom,,,Park partially enclosed,No playground at this park,No playground at this park,,,On street,,,41 Medford Street,Barry Playground,Charlestown,02129,0.005527538437511,0.000001570991790,"MULTIPOLYGON (((-71.054233230999955 42.379931633000069, -71.054285988999936 42.379800231000047, -71.054537485999958 42.379171750000069, -71.054142259999935 42.379149850000033, -71.053376383999932 42.378739734000078, -71.052358981999987 42.379790255000046, -71.052345131999971 42.379804192000051, -71.053315875999942 42.379958310000063, -71.053358213999957 42.379910700000039, -71.053550563999977 42.379896390000056, -71.053546191999942 42.379931914000053, -71.054233230999955 42.379931633000069)))"
✔ Done,16,Bay Village Garden,Melrose Park,32 Melrose Street,Central Boston,,No stair free access at this park,,,,,,Y,Tree shade,No bathroom,,,Park fully enclosed,No playground at this park,No playground at this park,,,On street (permitted),,,32 Melrose Street,Bay Village Garden,Central Boston,02116,0.000356628108148,0.000000008026818,"MULTIPOLYGON (((-71.068422189999978 42.349162995000029, -71.068412670999976 42.349135007000029, -71.068365931999949 42.349075180000057, -71.068299558999968 42.349103949000039, -71.068329584999958 42.349182566000025, -71.068422189999978 42.349162995000029)))"
⚠ Active project,2108,Bay Village Neighborhood Park,,Charles Street S & Melrose Street,Central Boston,,,,,,,,,,,,,,,,,,,,,Charles Street S & Melrose Street,Bay Village Neighborhood Park,Central Boston,02116,0.000876977104405,0.000000041569469,"MULTIPOLYGON (((-71.066653669999937 42.349409563000052, -71.066705625999987 42.349643700000058, -71.066954321999958 42.349557459000039, -71.066717094999944 42.349372813000059, -71.066653669999937 42.349409563000052)))"
✔ Done,18,Beauford Play Area,,127 Howard Avenue,Roxbury,,Playground,Y,,,,,,,No bathroom,Solid,PIP rubber,Playground partially enclosed,"Play panels, Transfer station, Ground level play","Dish swing, Sensory panel",,,On street,,,127 Howard Avenue,Beauford Play Area,Roxbury,02125,0.001341420329468,0.000000104180838,"MULTIPOLYGON (((-71.075473554999974 42.315848669000047, -71.075464102999945 42.315963775000057, -71.075737407999952 42.31602263700006, -71.075837538999963 42.316045036000048, -71.075930400999937 42.315812363000077, -71.075837501999956 42.315791466000064, -71.07571192499995 42.315763213000025, -71.075485251999964 42.315712215000076, -71.075473554999974 42.315848669000047)))"
✔ Done,19,Beecher Street Play Area,,20 Beecher Street,Jamaica Plain,,Grass area,,,,,,Y,Tree shade,No bathroom,,,Park partially enclosed,No playground at this park,No playground at this park,,,On street,,,20 Beecher Street,Beecher Street Play Area,Jamaica Plain,02130,0.001165809210780,0.000000072246170,"MULTIPOLYGON (((-71.106649403999938 42.318182193000041, -71.106997208999985 42.31835639500008, -71.107119267999963 42.318229329000076, -71.106813292999959 42.318050443000061, -71.106771961999982 42.318026279000037, -71.106649403999938 42.318182193000041)))"
✔ Done,20,Beethoven School Play Area,,5119 Washington Street,West Roxbury,,"Playground, Public art, Seating area",Y,,,,,Y,Tree shade,No bathroom,Solid,PIP rubber,Playground fully enclosed,"Ground level play, Molded bucket seat swing, Transfer station",Musical play,4-person seesaw,,,,,5119 Washington Street,Beethoven School Play Area,West Roxbury,02132,0.002478829424871,0.000000231665829,"MULTIPOLYGON (((-71.154795901999933 42.263688478000063, -71.155350984999984 42.264039235000041, -71.155605390999938 42.264239329000077, -71.155686694999986 42.264188598000032, -71.155787228999941 42.264126582000074, -71.155538351999951 42.26390850000007, -71.155006945999958 42.263499644000035, -71.154795901999933 42.263688478000063)))"
✔ Done,23,Billings Field,,369 LaGrange Street,West Roxbury,,"Playground, Baseball diamond, Softball diamond, Loop path, Tennis court, Basketball court, Seating area",Y,Y,Y,,,Y,Tree shade,Portable toilet,,,"Playground fully enclosed, Park partially enclosed","Ground level play, Molded bucket seat swing, Play panels, Transfer station",Musical play,Accessible basketball viewing area,,On street,"Centre St @ Lagrange St, 312 ft",,369 LaGrange Street,Billings Field,West Roxbury,02132,0.008707794888728,0.000004759633554,
✔ Done,24,Blackstone Square,,1535 Washington Street,South End,,Ornamental fountain,,,,,,Y,Tree shade,No bathroom,,,Park partially enclosed,No playground at this park,No playground at this park,,,On street (permitted),,,1535 Washington Street,Blackstone Square,South End,02118,0.004274688272480,0.000001084314073,"MULTIPOLYGON (((-71.072694217999981 42.339673693000066, -71.073429016999967 42.34029075400008, -71.074410514999954 42.339640239000062, -71.073672315999943 42.33902246100007, -71.072694217999981 42.339673693000066)))"
✔ Done,27,Boston Common,The Common,139 Tremont St (Visitor Info Center),Back Bay/Beacon Hill,,"Baseball diamond, Field viewing area, Free sunscreen station, Monuments, Tennis court, Ornamental fountain, Ornamental garden, Playground, Public art, Seating area, Spray play",,Y,Y,Yes,Y,Y,Tree shade,Accessible portable toilet,Solid,PIP rubber,"Playground partially enclosed, Park not enclosed","Ground level play, Play panels, Transfer station",Sensory panel,,,On street,,,139 Tremont St (Visitor Info Center) 1B Charles St (Earl of Sandwich)  38 Beacon St (Frog Pond) 167 Tremont St (Parkman Bandstand) 115 Boylston St (Deer Park),Boston Common,Back Bay/Beacon Hill,02108,0.020296345696201,0.000020226550513,
✔ Done,30,Bradford Street Play Area,,18 Bradford Street,South End,,Seating area,Y,Y,,,,Y,Tree shade,No bathroom,,,Park fully enclosed,No playground at this park,No playground at this park,,,On street (permitted),,,18 Bradford Street,Bradford Street Play Area,South End,02118,0.000525224648897,0.000000016204389,"MULTIPOLYGON (((-71.068959749999976 42.342628699000045, -71.068910289999963 42.342657491000068, -71.069017149999979 42.34275638500003, -71.069037711999954 42.342744675000063, -71.069066645999953 42.342728163000061, -71.069094984999936 42.342711980000047, -71.069119082999975 42.342698125000027, -71.06900916099994 42.342599574000076, -71.068959749999976 42.342628699000045)))"
✔ Done,31,Brewer-Burroughs Tot Lot,,2P Brewer Street,Jamaica Plain,,"Drinking fountain, Playground, Seating area, Tennis backboard",Y,Y,Y,,Y,Y,Tree shade,No bathroom,Solid & Loose,"Sand, PIP rubber",Playground fully enclosed,"Transfer station, Play panels",Dish swing,,,On street,,,2P Brewer Street,Brewer-Burroughs Tot Lot,Jamaica Plain,02130,0.001166546786449,0.000000084512116,"MULTIPOLYGON (((-71.115379239999982 42.311558422000076, -71.115397922999989 42.311825243000044, -71.115471356999933 42.311883108000075, -71.115751113999977 42.311672612000052, -71.115577798999936 42.311547510000025, -71.115489910999941 42.311484064000069, -71.115379239999982 42.311558422000076)))"
✔ Done,32,Brighton Common,"Brighton Square, Wilson Square",30 Chestnut Hill Avenue,Allston-Brighton,,"Amphitheater, Seating area",Y,,,,,Y,Tree shade,No bathroom,,,Park not enclosed,No playground at this park,No playground at this park,,,On street (accessible),,,30 Chestnut Hill Avenue,Brighton Common,Allston-Brighton,02135,0.001959176405219,0.000000224018505,
✔ Done,33,Brophy Park,Belmont Square,192 Webster Street,East Boston,,Seating area,,,Y,,,Y,Tree shade,No bathroom,,,Park partially enclosed,No playground at this park,No playground at this park,,,On street,,,192 Webster Street,Brophy Park,East Boston,02128,0.002460290494438,0.000000346088571,"MULTIPOLYGON (((-71.033111624999947 42.365893516000028, -71.033541598999989 42.366084682000064, -71.034014669999976 42.365489882000077, -71.033582394999939 42.365299955000069, -71.033111624999947 42.365893516000028)))"
✔ Done,35,Buckley Playground,,210 West Third Street,South Boston,,"Basketball court, Seating area, Playground, Spray play",Y,,Y,Yes,,Y,Tree shade,No bathroom,Solid,PIP rubber,"Playground fully enclosed, Park partially enclosed","Transfer station, Ground level play, Molded bucket seat swing",Sensory panel,,,On street,,,210 West Third Street,Buckley Playground,South Boston,02127,0.002519603210050,0.000000287146871,"MULTIPOLYGON (((-71.048610457999985 42.339188859000046, -71.049392715999943 42.339696137000033, -71.049542062999933 42.33956801800008, -71.049636865999958 42.33948653300007, -71.048854995999989 42.338980838000055, -71.04873422299994 42.339083622000032, -71.048728651999966 42.339080009000043, -71.048719177999942 42.339088064000066, -71.048724748999973 42.339091678000045, -71.048610457999985 42.339188859000046)))"
✔ Done,1010,Buena Vista (Urban Wild),Warren Gardens-Gendrot Trust,205 Warren Street,Roxbury,,No stair free access at this park,,,,,,,,,,,,No playground at this park,No playground at this park,,,,,,205 Warren Street,Buena Vista,Roxbury,02119,0.003251056614166,0.000000653133626,
✔ Done,38,Bussey Brook Meadow (Urban Wild),Arnold Arboretum III,255 South Street,Jamaica Plain,,Scenic trail,Y,,,,,,,No bathroom,,,Park not enclosed,No playground at this park,No playground at this park,,,On street,,,255 South Street,Bussey Brook Meadow*,Jamaica Plain,02130,0.024622353819154,0.000011457950066,
✔ Done,100,Bynoe Park,Edna V. Bynoe Park; Orchard Park,50 Orchard Park,Roxbury,,"Spray play, Playground, Game table, Baseball diamond, Basketball court, Drinking fountain, Entrance",Y,Y,Y,Yes,,Y,Tree shade and shade shelter,No bathroom,Solid,PIP rubber,"Playground fully enclosed, Park partially enclosed","Ground level play, Transfer station","Dish swing, Musical play, Sensory panel",,,,,,50 Orchard Park,Bynoe Park,Roxbury,02119,0.004561436004289,0.000001182462386,
✔ Done,39,Byrne Playground,,23 Everett Street,Dorchester,,"Seating area, Tennis court, Pickleball court, Street hockey, Spray play, Little free library, Playground, Multi-purpose sport court",Y,,Y,Yes,,Y,Tree shade,No bathroom,Solid,PIP rubber,"Playground fully enclosed, Park partially enclosed","Transfer station, Ground level play",No sensory play elements,,,On street,,,23 Everett Street,Byrne Playground,Dorchester,02122,0.003334153143648,0.000000525170783,
✔ Done,40,Caldwell Street Play Area,,9 Caldwell Street,Charlestown,,"Playground, Spray play",,,,Yes,,,,No bathroom,Solid,PIP rubber,Playground fully enclosed,"Play panels, Transfer station",Sensory panel,,,On street,,,9 Caldwell Street,Caldwell Street Play Area,Charlestown,02129,0.000973486966171,0.000000056418666,"MULTIPOLYGON (((-71.07773509499998 42.385346422000055, -71.077666349999959 42.385442411000042, -71.077858788999947 42.385520505000045, -71.077928329999963 42.385423597000056, -71.077981590999968 42.385349384000051, -71.07802075099994 42.385294655000052, -71.077829625999982 42.385214274000077, -71.077788873999964 42.385271336000073, -71.07773509499998 42.385346422000055)))"
✔ Done,42,Carroll Pond Playground,,15 Carrolton Road,West Roxbury,,No stair free access at this park,,,,,,,,No bathroom,,,Park not enclosed,No playground at this park,No playground at this park,,,On street,,,15 Carrolton Road,Carroll Pond Playground,West Roxbury,02132,0.001856891313362,0.000000207002187,"MULTIPOLYGON (((-71.15941844799994 42.256348512000045, -71.159573543999954 42.256480074000081, -71.159797391999973 42.256664159000024, -71.159923185999958 42.256575286000043, -71.160034555999971 42.256496834000075, -71.160157273999971 42.25641051000008, -71.159776490999946 42.256103146000044, -71.15941844799994 42.256348512000045)))"
✔ Done,43,Carter Playground,,709 Columbus Avenue,Roxbury,,"Playground, Tennis court, Baseball diamond, Soccer field, Spray play",Y,,,Yes,Y,,,Bathroom,Solid,PIP rubber,"Playground fully enclosed, Park partially enclosed","Wheelchair merry-go-round, Stair-free access all levels, Play panels","Dish swing, Musical play, Sensory panel",,,On street (accessible),"Tremont St @ Douglas Pk, 0.1 miles away","Ruggles, 0.4 miles",709 Columbus Avenue,Carter Playground,Roxbury,02118,0.006773937733769,0.000002217347218,
✔ Done,44,Cassidy Playground,,379 Chestnut Hill Avenue,Allston-Brighton,,"Tennis court, Baseball diamond, Loop path, Seating area, Field viewing area",Y,Y,Y,,Y,,,No bathroom,,,Park not enclosed,No playground at this park,No playground at this park,,,"On street, Parking lot","Chestnut Hill Ave @ Beacon St, 0.1 miles",,379 Chestnut Hill Avenue,Cassidy Playground,Allston-Brighton,02467,0.008768579284187,0.000004183055038,
✔ Done,45,Cedar Square,,15 Cedar Street,Roxbury,,Seating area,Y,,,,,Y,Tree shade,No bathroom,,,Park partially enclosed,No playground at this park,No playground at this park,,,On street,,,15 Cedar Street,Cedar Square,Roxbury,02119,0.002132149489367,0.000000272115886,
✔ Done,47,Central Burying Ground,,125 Boylston Street,Back Bay/Beacon Hill,,No stair free access at this park,,,,,,,,,,,,No playground at this park,No playground at this park,,,,,,125 Boylston Street,Central Burying Ground,Back Bay/Beacon Hill,02108,0.003721716425264,0.000000658486161,"MULTIPOLYGON (((-71.065333672999941 42.353222771000048, -71.06606779599997 42.353216315000054, -71.066857864999974 42.352615425000067, -71.065597361999949 42.352539723000064, -71.065333672999941 42.353222771000048)))"
✔ Done,48,Central Square,,1P William C Kelly Square,East Boston,,Seating area,Y,,Y,,,Y,Tree shade,No bathroom,,,Park not enclosed,No playground at this park,No playground at this park,,,On street,,,1P William C Kelly Square,Central Square,East Boston,02128,0.001975588472715,0.000000276787045,
✔ Done,49,Ceylon Park,,105 Ceylon Street,Dorchester,,"Basketball court, Spray play, Seating area, Soccer field",,,Y,Yes,,Y,Tree shade,Portable toilet,Loose,Engineered wood fiber,"Playground fully enclosed, Park not enclosed",No accessible play elements,No sensory play elements,,,On street,,,105 Ceylon Street,Ceylon Park,Dorchester,02121,0.008207249619089,0.000002051930353,
✔ Done,128,Chandler Pond,Alice E. Gallagher Memorial Park; Gallagher Memorial Park,95 Lake Shore Road,Allston-Brighton,,Scenic trail,,,,,Y,Y,Tree shade,No bathroom,,,Park not enclosed,No playground at this park,No playground at this park,,,On street,,,95 Lake Shore Road,Chandler Pond,Allston-Brighton,02135,0.013492903411058,0.000008415549338,
✔ Done,51,Charlestown H.S. Athletic Fields,Little Mystic Harborwalk,39 Terminal Street,Charlestown,,"Athletic field, Football field, Loop path, Baseball diamond, Field viewing area",,,Y,,Y,Y,Tree shade,No bathroom,,,Park partially enclosed,No playground at this park,No playground at this park,Accessible field viewing area,,On street,,,39 Terminal Street,Charlestown H.S. Athletic Fields,Charlestown,02129,0.012030596307322,0.000003950634300,
✔ Done,52,Charter Street Park,,21P Charter Street,Central Boston,,"Ornamental garden, Seating area",,,,,,Y,Tree shade,No bathroom,,,Park partially enclosed,No playground at this park,No playground at this park,,,On street (permitted),,,21P Charter Street,Charter Street Park,Central Boston,02113,0.001541120400592,0.000000105576456,
✔ Done,53,Chester Square,Chester Park,544P Massachusetts Avenue,South End,,"Ornamental fountain, Seating area, Grass area",,,,,Y,Y,Tree shade,No bathroom,,,,No playground at this park,No playground at this park,,,,,,544P Massachusetts Avenue,Chester Square,Roxbury,02118,0.005389712904902,0.000000393541654,
✔ Done,54,Childe Hassam Park,Goldweitz Park,324 Columbus Avenue,South End,,"Public art, Seating area",Y,,,,,Y,Tree shade,No bathroom,,,Park partially enclosed,No playground at this park,No playground at this park,,,,,,324 Columbus Avenue,Childe Hassam Park,South End,02116,0.000903628154708,0.000000026823218,"MULTIPOLYGON (((-71.074455471999954 42.346114923000073, -71.074600776999944 42.34621166800008, -71.074848953999947 42.346007707000069, -71.074455471999954 42.346114923000073)))"
✔ Done,55,Children's Park,,81-85 Intervale Street,Dorchester,,"Playground, Seating area, Fitness equipment, Game table",Y,Y,Y,,,Y,Tree shade,No bathroom,Solid,PIP rubber,Playground fully enclosed,"Wheelchair merry-go-round, Stair-free access all levels, Play panels, Molded bucket seat swing, Wheelchair access to slide, Transfer station","Dish swing, Roller slide, Sensory panel",,,On street,"Blue Hill Ave @ Intervale St, 0.8 miles",,81-85 Intervale Street,Children's Park,Dorchester,02121,0.001757692125367,0.000000154022328,
✔ Done,334,Children's Wharf Harborwalk,,308 Congress Street,South Boston,,Seating area,Y,Y,,,Y,,,No bathroom,,,Park partially enclosed,No playground at this park,No playground at this park,,,,,,308 Congress Street,Children's Wharf Harborwalk,South Boston,02210,0.002339027304453,0.000000100842011,"MULTIPOLYGON (((-71.049633065999956 42.352480582000055, -71.049720240999989 42.352518426000074, -71.050377294999976 42.35166937200006, -71.050285556999938 42.351631234000081, -71.049633065999956 42.352480582000055)))"
✔ Done,56,Christopher Columbus Park,Waterfront Park,110 Atlantic Avenue,Central Boston,,"Seating area, Spray play, Playground, Monuments, Ornamental garden, Dock viewing area",Y,,Y,Yes,Y,Y,Tree shade and shade shelter,Portable toilet,Solid,PIP rubber,"Playground fully enclosed, Park not enclosed",Ground level play,Sensory panel,,,On street,,,110 Atlantic Avenue,Christopher Columbus Park,Central Boston,02110,0.006339645212892,0.000002152425824,
✔ Done,155,Holborn Street Playlot,,6 Holborn Street,Roxbury,Y,Playground,Y,Y,,,,Y,Tree shade,No bathroom,Solid,PIP rubber,Playground fully enclosed,"Transfer station, Molded bucket seat swing",No sensory play elements,,,,,,6 Holborn Street,Holborn Street Playlot,Roxbury,02121,0.001110278103818,0.000000053549159,"MULTIPOLYGON (((-71.082455710999966 42.315416389000063, -71.082442196999978 42.315445140000065, -71.08271750199998 42.315505019000057, -71.082728131999943 42.315480226000034, -71.08263885599996 42.315458782000064, -71.082739040999968 42.31523849000007, -71.082552319999934 42.31519264800005, -71.082455710999966 42.315416389000063)))"
✔ Done,57,Christopher Lee Playground,M Street Plgd,775 East First Street,South Boston,,"Basketball court, Baseball diamond, Field viewing area",Y,,Y,,,,,No bathroom,Loose,Engineered wood fiber,"Playground not enclosed, Park partially enclosed",No accessible play elements,No sensory play elements,,,On street,,,775 East First Street,Christopher Lee Playground,South Boston,02127,0.007703397775641,0.000002404194611,"MULTIPOLYGON (((-71.031432922999954 42.337456475000067, -71.030315903999963 42.337474244000077, -71.030346838999947 42.338162197000031, -71.033318466999958 42.338109296000027, -71.033299363999959 42.337276985000074, -71.033257119999973 42.337295540000071, -71.033173622999982 42.33723100900005, -71.031543622999948 42.337255619000075, -71.031471144999955 42.337325637000049, -71.031423277999977 42.337300504000041, -71.031432922999954 42.337456475000067)))"
✔ Done,58,Clarendon Street Playlot,Commonwealth Playground,260 Clarendon Street,Back Bay/Beacon Hill,,"Drinking fountain, Playground",Y,,Y,,Y,Y,Tree shade,No bathroom,Solid,PIP rubber,Playground fully enclosed,"Play panels, Transfer station, Molded bucket seat swing",No sensory play elements,,,,,,260 Clarendon Street,Clarendon Street Playlot,Back Bay/Beacon Hill,02116,0.001531199650712,0.000000143229591,"MULTIPOLYGON (((-71.076306910999961 42.352682605000041, -71.076463253999975 42.35300395400003, -71.076857602999951 42.352898381000045, -71.076701257999957 42.352577030000077, -71.076306910999961 42.352682605000041)))"
⚠ Active project,59,Clifford Playground,,160 Norfolk Avenue,Roxbury,,,,,,,,,,,,,,,,,,,,,160 Norfolk Avenue,Clifford Playground,Roxbury,02119,0.009223428288966,0.000003338559916,
✔ Done,7279,Codman Square Park,,Talbot Avenue,Dorchester,,"Entrance, Monuments, Ornamental garden, Public art, Seating area",Y,,Y,,Y,Y,Tree shade,No bathroom,,,Park partially enclosed,No playground at this park,No playground at this park,,,,,,Talbot Avenue at Washington St,Codman Square Park,Dorchester,02124,0.002168360696229,0.000000154926051,
✔ Done,332,Columbia Park,McGrail Memorial,"Farragut Road, Columbia Road, Sixth Street, Lennon Street",South Boston,,Monuments,,,,,,,,No bathroom,,,Park not enclosed,No playground at this park,No playground at this park,,,On street,,,Columbua Road at Farragut Street,Columbia Park,South Boston,02127,0.001896690675939,0.000000150000858,
✔ Done,62,Commonwealth Avenue Mall,Commonwealth Ave Mall (east of Charlesgate),Commonwealth Ave btwn Arlington St & Charlesgate East,Back Bay/Beacon Hill,,Monuments,,,,,Y,Y,Tree shade,No bathroom,,,Park not enclosed,No playground at this park,No playground at this park,,,On street (permitted),,,Commonwealth Ave btwn Arlington St & Charlesgate East,Commonwealth Avenue Mall,Back Bay/Beacon Hill,"02115, 02116, 02215",0.047953488111084,0.000004806908466,
⚠ Active project,63,Commonwealth Avenue Mall Kenmore Block,Commonwealth Ave Mall (West of Charlesgate),Commonwealth Ave btwn Charlesgate West & Kenmore St,Fenway/Longwood,,,,,,,,,,,,,,,,,,,,,Commonwealth Ave btwn Charlesgate West & Kenmore St,Commonwealth Avenue Mall Kenmore Block,Fenway/Longwood,02215,0.004317868491129,0.000000429334318,"MULTIPOLYGON (((-71.092943446999982 42.348904000000061, -71.092948913999976 42.349027274000036, -71.092951444999983 42.349091313000031, -71.092952448999938 42.349123748000068, -71.094889429999967 42.349085306000063, -71.094880100999944 42.34886203800005, -71.092943446999982 42.348904000000061)))"
✔ Done,1001,Condor Street Beach (Urban Wild),,300 Condor St.,East Boston,,"Loop path, Seating area",,,,,Y,,,No bathroom,,,Park not enclosed,No playground at this park,No playground at this park,Pier viewing area,Spanish,On street,,,300 Condor St.,Condor Street Beach,East Boston,02128,0.006596027909684,0.000001213853935,
✔ Done,68,Cook Street Play Area,,15 Hill Street,Charlestown,,"Playground, Seating area",Y,,,,,Y,Tree shade,No bathroom,Solid,PIP rubber,Playground fully enclosed,"Transfer station, Ground level play, Play panels",Musical play,Accessible game table,,On street (permitted),,,15 Hill Street,Cook Street Play Area,Charlestown,02129,0.001064208649882,0.000000044836084,
✔ Done,69,Copley Square Park,Copley Square,560 Boylston Street,Back Bay/Beacon Hill,,"Ornamental fountain, Seating area, Grass area, Drinking fountain",Y,,Y,,,Y,Tree shade,No bathroom,,,Park not enclosed,No playground at this park,No playground at this park,,,,,,560 Boylston Street,Copley Square Park,Back Bay/Beacon Hill,02116,0.004748888892144,0.000000827826008,
✔ Done,71,Copp's Hill Burying Ground,,Opposite 34 Hull Str.,Central Boston,,No stair free access at this park,,,,,,,,No bathroom,,,Park partially enclosed,No playground at this park,No playground at this park,,,On street (permitted),,,Opposite 34 Hull Str.,Copp's Hill Burying Ground,Central Boston,02113,0.004298956059787,0.000000891459462,"MULTIPOLYGON (((-71.055122592999965 42.366977005000081, -71.055503384999952 42.367173422000064, -71.055427123999948 42.367298086000062, -71.055451442999981 42.367308045000073, -71.055340967999939 42.36747988500008, -71.055424426999934 42.367526166000061, -71.056310441999983 42.367985345000079, -71.056426582999961 42.367109533000075, -71.055344551999951 42.366695573000072, -71.055122592999965 42.366977005000081)))"
✔ Done,72,Copp's Hill Terrace,,536 Commericial Str.,Central Boston,,Seating area,Y,,,,,Y,Tree shade,No bathroom,,,Park partially enclosed,No playground at this park,No playground at this park,,,On street (permitted),,,536 Commericial Str.,Copp's Hill Terrace,Central Boston,02113,0.002248165263394,0.000000269251721,"MULTIPOLYGON (((-71.054878003999988 42.367878764000068, -71.05570135499994 42.36808205300008, -71.055749687999935 42.367802626000071, -71.055185569999935 42.367509331000065, -71.054878003999988 42.367878764000068)))"
✔ Done,70,Coppens Square,Rev. Francis X. Coppens Square; Eaton Square,325 Bowdoin Street,Dorchester,,"Monuments, Seating area",Y,,,,,Y,Tree shade,No bathroom,,,Park not enclosed,No playground at this park,No playground at this park,,,,,,325 Bowdoin Street,Coppens Square,Dorchester,02122,0.001598944808325,0.000000157771039,
✔ Done,73,Crawford Street Playground,,320 Walnut Avenue,Roxbury,,"Playground, Spray play, Athletic field, Drinking fountain",Y,Y,Y,Yes,Y,Y,Tree shade and shade shelter,No bathroom,Solid,PIP rubber,"Playground fully enclosed, Park partially enclosed","Stair-free access all levels, Wheelchair access to slide, Play panels, Transfer station","Dish swing, Musical play",,,,,,320 Walnut Avenue,Crawford Street Playground,Roxbury,02121,0.006888934420113,0.000001165410490,
✔ Done,74,Cuneo Park,Saratoga St. Play Area,765 Saratoga Street,East Boston,,"Playground, Seating area",Y,Y,Y,,,Y,Tree shade,No bathroom,Solid,PIP rubber,"Park partially enclosed, Playground partially enclosed","Transfer station, Play panels","Dish swing, Musical play, Sensory panel",,,On street,"Bennington St @ Byron St, 351 ft",,765 Saratoga Street,Cuneo Park,East Boston,02128,0.001304326486447,0.000000102056293,"MULTIPOLYGON (((-71.016507616999945 42.383624879000081, -71.016673935999961 42.383869646000051, -71.017010286999948 42.38374636900005, -71.016885363999961 42.383566777000055, -71.016866381999932 42.383539959000075, -71.016841396999951 42.38350420300003, -71.016507616999945 42.383624879000081)))"
✔ Done,75,Cunningham Park,,725 Cambridge Street,Allston-Brighton,,Monuments,,,,,,,,No bathroom,,,Park not enclosed,No playground at this park,No playground at this park,,,On street,,,725 Cambridge Street,Cunningham Park,Allston-Brighton,02135,0.001465140932583,0.000000079457678,"MULTIPOLYGON (((-71.147407394999959 42.350171571000033, -71.147820529999933 42.350272222000058, -71.148013706999961 42.349934628000028, -71.147407394999959 42.350171571000033)))"
✔ Done,77,Cutillo Park,Vincent Cutillo Park; Stillman Street Park,10 Stillman Street,Central Boston,,"Basketball court, Playground, Drinking fountain, Entrance, Fitness equipment, Seating area, Public art",,Y,Y,,Y,Y,Tree shade,,Solid,PIP rubber,"Playground partially enclosed, Park not enclosed",Play panels,No sensory play elements,Tic-tac-toe panel,,,,,10 Stillman Street,Cutillo Park,Central Boston,02113,0.001648273868016,0.000000127969523,
✔ Done,242,Daniel E. O'Connor Park,Doucette Square;  Port Norfolk Park,,Dorchester,,Grass area,,,,,,,,No bathroom,,,Park not enclosed,No playground at this park,No playground at this park,,,,,,Redfield St at Water St,Daniel E. O'Connor Park,Dorchester,02122,0.001068765225956,0.000000059704865,
✔ Done,81,DeFilippo Playground,Pvt. John DeFilippo Playground; Snow Hill Street Playground; ""The Gassy"",135 Prince Street,Central Boston,,"Playground, Street hockey, Basketball court, Tennis backboard, Multisport half-court, Seating area",Y,Y,Y,,,Y,Tree shade,No bathroom,Solid,PIP rubber,"Playground fully enclosed, Park partially enclosed","Molded bucket seat swing, Transfer station, Play panels",No sensory play elements,,,On street,,,135 Prince Street,DeFilippo Playground,Central Boston,02113,0.003006305147858,0.000000494512012,"MULTIPOLYGON (((-71.056572316999961 42.366157691000069, -71.056586191999941 42.36641897800007, -71.056575189999933 42.366677216000028, -71.056541716999959 42.367043534000061, -71.057413681999947 42.366612959000065, -71.057084779999968 42.366251236000039, -71.05706306999997 42.36622892400004, -71.056980139999951 42.36616394300006, -71.056728298999985 42.366001465000068, -71.056572316999961 42.366157691000069)))"
✔ Done,1029,DeForest Urban Wild,Deforest Street Urban Wild,,Hyde Park,,No stair free access at this park,,,,,,,,,,,,No playground at this park,No playground at this park,,,,,,70 Deforest St,DeForest Urban Wild,Hyde Park,02136,0.003605182898310,0.000000452115083,
✔ Done,84,Dell Rock (Urban Wild),,40 Dell Avenue,Hyde Park,,No stair free access at this park,,,,,,Y,Tree shade,No bathroom,,,Park not enclosed,No playground at this park,No playground at this park,,,On street,,,40 Dell Avenue,Dell Rock,Hyde Park,02136,0.003853624209676,0.000000594670399,
✔ Done,85,Dennis Street Park,Moreland Green,138 Moreland Street,Roxbury,,"Loop path, Playground, Spray play",,Y,,Yes,Y,Y,Tree shade,No bathroom,Solid,PIP rubber,"Playground fully enclosed, Park partially enclosed","Play panels, Transfer station",No sensory play elements,,,On street,,,138 Moreland Street,Dennis Street Park,Roxbury,02119,0.002418688085522,0.000000303023888,
✔ Done,87,Doherty Playground,,349 Bunker Hill Street,Charlestown,Y,"Playground, Seating area, Dog park, Spray play",Y,Y,Y,Yes,Y,Y,Tree shade and shade shelter,No bathroom,Solid,PIP rubber,"Park partially enclosed, Playground not enclosed",Play panels,No sensory play elements,,,On street,"Bunker Hill St @ St Martin St, 203 ft",,349 Bunker Hill Street,Doherty Playground,Charlestown,02129,0.005318676212419,0.000001023661074,"MULTIPOLYGON (((-71.066569919999949 42.382781123000029, -71.067565913999942 42.383198031000063, -71.06852202999994 42.381974061000051, -71.067934198999978 42.381685756000024, -71.067039714999964 42.382878679000044, -71.066626667999969 42.382707518000075, -71.066569919999949 42.382781123000029)))"
✔ Done,88,Doherty/Gibson Playground,Townfield,1545 Dorchester Avenue,Dorchester,,"Baseball diamond, Basketball court, Field viewing area, Playground, Spray play, Seating area",Y,Y,Y,Yes,,Y,Tree shade,No bathroom,Solid,PIP rubber,"Playground partially enclosed, Park partially enclosed",Transfer station,Dish swing,,Spanish,On street,,,1545 Dorchester Avenue,Doherty/Gibson Playground,Dorchester,02124,0.006402008824628,0.000002530072849,
✔ Done,90,Dorchester Park,,2180 Dorchester Avenue,Dorchester,Y,"Playground, Seating area, Tennis court",Y,Y,,,,Y,Tree shade,No bathroom,Solid,PIP rubber,"Park not enclosed, Playground not enclosed","Molded bucket seat swing, Transfer station","Musical play, Friendship swing",,,On street,"Dorchester Ave opp Valley Rd, 0.1 miles",,2180 Dorchester Avenue,Dorchester Park,Dorchester,02124,0.022038275102144,0.000012230240336,
✔ Done,174,Doris F. Tillman Playground,Lambert Avenue Playground,45 Lambert Avenue,Roxbury,,"Playground, Spray play",Y,,Y,Yes,,Y,Tree shade,No bathroom,Solid,PIP rubber,Park partially enclosed,"Ground level play, Molded bucket seat swing, Transfer station",No sensory play elements,,,On street,,,45 Lambert Avenue,Lambert Avenue Playground,Roxbury,02119,0.002239820850595,0.000000292637087,"MULTIPOLYGON (((-71.090201006999962 42.327305293000052, -71.090718250999942 42.327561281000044, -71.090954513999975 42.327280398000028, -71.091094004999945 42.327115440000057, -71.090684550999981 42.326912810000067, -71.090201006999962 42.327305293000052)))"
✔ Done,92,Downer Avenue Playground,,40 Downer Avenue,Dorchester,,"Playground, Multisport half-court, Seating area, Dog park, Fitness equipment, Game table",,Y,Y,,Y,Y,Tree shade,No bathroom,Solid,PIP rubber,"Park partially enclosed, Playground not enclosed","Play panels, Transfer station",Sensory panel,,,On street,"Hancock St @ Bowdoin St, 0.3 miles",,40 Downer Avenue,Downer Avenue Playground,Dorchester,02125,0.003035599222126,0.000000336578611,"MULTIPOLYGON (((-71.061115990999951 42.311416902000076, -71.062088400999983 42.311931379000043, -71.062344337999946 42.311809794000055, -71.06226586799994 42.311773543000072, -71.062141074999943 42.311670036000066, -71.061225564999972 42.311123480000049, -71.061095629999954 42.311411910000061, -71.061115990999951 42.311416902000076)))"
✔ Done,93,Draper Playground,,5265 Washington Street,West Roxbury,,"Baseball diamond, Basketball court, Playground",Y,,Y,,,Y,Tree shade,No bathroom,Solid,PIP rubber,"Park not enclosed, Playground partially enclosed","Play panels, Transfer station",No sensory play elements,,,"On street, Parking lot",,,5265 Washington Street,Draper Playground,West Roxbury,02132,0.007909742012021,0.000002588567766,
⚠ Active project,94,Dudley Town Common,,"366-378 Dudley Street
421-425 Dudley Street",Roxbury,,,,,,,,,,,,,,,,,,,,,"366-378 Dudley Street
421-425 Dudley Street",Dudley Town Common,Roxbury,02119,0.003053710911067,0.000000272762447,
✔ Done,98,East Boston Memorial Park,Satori Stadium,143 Porter St,East Boston,,"Athletic field, Baseball diamond, Basketball court, Tennis court, Playground, Spray play, Seating area, Loop path",Y,Y,Y,Yes,Y,Y,Tree shade and shade shelter,Portable toilet,Solid & Loose,"Engineered wood fiber, PIP rubber","Playground partially enclosed, Park partially enclosed","Molded bucket seat swing, Ground level play, Transfer station",Sensory panel,Accessible game table,,Parking lot,,,143 Porter St,East Boston Memorial Park*,East Boston,02128,0.028753647420523,0.000010039037748,
✔ Done,99,Edgerly Road Playground,,6 Edgerly Road,Fenway/Longwood,,"Playground, Spray play",Y,,Y,Yes,,Y,Tree shade,No bathroom,Solid,PIP rubber,Playground fully enclosed,Play panels,Dish swing,,,On street,"Massachusetts Ave @ Boylston St, 0.2 miles",,6 Edgerly Road,Edgerly Road Playground,Fenway/Longwood,02115,0.000941114201354,0.000000054471082,
✔ Done,353,Egleston Square Peace Garden,,3131 Washington Street,Jamaica Plain,,Seating area,,,,,,Y,Tree shade,No bathroom,,,,No playground at this park,No playground at this park,,,,,,3131 Washington Street,Egleston Square Peace Garden,Jamaica Plain,02130,0.000928195712631,0.000000051661205,
✔ Done,10001,El Parquesito de la Hermandad (Franklin Park),,450 Walnut Avenue,Jamaica Plain,,Playground,Y,Y,Y,,,Y,Tree shade,No bathroom,Solid,PIP rubber,Playground partially enclosed,"Ground level play, Molded bucket seat swing, Play panels, Transfer station",No sensory play elements,,Spanish,On street,,, ,El Parquesito (Franklin Park),Jamaica Plain,02130,0.001937944898318,0.000000241585610,"MULTIPOLYGON (((-71.097283994999941 42.311954220000075, -71.097047033999957 42.311685319000048, -71.096586816999945 42.311649216000035, -71.096524047999935 42.311887281000054, -71.096677281999973 42.312036747000036, -71.096864779999976 42.312112653000042, -71.097067761999938 42.312078876000044, -71.097283994999941 42.311954220000075)))"
✔ Done,104,Elliot Norton Park,,295 Tremont Street,Central Boston,,"Ping pong, Playground, Seating area",Y,Y,Y,,,Y,Tree shade,No bathroom,Solid,PIP rubber with play mounds,"Playground fully enclosed, Park not enclosed","Wheelchair access to slide, Play panels",Musical play,,,On street,"285 Tremont St, 187 ft",,295 Tremont Street,Elliot Norton Park,Central Boston,02116,0.003864803017227,0.000000434468322,
✔ Done,105,Elm Hill Park,,21P Elm Hill Park,Roxbury,,"Grass area, Public art",,,,,,,,No bathroom,,,Park fully enclosed,No playground at this park,No playground at this park,,,,,,21P Elm Hill Park,Elm Hill Park,Roxbury,02121,0.002088666015966,0.000000052109257,
✔ Done,106,Elmhurst Street Park,,27-35 Elmhurst Street,Dorchester,,"Seating area, Spray play, Public art, Playground",,,Y,Yes,,Y,Tree shade,No bathroom,Solid,PIP rubber,Playground partially enclosed,"Transfer station, Ground level play",No sensory play elements,,,On street,,,27-35 Elmhurst Street,Elmhurst Street Park,Dorchester,02124,0.001401333797723,0.000000103745954,
✔ Done,107,English H.S. Athletic Fields,,20 Williams Street,Jamaica Plain,,"Baseball diamond, Basketball court, Football field, Soccer field, Tennis court, Pickleball court, Seating area, Athletic field",,,,,,,,No bathroom,,,Park not enclosed,No playground at this park,No playground at this park,,,Parking lot (accessible),,,20 Williams Street,English H.S. Athletic Fields,Jamaica Plain,02130,0.011542862359490,0.000003373140807,
✔ Done,108,Erie/Ellington Playground,,125 Erie Street,Dorchester,,"Fitness equipment, Loop path, Playground, Spray play",Y,Y,Y,Yes,Y,Y,Tree shade,No bathroom,Solid,PIP rubber,"Park partially enclosed, Playground partially enclosed",Play panels,"Dish swing, Sensory panel",,,,,,125 Erie Street,Erie/Ellington Playground,Dorchester,02121,0.001938346416586,0.000000163709508,"MULTIPOLYGON (((-71.08301970399998 42.301368142000058, -71.083306342999947 42.301552709000077, -71.083426833999965 42.301451666000048, -71.08356037599998 42.301339389000077, -71.083695229999933 42.30141625300007, -71.083828533999963 42.301284916000043, -71.083729157999983 42.301228395000066, -71.083520815999975 42.301104123000073, -71.083328825999956 42.30120757800006, -71.083171268999934 42.301290906000077, -71.08301970399998 42.301368142000058)))"
✔ Done,109,Ernst Chery Jr. Playground,Orlando Street Playground,74 Orlando Street,Mattapan,,"Spray play, Playground",,,Y,Yes,,Y,Tree shade,No bathroom,Solid,PIP rubber,Park fully enclosed,Transfer station,No sensory play elements,,,On street,,,74 Orlando Street,Ernst Chery Jr. Playground,Mattapan,02126,0.001315836998615,0.000000103325207,
❌ Not completed yet,110,Evergreen Cemetery,,2060 Commonwealth Avenue,Allston-Brighton,,,,,,,,,,,,,,,,,,,,,2060 Commonwealth Avenue,Evergreen Cemetery,Allston-Brighton,02135,0.012868684637229,0.000009057494622,
✔ Done,111,Fairview Cemetery,,28 Fairview Avenue,Hyde Park,,"Loop path, Monuments",,,,,,,,Portable toilet,,,Park not enclosed,No playground at this park,No playground at this park,,,,,,28 Fairview Avenue,Fairview Cemetery,Hyde Park,02136,0.027030100769119,0.000027423821256,
✔ Done,112,Fallon Field,,910 South Street,Roslindale,,"Playground, Tennis court, Basketball court, Baseball diamond, Game table, Spray play",,Y,,Yes,,Y,Tree shade,No bathroom,Solid,PIP rubber,"Playground not enclosed, Park partially enclosed",Molded bucket seat swing,Dish swing,,,,,,910 South Street,Fallon Field,Roslindale,02131,0.008641057234753,0.000003330486958,
✔ Done,113,Faneuil Square,Faneuil Hall Sq.,1P Faneuil Hall Square,Central Boston,,"Seating area, Monuments, Public art",,Y,,,Y,,,No bathroom,,,Park not enclosed,No playground at this park,No playground at this park,,,,,,1P Faneuil Hall Square,Faneuil Square,Central Boston,02109,0.004209406694061,0.000000361210206,
✔ Done,311,Father Jack Play Area,"Msgr. John Roussin Park, Walnut Park Play Area",345 Walnut Avenue,Roxbury,,"Seating area, Playground, Spray play",Y,Y,Y,Yes,,Y,Tree shade and shade shelter,No bathroom,Solid,PIP rubber,Playground fully enclosed,"Molded bucket seat swing, Play panels, Transfer station","Dish swing, Sensory panel",,,On street,"Columbus Ave @ Walnut Ave, 0.2 miles",,345 Walnut Avenue,Father Jack Play Area,Roxbury,02119,0.001477826285177,0.000000141291210,
✔ Done,114,Fenelon Street Playground,,20 Fenelon Street,Dorchester,Y,Basketball court,Y,,,,,,,No bathroom,,,Park fully enclosed,No playground at this park,No playground at this park,,,On street,"Columbia Rd @ Seaver St, 0.2 miles",,20 Fenelon Street,Fenelon Street Playground,Dorchester,02121,0.001265056277304,0.000000085014959,"MULTIPOLYGON (((-71.079387795999935 42.303058842000041, -71.079456307999976 42.303158032000056, -71.079406914999936 42.303179356000044, -71.07955445999994 42.303361486000028, -71.079837545999965 42.30323592700006, -71.079642956999976 42.303077330000065, -71.079547673999969 42.302997451000067, -71.079387795999935 42.303058842000041)))"
✔ Done,115,Fern Square,"James F. Collins Square, Franklin Square",1 Fern Street,Allston-Brighton,,"Seating area, Little free library, Ping pong",,,,,,Y,Tree shade,No bathroom,,,Park partially enclosed,No playground at this park,No playground at this park,,,On street,,,1 Fern Street,Fern Square,Allston-Brighton,02134,0.000672300902272,0.000000019683108,
✔ Done,117,Fidelis Way Park,Overlook Park,19P Jette Court,Allston-Brighton,,"Basketball court, Playground",Y,,Y,,,Y,Tree shade,No bathroom,Solid & Loose,"PIP rubber, Engineered wood fiber","Park not enclosed, Playground not enclosed","Ground level play, Transfer station",No sensory play elements,,,On street,,,19P Jette Court,Fidelis Way Park,Allston-Brighton,02135,0.008743021099705,0.000002085765580,
✔ Done,118,Flaherty Park,,130 B Street,South Boston,Y,"Fitness equipment, Playground, Spray play",Y,Y,Y,Yes,Y,Y,Tree shade,No bathroom,Solid,PIP rubber,Park fully enclosed,Play panels,No sensory play elements,,,On street,"E Berkeley St @ Harrison Ave, 0.7 miles",,130 B Street,Flaherty Park,South Boston,02127,0.001374720145376,0.000000111428259,"MULTIPOLYGON (((-71.052777965999951 42.341871123000033, -71.053100773999972 42.342073658000061, -71.05333376599998 42.341877993000026, -71.053016821999961 42.341671655000027, -71.052777965999951 42.341871123000033)))"
✔ Done,119,Flaherty Playground,Cornwall,40 Cornwall Street,Jamaica Plain,Y,"Monuments, Seating area, Dog park, Drinking fountain, Entrance",Y,Y,Y,,,Y,Tree shade and shade shelter,No bathroom,Solid,PIP rubber,"Park partially enclosed, Playground not enclosed","Stair-free access all levels, Transfer station, Play panels, Molded bucket seat swing",No sensory play elements,,Spanish,On street,,,40 Cornwall Street,Flaherty Playground,Jamaica Plain,02130,0.003184072844944,0.000000584140700,"MULTIPOLYGON (((-71.104429181999933 42.312076897000054, -71.104987183999981 42.311545195000065, -71.104655213999933 42.311393341000041, -71.104581257999939 42.311358981000069, -71.104259823999939 42.311253408000027, -71.10422497199994 42.311245292000081, -71.104040976999954 42.31144107700004, -71.103954860999977 42.311532478000061, -71.103683142999955 42.311820325000042, -71.103676565999933 42.311827292000032, -71.104429181999933 42.312076897000054)))"
✔ Done,157,Horatio Harris Park,,85 Harold Street,Roxbury,Y,"Monuments, Seating area, Loop path",Y,,,,Y,Y,Tree shade,No bathroom,,,Park partially enclosed,No playground at this park,No playground at this park,,,,,,85 Harold Street,Horatio Harris Park,Roxbury,02119,0.004260642574448,0.000001114632945,
✔ Done,120,Forbes Street Playground,,60 Forbes Street,Jamaica Plain,,"Playground, Seating area",Y,,,,,Y,Tree shade,No bathroom,Solid & Loose,"PIP rubber, Engineered wood fiber",Playground partially enclosed,Transfer station,No sensory play elements,,,On street,,,60 Forbes Street,Forbes Street Playground,Jamaica Plain,02130,0.000832226277337,0.000000037165419,"MULTIPOLYGON (((-71.105871868999941 42.32055151000003, -71.10590732199995 42.320599103000063, -71.105954058999941 42.320661845000075, -71.106210951999969 42.32055193900004, -71.106163269999968 42.320489373000044, -71.106127846999982 42.320442847000038, -71.105871868999941 42.32055151000003)))"
✔ Done,124,Franklin Park (excludes Playgrounds),,25 Pierpont Road,Roxbury,,"Playground, Loop path, Fitness equipment, Seating area, Game table",Y,,,,,,,,,,Park not enclosed,,,,,,,,"25 Pierpont Road 
155 Seaver Street (Tiffany Moore) 
450 Walnut Avenue (El Parquesito de la Hermandad) 
1 Franklin Park Drive (Zoo) 
1 Jewish War Mem Veteran's Dr (Club House) 
100 Jewish War Memorial Veteran's Dr (Mtce Yard) 
35 American Legion Hwy (Mot",Franklin Park (excludes Playgrounds),Roxbury,"02130, 02121",0.121455699199587,0.000171304295644,
✔ Done,126,Franklin Square,,1530 Washington Street,South End,,Ornamental fountain,,,,,,Y,Tree shade,No bathroom,,,Park partially enclosed,No playground at this park,No playground at this park,,Spanish,On street (permitted),,,1530 Washington Street,Franklin Square,South End,02118,0.004299261356285,0.000001097700386,"MULTIPOLYGON (((-71.071668044999967 42.338826115000074, -71.072413282999946 42.339450812000052, -71.073394085999951 42.338796881000064, -71.072648948999984 42.33817489200004, -71.071668044999967 42.338826115000074)))"
✔ Done,127,Frieda Garcia Park,,95-111 Clarendon Street,Back Bay/Beacon Hill,,"Seating area, Playground, Drinking fountain",Y,Y,Y,,,Y,Tree shade,No bathroom,Solid,PIP rubber,"Park partially enclosed, Playground fully enclosed",No accessible play elements,Dish swing,,,On street (permitted),,,95-111 Clarendon Street,Frieda Garcia Park,Back Bay/Beacon Hill,02116,0.001699407120649,0.000000118415094,"MULTIPOLYGON (((-71.073844810999958 42.348141547000068, -71.073804910999968 42.348060193000038, -71.07336956599994 42.348060372000077, -71.073274759999947 42.348059026000044, -71.073209739999982 42.348059177000039, -71.073071829999947 42.348173227000075, -71.073104074999947 42.348195210000029, -71.073157092999963 42.348231005000059, -71.073257727999987 42.348301866000043, -71.073844810999958 42.348141547000068)))"
✔ Done,130,Garvey Playground,William H. Garvey Playground,340 Neposet Avenue,Dorchester,,"Playground, Street hockey, Athletic field, Seating area, Basketball court, Fitness equipment, Spray play",Y,Y,Y,Yes,Y,Y,Tree shade and shade shelter,No bathroom,Solid,PIP rubber,"Park not enclosed, Playground not enclosed","Stair-free access all levels, Play panels, Transfer station, Wheelchair access to slide","Dish swing, Sensory panel",,,On street,"Neponset Ave opp Tolman St, 0.1 miles","Fields Corner, 1.3 miles",340 Neposet Avenue,Garvey Playground,Dorchester,02122,0.006440757984984,0.000002325398559,
✔ Done,136,General Edward O. Gourdin African-American Veterans Memorial Park,"Peace Park, Justice Gourdin Park I",2405 Washington Street,Roxbury,Y,"Monuments, Seating area",Y,,,,,Y,Tree shade,No bathroom,,,Park not enclosed,No playground at this park,No playground at this park,,,,,,2405 Washington Street,General Edward O. Gourdin African-American Veterans Memorial Park,Roxbury,02119,0.001952202987931,0.000000222986809,
✔ Done,1011,Geneva Cliffs (Urban Wild),,275 Geneva Avenue,Dorchester,,No stair free access at this park,,,,,,,,No bathroom,,,Park not enclosed,No playground at this park,No playground at this park,,,On street,,,275 Geneva Avenue,Geneva Cliffs,Dorchester,02121,0.004344092051882,0.000000794628224,
❌ Not completed yet,132,George Wright Golf Course,,"420 West Street 
260 West Street",Hyde Park,,,,,,,,,,,,,,,,,,,,,"420 West Street 
260 West Street",George Wright Golf Course,Roslindale,"02136, 02131",0.045461177767386,0.000068965371366,
✔ Done,133,Gibbons Playground,Delle Avenue Playground,23 Delle Avenue,Mission Hill,,"Entrance, Playground, Game table, Spray play",Y,Y,,Yes,Y,Y,Tree shade,No bathroom,Solid,PIP rubber,Playground partially enclosed,Play panels,"Dish swing, Musical play",Accessible game table,,On street,"Tremont St @ Sewall St, 331 ft",,23 Delle Avenue,Gibbons Playground,Mission Hill,02120,0.000896276370735,0.000000046368815,"MULTIPOLYGON (((-71.098229192999952 42.331262441000035, -71.098278420999975 42.331280149000065, -71.098333601999968 42.331299534000038, -71.098376732999952 42.331314772000042, -71.098535970999933 42.331085727000072, -71.098493661999953 42.33106932000004, -71.098439287999952 42.331048757000076, -71.098363067999969 42.331020943000055, -71.098229192999952 42.331262441000035)))"
✔ Done,1007,Gladeside Urban Wild,,12 Gladeside Terrace,Mattapan,,No stair free access at this park,,,,,,,,,,,,No playground at this park,No playground at this park,,,,,,12 Gladeside Terrace,Gladeside Urban Wild,Mattapan,02126,0.011008881172583,0.000004544540914,
✔ Done,135,Golden Stairs Terrace Park,Terrace Park,10 Brigham Street,East Boston,,Ornamental garden,Y,,,,,Y,Tree shade,No bathroom,,,Park not enclosed,No playground at this park,No playground at this park,,,,,,10 Brigham Street,Golden Stairs Terrace Park*,East Boston,02128,0.001141842377977,0.000000075404676,"MULTIPOLYGON (((-71.03402054299994 42.364769681000041, -71.033882505999941 42.364945789000046, -71.034018912999954 42.365007690000027, -71.034071998999934 42.365031662000035, -71.034134666999933 42.365060056000061, -71.034200189999979 42.365089741000077, -71.034336502999963 42.364915245000077, -71.034271335999961 42.364885223000044, -71.034209006999959 42.364856511000028, -71.034156261999954 42.364832220000039, -71.03402054299994 42.364769681000041)))"
✔ Done,137,Granary Burying Ground,,95 Tremont Street,Central Boston,,Monuments,,,,,,,,,,,Park partially enclosed,No playground at this park,No playground at this park,,,On street (permitted),,,95 Tremont Street,Granary Burying Ground,Central Boston,02108,0.003769755308074,0.000000821118432,
✔ Done,139,Grove Hall Plaza,,461-465 Blue Hill Avenue,Roxbury,,Seating area,Y,,,,,,,No bathroom,,,Park not enclosed,No playground at this park,No playground at this park,,,On street,,,461-465 Blue Hill Avenue,Grove Hall Plaza,Roxbury,02121,0.000942059693846,0.000000039039280,"MULTIPOLYGON (((-71.083043989999965 42.309107148000066, -71.083366671999954 42.30924764100007, -71.08343451199994 42.309158928000045, -71.083094775999939 42.309011656000052, -71.083043989999965 42.309107148000066)))"
✔ Done,141,Hannon Playground,Mary Hannon Plgd,621 Dudley Street,Roxbury,,"Amphitheater, Fitness equipment, Basketball court, Loop path, Playground, Little free library, Spray play",Y,Y,Y,Yes,,Y,Tree shade and shade shelter,No bathroom,Solid,PIP rubber,"Playground fully enclosed, Park not enclosed","Molded bucket seat swing, Play panels","Musical play, Sensory panel",,,On street,"Dudley St @ Howard Ave, 174 ft",,621 Dudley Street,Hannon Playground,Roxbury,02125,0.003772293778643,0.000000869484798,
✔ Done,142,Harambee Park,Franklin Field,930 Blue Hill Avenue,Dorchester,,"Playground, Basketball court, Netball court, Baseball diamond, Soccer field, Football field, Game table, Seating area, Free sunscreen station, Spray play, Loop path",Y,Y,Y,Yes,,Y,Tree shade,Portable toilet,Solid,PIP rubber,"Park not enclosed, Playground not enclosed","Stair-free access all levels, Transfer station, Molded bucket seat swing, Play panels, Wheelchair access to slide, Wheelchair merry-go-round","Dish swing, Musical play",,,On street,"Ames St @ Westview St, 331 ft away.","Talbot Ave, 0.4 miles",930 Blue Hill Avenue,Harambee Park,Dorchester,02124,0.021372705682754,0.000019767263811,
✔ Done,143,Hardiman Playground,PFC Kevin B. Hardiman Playground; Tar Park,380 Faneuil Street,Allston-Brighton,,"Little league diamond, Playground, Spray play, Basketball court",Y,,Y,Yes,,Y,Tree shade,No bathroom,Solid & Loose,"PIP rubber, Engineered wood fiber","Playground fully enclosed, Park partially enclosed",Transfer station,No sensory play elements,,,On street,,,380 Faneuil Street,Hardiman Playground,Allston-Brighton,02135,0.003489442064265,0.000000651384424,"MULTIPOLYGON (((-71.165695362999941 42.351016009000034, -71.165679122999961 42.351126427000054, -71.165660561999971 42.351239540000051, -71.165643115999956 42.351348243000075, -71.165627001999951 42.351457762000052, -71.165609551999978 42.351567276000026, -71.165581010999972 42.351754362000065, -71.166311228999973 42.351541765000036, -71.166733621999981 42.351401285000065, -71.166799149999974 42.351035238000065, -71.16570530499996 42.350949237000066, -71.165695362999941 42.351016009000034)))"
✔ Done,144,Harriet Tubman Square,"Tubman Sq, Columbus Square",450 Columbus Avenue,South End,,Monuments,,,,,,Y,Tree shade,No bathroom,,,Park partially enclosed,No playground at this park,No playground at this park,,,On street (permitted),,,450 Columbus Avenue,Harriet Tubman Square,South End,02116,0.001216040337432,0.000000062686127,
✔ Done,147,Hayes Park,,158 Warren Avenue,South End,,"Playground, Ornamental garden",Y,,,,,Y,Tree shade,No bathroom,Loose,Sand,"Playground not enclosed, Park partially enclosed","Transfer station, Ground level play, Play panels",No sensory play elements,,,On street,,,158 Warren Avenue,Hayes Park,South End,02116,0.001414726481336,0.000000121668042,"MULTIPOLYGON (((-71.075231713999983 42.343664426000032, -71.075353278999955 42.343946961000029, -71.075742309999953 42.343840287000035, -71.075609851999957 42.343558758000029, -71.075231713999983 42.343664426000032)))"
✔ Done,148,Hayes Square,,45 Bunker Hill Street,Charlestown,,Monuments,Y,,,,,Y,Tree shade,No bathroom,,,Park not enclosed,No playground at this park,No playground at this park,,,On street,,,45 Bunker Hill Street,Hayes Square,Charlestown,02129,0.001216394845296,0.000000077286677,
✔ Done,149,Healy Playground,,160 Florence Street,Roslindale,,"Community garden, Basketball court, Playground, Game table, Spray play",Y,Y,Y,Yes,Y,Y,Tree shade,No bathroom,Solid,PIP rubber,Park not enclosed,"Play panels, Wheelchair merry-go-round","Water sensory , Sensory panel, Musical play",,,"On street, Parking lot (accessible)",,"Washington St @ Firth Rd, 0.3 miles",160 Florence Street,Healy Playground,Roslindale,02131,0.009362857311323,0.000004242693216,
✔ Done,151,Hemenway Playground,,540 Adams Street,Dorchester,Y,"Baseball diamond, Playground, Basketball court, Loop path",Y,,Y,,Y,Y,Tree shade,Portable toilet,Solid,PIP rubber,"Park not enclosed, Playground partially enclosed","Molded bucket seat swing, Wheelchair access to slide, Play panels, Transfer station",No sensory play elements,,,On street,"Adams St opp Lonsdale St, 167 ft",,540 Adams Street,Hemenway Playground,Dorchester,02122,0.005727797327285,0.000001947797925,
✔ Done,152,Highland Park,,58 Beech Glen Street,Roxbury,,"Monuments, Loop path, Seating area",,,Y,,Y,Y,Tree shade,No bathroom,,,Park not enclosed,No playground at this park,No playground at this park,,,On street,,,58 Beech Glen Street,Highland Park,Roxbury,02119,0.004894373232364,0.000001601300677,
✔ Done,153,Hiscock Park,,168 West Newton Street,South End,,Seating area,Y,,,,,Y,Tree shade,No bathroom,,,Park partially enclosed,No playground at this park,No playground at this park,,,On street,,,168 West Newton Street,Hiscock Park,South End,02118,0.000937382871516,0.000000046756524,"MULTIPOLYGON (((-71.078000963999955 42.342680491000067, -71.078044391999981 42.342724910000072, -71.078127600999949 42.34280990700006, -71.078371946999937 42.342615816000034, -71.078331422999952 42.342574316000025, -71.078287992999947 42.34252989600003, -71.078000963999955 42.342680491000067)))"
✔ Done,154,Hobart Park,,85 Hobart Street,Allston-Brighton,,"Basketball court, Playground, Game table, Spray play",Y,Y,Y,Yes,,,,,Solid & Loose,"Engineered wood fiber, PIP rubber","Park partially enclosed, Playground not enclosed",Transfer station,No sensory play elements,,,On street,,,85 Hobart Street,Hobart Park,Allston-Brighton,02135,0.002457513163523,0.000000359527518,"MULTIPOLYGON (((-71.161011413999972 42.356056817000081, -71.161433588999955 42.356127943000047, -71.161521414999982 42.355771985000047, -71.161613576999969 42.355410283000026, -71.16107636199996 42.355315647000054, -71.161011413999972 42.356056817000081)))"
✔ Done,158,Howes Playground,Gertrude Howes Plgd,68 Moreland Street,Roxbury,,"Playground, Loop path, Seating area, Fitness equipment, Game table",Y,Y,,,Y,Y,Tree shade and shade shelter,No bathroom,,,"Park partially enclosed, Playground fully enclosed",No accessible play elements,No sensory play elements,,,,,,68 Moreland Street,Howes Playground,Roxbury,02119,0.003955016902901,0.000000836546937,"MULTIPOLYGON (((-71.077913697999975 42.324305244000072, -71.078077280999935 42.324379598000064, -71.078689974999975 42.32480182900008, -71.079506403999972 42.324160918000075, -71.078555162999976 42.323751415000061, -71.078320062999978 42.324052354000059, -71.078161430999955 42.323986231000049, -71.077913697999975 42.324305244000072)))"
✔ Done,6,Hunt Playground,Almont Park,40 Almont Street,Mattapan,,"Tennis court, Playground, Soccer field, Basketball court, Loop path, Pickleball court, Fitness equipment, Game table, Spray play, Community garden",Y,Y,Y,Yes,Y,Y,Tree shade,No bathroom,Solid,PIP rubber,"Playground fully enclosed, Park not enclosed","Play panels, Transfer station, Ground level play","Dish swing, Musical play",,,,,,40 Almont Street,Hunt Playground,Mattapan,02126,0.015260801629812,0.000008363536458,
✔ Done,159,Hynes Playground,,502 VFW Parkway,West Roxbury,,"Baseball diamond, Basketball court, Fitness equipment, Playground, Seating area, Tennis court, Spray play",Y,Y,Y,Yes,Y,Y,Tree shade,No bathroom,Solid,PIP rubber,"Playground fully enclosed, Park not enclosed","Molded bucket seat swing, Transfer station, Play panels",Musical play,,,,,,502 VFW Parkway,Hynes Playground,West Roxbury,02132,0.006666770066112,0.000002834751783,
✔ Done,160,Iacono/Readville Playground,,150 Readville Street,Hyde Park,,"Playground, Seating area, Basketball court, Tennis court, Baseball diamond, Fitness equipment, Spray play",Y,Y,Y,Yes,Y,Y,Shade shelter,Portable toilet,Solid,PIP rubber,"Playground not enclosed, Park partially enclosed","Stair-free access all levels, Play panels, Transfer station",Sensory panel,,,On street,"Readville St @ Como Rd, 138 ft.",,150 Readville Street,Iacono/Readville Playground,Hyde Park,02136,0.006837671238676,0.000002203114134,
✔ Done,163,Jamaica Pond Park,Pine Bank,"345 Jamaica Way
507 Jamaica Way",Jamaica Plain,,"Boat dock, Fitness equipment, Loop path",Y,,Y,,Y,Y,Tree shade and shade shelter,Accessible portable toilet,,,Park not enclosed,No playground at this park,No playground at this park,Accessible fishing platform,,On street,Centre St @ Lochstead Ave 0.4 miles,,"345 Jamaica Way
507 Jamaica Way",Jamaica Pond Park,Jamaica Plain,02130,0.025321472237470,0.000043194181642,
✔ Done,156,James H. Roberts Playground,Hooker-Sorrento Street Playground; Roberts Playground,120 Hooker Str.,Allston-Brighton,,"Loop path, Playground, Spray play",Y,,Y,Yes,Y,Y,Tree shade,No bathroom,Solid,PIP rubber,"Park partially enclosed, Playground partially enclosed","Transfer station, Molded bucket seat swing, Play panels",No sensory play elements,,,,,,120 Hooker Str.,James H. Roberts Playground,Allston-Brighton,02134,0.002766454173604,0.000000444056718,
✔ Done,164,Jeep Jones Park,,221 Roxbury Street,Roxbury,,"Basketball court, Playground, Fitness equipment, Amphitheater, Game table, Public art, Spray play",Y,Y,Y,Yes,Y,Y,Tree shade,No bathroom,Solid,PIP rubber,"Park partially enclosed, Playground not enclosed","Play panels, Transfer station",Musical play,,Somali,Parking lot (accessible),"Malcolm X Blvd @ King St on bottom, 0.1 mile","Jackson Square , 0.7 miles",221 Roxbury Street,Jeep Jones Park,Roxbury,02119,0.003968524185921,0.000000803703768,
✔ Done,165,Jefferson Playground,,10 Grotto Glen Road,Jamaica Plain,,"Field viewing area, Basketball court, Playground, Baseball diamond",,,,,,Y,Tree shade,Portable toilet,Solid,PIP rubber,Park not enclosed,No accessible play elements,No sensory play elements,,,Parking lot,,,10 Grotto Glen Road,Jefferson Playground,Jamaica Plain,02130,0.005708827388854,0.000001503128613,
✔ Done,166,Jeremiah Hurley Memorial Park,Wolcott Square,0 (Zero) Wolcott Square,Hyde Park,,"Seating area, Monuments",Y,,,,,,,No bathroom,,,Park partially enclosed,No playground at this park,No playground at this park,,,On street,,,0 (Zero) Wolcott Square,Jeremiah Hurley Memorial Park,Hyde Park,02136,0.000830584674539,0.000000032208910,"MULTIPOLYGON (((-71.132193116999986 42.237344594000035, -71.132352755999989 42.237548795000066, -71.132385125999974 42.237548147000041, -71.132526301999974 42.237447882000026, -71.132524401999945 42.237426830000061, -71.132204276999971 42.237338617000034, -71.132193116999986 42.237344594000035)))"
✔ Done,145,John Harvard Mall,Harvard Mall,7D Main Street,Charlestown,,Playground,Y,Y,Y,,,Y,Tree shade,No bathroom,Solid,PIP rubber with play mounds,"Park partially enclosed, Playground not enclosed",Molded bucket seat swing,No sensory play elements,4-person seesaw,,On street (permitted),,,7D Main Street,John Harvard Mall,Charlestown,02129,0.003061261322911,0.000000359574260,
⚠ Active project,168,Joslin Park,,10 Joslin Place,Fenway/Longwood,,,,,,,,,,,,,,,,,,,,,10 Joslin Place,Joslin Park,Fenway/Longwood,02215,0.002218557277303,0.000000136130025,"MULTIPOLYGON (((-71.108250491999968 42.338183022000067, -71.109083706999968 42.338666633000059, -71.109187930999951 42.338567608000062, -71.108361022999986 42.338079721000042, -71.108250491999968 42.338183022000067)))"
✔ Done,169,Joyce Playground,,80 Union Street,Allston-Brighton,,"Basketball court, Playground, Spray play",Y,Y,Y,Yes,Y,Y,Tree shade,No bathroom,Solid,PIP rubber,"Park partially enclosed, Playground fully enclosed","Play panels, Transfer station","Dish swing, OmniSpin spinner",,,On street,,,80 Union Street,Joyce Playground,Allston-Brighton,02135,0.003377055685426,0.000000603428137,
✔ Done,170,King Street Play Area,Play Area #4,239 Roxbury Street,Central Boston,,Seating area,Y,,,,,Y,Tree shade,No bathroom,,,Park fully enclosed,No playground at this park,No playground at this park,,,On street,,,239 Roxbury Street,King Street Play Area,Roxbury,02119,0.001032118476553,0.000000055383415,"MULTIPOLYGON (((-71.092963079999947 42.330241424000064, -71.092599141999983 42.330243805000066, -71.092598303999978 42.330390204000025, -71.092961848999948 42.330399526000065, -71.092963079999947 42.330241424000064)))"
✔ Done,171,King's Chapel Burying Ground,,40 Tremont Street,Roxbury,,Monuments,,,,,,,,,,,Park partially enclosed,No playground at this park,No playground at this park,,,On street (permitted),,,40 Tremont Street,King's Chapel Burying Ground,Central Boston,02108,0.001795175311525,0.000000190934902,"MULTIPOLYGON (((-71.059655375999967 42.358083848000035, -71.059486784999933 42.358318197000074, -71.059919248999961 42.358526925000035, -71.060188959999948 42.35817507400003, -71.059695058999978 42.358028813000033, -71.059655375999967 42.358083848000035)))"
✔ Done,172,Kittredge Park,Alvah Kittredge Park,2P Kittredge Park,Roxbury,,"Monuments, Seating area",,Y,,,,Y,Tree shade,No bathroom,,,Park partially enclosed,No playground at this park,No playground at this park,,,On street,,,2P Kittredge Park,Kittredge Park,Roxbury,02119,0.001019808282810,0.000000051336335,
✔ Done,175,Langone Park,Joseph & Clementine Langone Park,529-543 Commercial Street,Central Boston,,"Playground, Fitness equipment, Loop path, Game table, Baseball diamond, Basketball court, Spray play",Y,Y,Y,Yes,Y,Y,Shade shelter,No bathroom,Solid,PIP rubber,"Park partially enclosed, Playground fully enclosed","Molded bucket seat swing, Play panels, Stair-free access all levels, Transfer station",No sensory play elements,,,On street,,,529-543 Commercial Street,Langone Park,Central Boston,02109,0.004597302309235,0.000000965906478,
✔ Done,177,Laviscount Park,Townsend Street Plaza,80 Humboldt Avenue,Roxbury,,"Fitness equipment, Loop path, Playground, Spray play",Y,Y,Y,Yes,Y,Y,Tree shade and shade shelter,No bathroom,Solid,PIP rubber,"Playground fully enclosed, Park partially enclosed","Play panels, Molded bucket seat swing, Transfer station",No sensory play elements,,,On street,,,80 Humboldt Avenue,Laviscount Park,Roxbury,02121,0.003582280534051,0.000000510065453,
✔ Done,101,Leo F. McCarthy Playground,"McCarthy-Eden Playground, Leo McCarthy Playground, Edwards Playground",10 Eden Street,Charlestown,,"Basketball court, Loop path, Playground, Game table, Street hockey",Y,Y,Y,,Y,Y,Tree shade,No bathroom,Solid,PIP rubber,"Playground fully enclosed, Park partially enclosed",Play panels,"Dish swing, Musical play",,,On street,,,10 Eden Street,Leo F. McCarthy Playground,Charlestown,02129,0.003346062010143,0.000000592214223,
✔ Done,178,Lincoln Square,Abraham Lincoln Square,2 Columbus Avenue,Central Boston,,Seating area,Y,,,,,Y,Tree shade,No bathroom,,,Park not enclosed,No playground at this park,No playground at this park,,,On street,,,2 Columbus Avenue,Lincoln Square Downtown,Central Boston,02116,0.000638892630347,0.000000024155084,
✔ Done,181,Little Scobie Playground,,36 Copeland Street,Roxbury,,"Basketball court, Playground, Seating area, Skate area",Y,Y,Y,,,Y,Tree shade,No bathroom,Solid,PIP rubber,"Playground partially enclosed, Park partially enclosed",Ground level play,Dish swing,,,On street,,,36 Copeland Street,Little Scobie Playground,Roxbury,02119,0.002667522765032,0.000000353502984,
✔ Done,182,LoPresti Park,,33 Sumner Street,East Boston,,"Basketball court, Dock viewing area, Fitness equipment, Monuments, Ping pong, Playground, Multisport half-court, Spray play, Seating area, Soccer field, Loop path",Y,Y,Y,Yes,Y,Y,Tree shade,No bathroom,Solid,PIP rubber,"Park not enclosed, Playground not enclosed",Transfer station,Musical play,,,On street,,,33 Sumner Street,LoPresti Park,East Boston,02128,0.008115576473071,0.000001430475459,
✔ Done,183,Madison Park H.S. Athletic Fields,,55 Malcolm X Boulevard,Roxbury,,"Tennis court, Basketball court, Athletic field, Field viewing area, Fitness equipment, Football field, Multisport half-court, Playground, Seating area, Loop path",Y,Y,Y,,,Y,Tree shade,Portable toilet,Solid,"PIP rubber, Rubber tiles","Park partially enclosed, Playground not enclosed","Transfer station, Ground level play",Musical play,Accessible field viewing area,,On street,,,55 Malcolm X Boulevard,Madison Park H.S. Athletic Fields,Roxbury,02120,0.008396222779442,0.000004246449361,
✔ Done,7273,Mahoney Park,West 1st West 2nd Street,2498 Beacon Street,South Boston,,Seating area,Y,Y,,,,Y,Tree shade,No bathroom,,,Park partially enclosed,No playground at this park,No playground at this park,,,On street,,,174 W Second St,Mahoney Park,South Boston,02127,0.001906958240751,0.000000168487565,"MULTIPOLYGON (((-71.051006378999944 42.342156007000028, -71.051120782999988 42.342229832000044, -71.051217962999942 42.342292542000052, -71.051487016999943 42.342067060000034, -71.051755965999973 42.341841645000045, -71.051545756999985 42.34170553000007, -71.051275681999982 42.341931093000028, -71.051006378999944 42.342156007000028)))"
✔ Done,186,Malcolm X Park,Washington Park,150 M L King Jr. Boulevard,Roxbury,,"Playground, Basketball court, Tennis court, Athletic field, Loop path, Grilling area, Seating area, Amphitheater, Fitness equipment, Spray play",Y,Y,Y,Yes,Y,Y,Tree shade and shade shelter,No bathroom,Solid,PIP rubber with play mounds,"Park not enclosed, Playground not enclosed","Stair-free access all levels, Molded bucket seat swing, Wheelchair merry-go-round, Play panels, Transfer station, Wheelchair access to slide","Dish swing, Roller slide, Musical play, Sensory panel",,Braille,On street,"Washington St @ ML King Blvd, 0.3 miles","Jackson Square, 0.7 miles",150 M L King Jr. Boulevard,Malcolm X Park,Roxbury,02119,0.014448443028020,0.000006736950439,
✔ Done,187,Marcella Playground,,260 Highland Street,Roxbury,,"Baseball diamond, Basketball court, Loop path, Playground, Tennis court, Spray play",Y,,Y,Yes,Y,Y,Tree shade,No bathroom,Solid,PIP rubber,"Playground partially enclosed, Park partially enclosed","Play panels, Transfer station","Dish swing, OmniSpin spinner",,,On street,,,260 Highland Street,Marcella Playground,Roxbury,02119,0.005771871597259,0.000002284933994,
✔ Done,333,Martin's Park,,64 Sleeper Steet,South Boston,Y,"Playground, Loop path, Baseball diamond, Free sunscreen station, Little free library, Spray play",Y,,Y,Yes,,Y,Tree shade and shade shelter,No bathroom,Solid,PIP rubber with play mounds,Playground fully enclosed,"Stair-free access all levels, Wheelchair access to slide, Play panels","Dish swing, Musical play",,,On street,"Seaport Blvd @ Sleeper St, 486 ft",,64 Sleeper Steet,Martin's Park,South Boston,02210,0.003256986221651,0.000000489251319,
✔ Done,189,Martin/Hilltop Playground,,95 Myrtlebank Avenue,Dorchester,,"Seating area, Playground",Y,Y,Y,,,Y,Tree shade and shade shelter,No bathroom,Solid,PIP rubber,"Playground fully enclosed, Park not enclosed","Ground level play, Molded bucket seat swing, Transfer station",Musical play,,,On street,,,95 Myrtlebank Avenue,Martin/Hilltop Playground,Dorchester,02124,0.003125876264436,0.000000580358631,"MULTIPOLYGON (((-71.052669421999951 42.279231135000032, -71.053047909999975 42.280090795000035, -71.053365901999939 42.280010033000053, -71.053676917999951 42.279931026000042, -71.053320957999972 42.279128401000037, -71.052669421999951 42.279231135000032)))"
⚠ Active project,97,Mary Ellen Welch Greenway,East Boston Greenway,44 Marginal Street,East Boston,,,,,,,,,,,,,,,,,,,,,44 Marginal Street,East Boston Greenway,East Boston,02128,0.017334622958388,0.000001548831068,
✔ Done,1023,Mattahunt Woods (Urban Wild),,20 Cannan Street (at Colorado Street),Mattapan,,Scenic trail,,,,,,,,No bathroom,,,Park not enclosed,No playground at this park,No playground at this park,,,On street,,,20 Cannan Street (at Colorado Street),Mattahunt Woods,Mattapan,02126,0.024211555998056,0.000003908799511,
✔ Done,191,McConnell Park,Savin Hill Playground,30 Denny Street,Dorchester,,"Baseball diamond, Dock viewing area, Loop path, Playground",Y,Y,Y,,Y,Y,Tree shade and shade shelter,Portable toilet,Solid,PIP rubber,"Playground fully enclosed, Park not enclosed","Stair-free access all levels, Play panels","Roller table, Musical play, Dish swing",,,Parking lot (accessible),"Auckland St @ Dewar St, 0.5 miles",,30 Denny Street,McConnell Park,Dorchester,02125,0.010688509829252,0.000002988140083,
✔ Done,192,McGann Park,,240 West Street,Hyde Park,,Playground,Y,Y,,,,,,,,,Playground fully enclosed,,,,,,,,240 West Street,McGann Park,Hyde Park,02136,0.002619229541509,0.000000354613015,"MULTIPOLYGON (((-71.127785514999971 42.263682517000063, -71.127750427999956 42.263765191000061, -71.127693161999957 42.263898611000059, -71.127636010999936 42.264033021000046, -71.12756312099998 42.264205643000025, -71.127556976999983 42.264219848000039, -71.127340429999947 42.264383520000081, -71.127785561999985 42.264704723000079, -71.128111270999966 42.264269918000025, -71.127785514999971 42.263682517000063)))"
⚠ Active project,193,McKinney Playground,,74 Faneuil Street,Allston-Brighton,,,,,,,,,,,,,,,,,,,,,74 Faneuil Street,McKinney Playground,Allston-Brighton,02135,0.006924114201733,0.000002605351704,
✔ Done,194,McLaughlin Playground,,239 Parker Hill Avenue,Mission Hill,,"Basketball court, Field viewing area, Little league diamond, Baseball diamond, Loop path, Playground",,,Y,,Y,Y,Tree shade,No bathroom,Solid & Loose,"PIP rubber, Engineered wood fiber","Playground partially enclosed, Park not enclosed",Transfer station,No sensory play elements,Accessible field viewing area,,On street,,,239 Parker Hill Avenue,McLaughlin Playground,Mission Hill,02120,0.014055582415542,0.000005158016984,
✔ Done,195,McLean Playground,,550 Bennington Street,East Boston,,Basketball court,Y,,,,,Y,Tree shade,No bathroom,,,Park partially enclosed,No playground at this park,No playground at this park,,,On street,,,550 Bennington Street,McLean Playground,East Boston,02128,0.001762924597681,0.000000188931724,"MULTIPOLYGON (((-71.018908318999934 42.382583312000065, -71.018990659999986 42.382705826000063, -71.019155507999983 42.382951127000069, -71.019566155999939 42.382797592000031, -71.019400919999953 42.382552295000039, -71.019318391999946 42.382429777000027, -71.018908318999934 42.382583312000065)))"
✔ Done,196,Medal of Honor Park,,775 East First Street,South Boston,,"Monuments, Playground, Spray play",Y,Y,Y,Yes,Y,Y,Tree shade,No bathroom,Solid,PIP rubber,"Park not enclosed, Playground fully enclosed","Ground level play, Molded bucket seat swing, Play panels, Transfer station","OmniSpin spinner, Musical play",,,On street,,,775 East First Street,Medal of Honor Park,South Boston,02127,0.006825712513441,0.000002733402563,"MULTIPOLYGON (((-71.031428424999945 42.337244437000038, -71.031420916999934 42.337291581000045, -71.031467523999936 42.33732301200007, -71.031537709999952 42.337251094000067, -71.033177187999968 42.337224812000045, -71.033257165999942 42.337289238000039, -71.033304155999986 42.337268992000077, -71.033296137999969 42.337220793000029, -71.033263572999942 42.33577901700005, -71.031374336999988 42.335798070000067, -71.031428424999945 42.337244437000038)))"
✔ Done,2202,Menino Park,"Mayor Thomas M. Menino Park, Parcel 5 Park, Spaulding Park",First Avenue & Sixteenth Street,Charlestown,,"Dock viewing area, Playground, Seating area, Spray play",Y,,Y,Yes,Y,Y,Tree shade and shade shelter,No bathroom,Solid,PIP rubber,Playground partially enclosed,"Molded bucket seat swing, Wheelchair merry-go-round, Play panels, Stair-free access all levels, Wheelchair swing, Wheelchair access to slide","Musical play, Sensory panel, Roller table, Roller slide",,,On street,"Thirteenth St @ Second Ave, 0.1 miles",,First Avenue & Sixteenth Street,Menino Park,Charlestown,02129,0.007093227515545,0.000002481293753,"MULTIPOLYGON (((-71.049457979999943 42.377916406000054, -71.047499492999975 42.376204684000072, -71.047429474999944 42.376642364000077, -71.04779797599997 42.378498021000041, -71.047966696999936 42.37885506300006, -71.049457979999943 42.377916406000054)))"
✔ Done,198,Millennium Park,Gardner Street Park,300 Gardner Street,West Roxbury,,"Entrance, Playground, Athletic field, Loop path, Fitness equipment, Little free library, Boat dock, Scenic trail",Y,Y,Y,,Y,Y,Tree shade and shade shelter,Accessible portable toilet,Solid,PIP rubber,"Park not enclosed, Playground partially enclosed","Wheelchair merry-go-round, Molded bucket seat swing, Wheelchair access to slide, Transfer station",Dish swing,Accessible field viewing area,,Parking lot (accessible),"Millennium Park, 167 ft",,300 Gardner Street,Millennium Park*,West Roxbury,02132,0.032116541710281,0.000040480958975,
✔ Done,1020,Millennium Shoreline (Urban Wild),,300 Gardner Street,West Roxbury,,No stair free access at this park,,,,,,,,,,,Park not enclosed,,,,Spanish,Parking lot,,,300 Gardner Street,Millennium Shoreline Urban Wild,West Roxbury,02132,0.008202525692287,0.000003880448946,
✔ Done,199,Mission Hill Playground,Sheehy-Smith Playground,60 Smith Street,Mission Hill,,"Basketball court, Playground, Seating area, Spray play",Y,Y,Y,Yes,Y,Y,Tree shade,No bathroom,Solid,PIP rubber,"Park not enclosed, Playground partially enclosed","Molded bucket seat swing, Transfer station, Play panels",Dish swing,,,On street (accessible),"Tremont St @ Saint Alphonsus St, 0.5 mi",,60 Smith Street,Mission Hill Playground,Mission Hill,02120,0.004980025715716,0.000001220447214,
✔ Done,200,Moakley Park,Joe Moakley Park;  Joseph Moakley Park; Columbus Park,1005 Columbia Road,South Boston,,"Loop path, Baseball diamond, Playground, Community garden, Basketball court, Street hockey, Tennis court, Stadium, Spray play",,,Y,Yes,Y,Y,Tree shade,Portable toilet,Solid,PIP rubber,"Playground fully enclosed, Park not enclosed","Molded bucket seat swing, Stair-free access all levels, Transfer station",No sensory play elements,"Accessible community garden, Sunscreen at entrance, Accessible skating rink",Braille,"On street, Parking lot (accessible)","Preble St @ Vinton St, 0.1 miles",,1005 Columbia Road,Moakley Park,South Boston,02127,0.021558882312406,0.000025979549415,
✔ Done,10003,Mothers' Rest Playground (inside Back Bay Fens),,35 The Fenway,Central Boston,,"Playground, Seating area",Y,,,,,,,No bathroom,,PIP rubber,Playground fully enclosed,"Ground level play, Wheelchair access to slide","Dish swing, Musical play",,,,,,35 The Fenway ,Mother's Rest Playground (inside Back Bay Fens),Fenway/Longwood,"02115, 02215",0.000873618206034,0.000000056486171,
✔ Done,205,Mother's Rest at Four Corners,,410 Washington Street,Dorchester,,"Fitness equipment, Spray play, Playground, Ping pong, Seating area",Y,Y,Y,Yes,,Y,Tree shade,No bathroom,Solid,PIP rubber,"Playground partially enclosed, Park partially enclosed","Molded bucket seat swing, Ground level play, Transfer station","Mini hammock, Water sensory",,,On street,,,410 Washington Street,Mother's Rest at Four Corners,Dorchester,02124,0.003236728644313,0.000000506393191,
✔ Done,14,Mount Hope Park,,464 Mt Hope Street,Roslindale,,"Seating area, Grass area",,,,,,,,,,,Park fully enclosed,No playground at this park,No playground at this park,,,On street,,,464 Mt Hope Street,Mount Hope Park,Roslindale,02131,0.000932697995038,0.000000048255252,"MULTIPOLYGON (((-71.118503794999981 42.284646372000054, -71.118774260999942 42.284832781000034, -71.118795346999946 42.284555988000079, -71.118624538999939 42.284548173000076, -71.118503794999981 42.284646372000054)))"
✔ Done,209,Mozart Street Playground,Holland Plgd,10 Mozart Street,Jamaica Plain,,"Amphitheater, Basketball court, Game table, Playground, Spray play",Y,Y,Y,Yes,Y,Y,Tree shade,No bathroom,Solid,PIP rubber,"Playground partially enclosed, Park partially enclosed","Transfer station, Play panels, Molded bucket seat swing",No sensory play elements,,,On street,,,10 Mozart Street,Mozart Street Playground,Jamaica Plain,02130,0.002395461033656,0.000000356377482,"MULTIPOLYGON (((-71.104477505999967 42.322046334000049, -71.104351397999949 42.322055713000054, -71.104231239999933 42.322064213000033, -71.104178439999941 42.32206853200006, -71.104194400999972 42.322193278000043, -71.104212837999967 42.322329646000071, -71.104219649999948 42.322384948000035, -71.104236973999946 42.32250528700007, -71.104264394999973 42.322718301000066, -71.104814722999947 42.322656094000081, -71.104729836999979 42.322028476000071, -71.104477505999967 42.322046334000049)))"
✔ Done,202,Msgr. Reynolds Playground,,5 Msgr. Reynolds Way,South End,,Playground,Y,Y,Y,,,Y,Tree shade,No bathroom,Solid,PIP rubber,Playground fully enclosed,"Play panels, Transfer station",Dish swing,,,On street,,,5 Msgr. Reynolds Way,Msgr. Reynolds Playground,South End,02118,0.001548723507722,0.000000141880209,"MULTIPOLYGON (((-71.070337892999987 42.340385464000065, -71.070269414999984 42.34050274100008, -71.070656136999958 42.340617689000055, -71.070905595999989 42.340450599000064, -71.070610531999932 42.340206372000068, -71.070337892999987 42.340385464000065)))"
✔ Done,207,Mt. Hope Cemetery,,355 Walk Hill Street,Roslindale,,"Monuments, Loop path",,,,,,,,No bathroom,,,,No playground at this park,No playground at this park,,,,,,355 Walk Hill Street,Mt. Hope Cemetery,Roslindale,02131,0.038044192631644,0.000055232401070,
✔ Done,208,Mt. Pleasant Play Area,,30 Mt. Pleasant Avenue,Roxbury,,"Playground, Spray play, Multisport half-court",Y,Y,Y,Yes,,Y,Tree shade,No bathroom,Solid,"PIP rubber, Rubber tiles",Park partially enclosed,"Ground level play, Transfer station, Play panels",No sensory play elements,Accessible game table,,On street,,,30 Mt. Pleasant Avenue,Mt. Pleasant Play Area,Roxbury,02119,0.001845985312935,0.000000176170085,
✔ Done,7277,Murphy Playground,,20 Child Street,Jamaica Plain,,"Athletic field, Softball diamond, Little league diamond, Soccer field, Spray play",Y,,Y,Yes,Y,Y,Tree shade,No bathroom,,,"Playground fully enclosed, Park partially enclosed",No playground at this park,No playground at this park,,Spanish,,,,20 Child Street,Murphy Playground,Jamaica Plain,02130,0.004578167497180,0.000001082218216,"MULTIPOLYGON (((-71.112812997999981 42.307833694000067, -71.114180800999975 42.307732013000077, -71.11416178099995 42.307534951000036, -71.113916491999987 42.307552888000032, -71.113824849999958 42.306830252000054, -71.112697646999948 42.30693932500003, -71.112812997999981 42.307833694000067)))"
✔ Done,212,Myrtle Street Playground,,50 Myrtle Street,Back Bay/Beacon Hill,,"Game table, Playground, Seating area",Y,Y,Y,,,Y,Tree shade,No bathroom,Solid,PIP rubber,"Park fully enclosed, Playground fully enclosed","Play panels, Transfer station",No sensory play elements,,,On street,,,50 Myrtle Street,Myrtle Street Playground,Back Bay/Beacon Hill,02114,0.001138602273331,0.000000071083354,"MULTIPOLYGON (((-71.065898693999941 42.359102303000043, -71.065900370999941 42.359285902000067, -71.066289679999954 42.359278345000064, -71.066280731999939 42.359095081000078, -71.066254236999953 42.359095466000042, -71.066176303999953 42.359096690000058, -71.066111596999974 42.359097495000071, -71.066056562999961 42.359097958000063, -71.065946045999965 42.35910004200008, -71.065898693999941 42.359102303000043)))"
✔ Done,213,Nellie Miranda Memorial Park,,39-41 Belden Street,Dorchester,,Playground,Y,,,,,Y,Tree shade,No bathroom,Solid,PIP rubber,Playground fully enclosed,"Transfer station, Ground level play",No sensory play elements,,,On street,,,39-41 Belden Street,Nellie Miranda Memorial Park,Dorchester,02125,0.000813702725163,0.000000038622658,"MULTIPOLYGON (((-71.065066533999982 42.318698446000042, -71.065029479999964 42.318757330000039, -71.065124246999972 42.318796812000073, -71.065128949999973 42.318824257000074, -71.065223599999968 42.318864658000052, -71.065282108999952 42.318786751000061, -71.065334691999965 42.318716383000037, -71.065112140999986 42.318626307000045, -71.065066533999982 42.318698446000042)))"
✔ Done,348,Newland Street Park,Newland Street Playground,"97 West Concord;  Playlot Entrance, 90HF Newland Street",South End,,Playground,Y,,,,,Y,Tree shade,No bathroom,Solid,PIP rubber,"Park partially enclosed, Playground partially enclosed",Transfer station,No sensory play elements,,,On street (permitted),,,"97 West Concord;  Playlot Entrance, 90HF Newland Street",Newland Street Park,South End,02118,0.001169112355546,0.000000067820369,"MULTIPOLYGON (((-71.075816234999934 42.339102642000057, -71.075722410999958 42.339168545000064, -71.075852309999959 42.339279446000035, -71.07595484899997 42.339213465000057, -71.076096200999984 42.339122505000034, -71.076197547999982 42.339057299000046, -71.076064519999989 42.338944979000075, -71.075973087999955 42.339005876000044, -71.075969249999957 42.339008426000078, -71.075860827999975 42.339080687000035, -71.075854556999957 42.339076211000076, -71.075816234999934 42.339102642000057)))"
✔ Done,214,Nira Rock (Urban Wild),,22 Nira Avenue,Jamaica Plain,,"Loop path, Little free library",,,,,,,,No bathroom,,,Park not enclosed,No playground at this park,No playground at this park,,,On street,,,22 Nira Avenue,Nira Rock,Jamaica Plain,02130,0.003917862954164,0.000000658003826,
✔ Done,7272,Nonquit Street Green,,695 701A Dudley Street and Nonquit Street,Dorchester,,"Public art, Seating area",Y,Y,Y,,,Y,Tree shade,No bathroom,,,Park fully enclosed,No playground at this park,No playground at this park,,,On street,,,695-709 Dudley St,Nonquit Street Green,Dorchester,02125,0.002100361184654,0.000000150465941,
✔ Done,216,Noyes Playground,,86 Boardman Street,East Boston,,"Playground, Baseball diamond, Basketball court, Fitness equipment, Loop path, Soccer field, Seating area, Softball diamond, Little league diamond, Spray play",Y,Y,Y,Yes,,Y,Tree shade,No bathroom,Solid,PIP rubber,"Playground not enclosed, Park partially enclosed","Molded bucket seat swing, Play panels","Dish swing, Musical play",,,On street,"Boardman St @ Ashley St, 171 ft",,86 Boardman Street,Noyes Playground,East Boston,02128,0.008657063970732,0.000003679681749,
✔ Done,219,O'Day Playground,,75 W Newton Street,South End,Y,"Amphitheater, Basketball court, Drinking fountain, Entrance, Game table, Monuments, Playground, Seating area, Spray play",,Y,Y,Yes,,Y,Tree shade,No bathroom,Solid,PIP rubber,"Playground fully enclosed, Park partially enclosed","Molded bucket seat swing, Transfer station",Musical play,"Accessible game table, Accessible basketball viewing area",,On street,,,75 W Newton Street,O'Day Playground,South End,02118,0.002317805906929,0.000000317299899,"MULTIPOLYGON (((-71.074864897999987 42.340650272000062, -71.075360492999948 42.341068219000078, -71.075564433999944 42.340931767000029, -71.075787619999971 42.34078467300003, -71.075294305999932 42.340370337000024, -71.074864897999987 42.340650272000062)))"
✔ Done,220,O'Donnell Square,,O'Donnell Square,Dorchester,,"Monuments, Seating area",,,,,,Y,Tree shade,No bathroom,,,Park partially enclosed,No playground at this park,No playground at this park,,,On street,,,4 Monsignor John J. O'Donnell Sq,O'Donnell Square,Dorchester,02122,0.001149694754373,0.000000026939999,
✔ Done,217,Oak Square,,430 Faneuil Street,Allston-Brighton,,Seating area,Y,,,,,Y,Tree shade,No bathroom,,,Park not enclosed,No playground at this park,No playground at this park,,,On street,,,430 Faneuil Street,Oak Square,Allston-Brighton,02135,0.001355975905599,0.000000103614897,
✔ Done,218,Oakview Terrace,,36P Oakview Terrace,Jamaica Plain,,,,,,,,Y,Tree shade,No bathroom,,,Park not enclosed,No playground at this park,No playground at this park,,,,,,36P Oakview Terrace,Oakview Terrace,Jamaica Plain,02130,0.000842410515068,0.000000044231385,
✔ Done,221,Olmsted Park,Daisy Field,217 Jamaicaway,Jamaica Plain,,"Baseball diamond, Scenic trail, Loop path",,,,,,,,No bathroom,,,Park not enclosed,No playground at this park,No playground at this park,,,"On street, Parking lot",,,217 Jamaicaway,Olmsted Park,Jamaica Plain,02130,0.027201696076398,0.000018927674606,
✔ Done,222,Orton Field,Condon Playground,200 D Street,South Boston,,"Athletic field, Basketball court",Y,,,,,,,No bathroom,,,Park fully enclosed,,,,,"On street, Parking lot",,,200 D Street,Orton Field,South Boston,02127,0.003217499463404,0.000000600378379,
✔ Done,223,Pagel Playground,,365 Hyde Park Avenue,Jamaica Plain,,"Playground, Soccer field, Seating area, Field viewing area",,,Y,,,Y,Tree shade,No bathroom,,Synthetic turf,"Park partially enclosed, Playground not enclosed",No accessible play elements,No sensory play elements,,,Parking lot (accessible),,,365 Hyde Park Avenue,Pagel Playground,Jamaica Plain,02131,0.004861387624859,0.000001200320739,
✔ Done,226,Paris Street Playground,,115 Paris Street,East Boston,,"Basketball court, Game table, Playground, Spray play",Y,Y,Y,Yes,,Y,Tree shade,No bathroom,Solid,PIP rubber,"Playground not enclosed, Park partially enclosed","Molded bucket seat swing, Play panels, Transfer station",No sensory play elements,,,On street,"Meridian St @ Havre St, 0.2 miles",,115 Paris Street,Paris Street Playground,East Boston,02128,0.003544030901140,0.000000559522613,
✔ Done,228,Parkman Memorial,,330 Perkins Street,Jamaica Plain,,Monuments,,,,,,,,No bathroom,,,Park not enclosed,No playground at this park,No playground at this park,,,On street,,,330 Perkins Street,Parkman Memorial,Jamaica Plain,02130,0.014606847604474,0.000002965506688,
✔ Done,229,Parkman Playground,,58 Wachusett Street,Jamaica Plain,,"Baseball diamond, Basketball court, Playground, Fitness equipment, Seating area, Spray play",Y,Y,Y,Yes,Y,Y,Tree shade and shade shelter,No bathroom,Solid,PIP rubber,"Playground fully enclosed, Park fully enclosed","Ground level play, Wheelchair access to slide","Dish swing, Musical play, Sensory panel",,,On street,"3867 Washington St opp Tollgate Way, 0.6 miles",,58 Wachusett Street,Parkman Playground,Jamaica Plain,02130,0.004090956654918,0.000000897475344,"MULTIPOLYGON (((-71.112322168999981 42.29620630200003, -71.112869455999942 42.296594682000034, -71.113927464999961 42.295709916000078, -71.11333723599995 42.295331893000025, -71.112322168999981 42.29620630200003)))"
✔ Done,230,Paul Gore Street Park,Paul Gore Street Garden;  Paul Gore Street Playground,60 Paul Gore Street,Jamaica Plain,,Community garden,,,,,,,,No bathroom,,,Park fully enclosed,No playground at this park,No playground at this park,,,On street,,,60 Paul Gore Street,Paul Gore Street Park,Jamaica Plain,02130,0.002538829949947,0.000000324399080,
✔ Done,231,Paul Revere Mall,The Prado;  Webster Avenue Playground,370 Hanover Street,Central Boston,,"Seating area, Public art, Ornamental fountain",Y,,Y,,Y,Y,Tree shade,No bathroom,,,Park not enclosed,No playground at this park,No playground at this park,,,On street,,,370 Hanover Street,Paul Revere Mall,Central Boston,02113,0.004015261394805,0.000000379099243,
❌ Not completed yet,7274,Paula Titus Park,,66 Fort Ave,Roxbury,,,,Y,,,,,,,,,,,,,,,,,66 Fort Ave,Paula Titus Park,Roxbury,02119,0.001200930170159,0.000000080608971,
✔ Done,232,Peabody Square,,2 Peabody Square,Dorchester,,"Ornamental garden, Seating area",,,,,,,,No bathroom,,,Park not enclosed,No playground at this park,No playground at this park,,,On street,,,2 Peabody Square,Peabody Square,Dorchester,02124,0.001028756534983,0.000000044890909,
✔ Done,263,Riverway,"contains Back Bay Yard, ""Sears Lot"" aka ""Sears Rotary""",440 Park Drive; 300 Park Drive (Sears Parcel),Fenway/Longwood,,"Loop path, Seating area",,,,,Y,Y,Tree shade,No bathroom,,,Park not enclosed,No playground at this park,No playground at this park,,,On street,,,440 Park Drive; 300 Park Drive (Sears Parcel),Riverway*,Fenway/Longwood,02215,0.040709006132034,0.000009939638774,
✔ Done,234,Penniman Road Play Area,Penniman-Hano Play Area,25 Penniman Road,Allston-Brighton,,"Basketball court, Playground, Seating area",Y,,,,,Y,Tree shade,No bathroom,Solid,PIP rubber,"Park partially enclosed, Playground partially enclosed","Ground level play, Transfer station",No sensory play elements,,,On street,,,25 Penniman Road,Penniman Road Play Area,Allston-Brighton,02134,0.003031625563936,0.000000407874665,
✔ Done,235,Peter Looney Park,Rutherford Union Playground,34 Union Street,Charlestown,,"Tennis court, Spray play, Playground, Seating area",Y,,Y,Yes,,Y,Tree shade,No bathroom,Solid,PIP rubber,Playground fully enclosed,"Ground level play, Transfer station",No sensory play elements,Accessible game table,,Parking lot,,,34 Union Street,Peter Looney Park,Charlestown,02129,0.002927232404435,0.000000295660103,
✔ Done,236,Peters Park,,230 Shawmut Avenue,South End,,"Tennis court, Basketball court, Dog park, Playground, Baseball diamond, Loop path",Y,,Y,,Y,Y,Tree shade,No bathroom,Solid,PIP rubber,"Playground fully enclosed, Park partially enclosed","Play panels, Transfer station",Sensory panel,Tennis/pickleball wall,,On street,,,230 Shawmut Avenue,Peters Park*,South End,02118,0.006193584954529,0.000001695054934,
✔ Done,237,Phillips Street Play Area,,21 Phillips Street,Back Bay/Beacon Hill,,"Seating area, Playground, Game table",Y,Y,,,,Y,Tree shade,No bathroom,Solid,PIP rubber,"Playground fully enclosed, Park partially enclosed",No accessible play elements,No sensory play elements,Accessible game table,,On street (permitted),,,21 Phillips Street,Phillips Street Play Area,Back Bay/Beacon Hill,02114,0.001120416298062,0.000000055788697,
✔ Done,240,Polcari Park,Capt. Louis Polcari Park; Prince Street Playground,45 Prince Street,Central Boston,,"Basketball court, Seating area",Y,,,,,Y,Tree shade,No bathroom,,,Park partially enclosed,No playground at this park,No playground at this park,,,On street,,,45 Prince Street,Polcari Park,Central Boston,02113,0.001691777689912,0.000000123366116,"MULTIPOLYGON (((-71.054119444999969 42.365162661000056, -71.05429331299996 42.365285869000047, -71.054495341999939 42.365110235000031, -71.054787460999933 42.36487396900003, -71.054617395999969 42.364768446000028, -71.054407293999986 42.364938355000049, -71.054119444999969 42.365162661000056)))"
✔ Done,241,Poplar Street Play Area,Hillside Play Area,245 Poplar Street,Roslindale,,Grass area,,,,,,,,No bathroom,,,Park not enclosed,No playground at this park,No playground at this park,,,,,,245 Poplar Street,Poplar Street Play Area,Roslindale,02131,0.001987168207283,0.000000192625916,"MULTIPOLYGON (((-71.126323222999986 42.280687432000036, -71.126244479999968 42.280761148000067, -71.126032368999972 42.280958697000074, -71.126306798999963 42.281068177000066, -71.12657685399995 42.280832776000068, -71.126701250999986 42.280729047000079, -71.126815901999976 42.280621480000036, -71.126573858999961 42.280470665000053, -71.126323222999986 42.280687432000036)))"
✔ Done,243,Portsmouth Street Playground,,35 Portsmouth Street,Allston-Brighton,,"Baseball diamond, Basketball court, Fitness equipment, Playground, Soccer field",Y,,,,,Y,Shade shelter,No bathroom,Solid,PIP rubber,"Playground fully enclosed, Park partially enclosed",Play panels,No sensory play elements,,,On street,,,35 Portsmouth Street,Portsmouth Street Playground,Allston-Brighton,02135,0.006298464917046,0.000001884459724,
✔ Done,244,Porzio Park,Jeffries Point Park,14 Jeffries Street,East Boston,,"Tennis court, Street hockey, Racquetball wall, Dog park, Seating area",Y,,,,,Y,Tree shade,No bathroom,Loose,Engineered wood fiber,"Playground fully enclosed, Park not enclosed",Play panels,Roller slide,Pier viewing area,,On street,,,14 Jeffries Street,Porzio Park,East Boston,02128,0.007612638815170,0.000001107527363,
✔ Done,245,Prescott Square,,2 Prescott Street,East Boston,,Seating area,,,,,,,,No bathroom,,,Park partially enclosed,No playground at this park,No playground at this park,,,On street,,,2 Prescott Street,Prescott Square,East Boston,02128,0.001626351951338,0.000000121524856,"MULTIPOLYGON (((-71.030552002999968 42.381159880000041, -71.030551177999939 42.381268814000066, -71.031217546999983 42.38127359300006, -71.031021134999946 42.380983920000062, -71.030552002999968 42.381159880000041)))"
✔ Done,246,Public Garden,,4 Charles Street,Back Bay/Beacon Hill,,"Ornamental fountain, Grass area, Loop path",Y,,,,Y,Y,Tree shade,No bathroom,,,Park partially enclosed,No playground at this park,No playground at this park,,,,,,4 Charles Street,Public Garden,Back Bay/Beacon Hill,"02108, 02116",0.013113145946116,0.000010395075529,
✔ Done,247,Puddingstone Park,,330 Seaver Street,Dorchester,,Seating area,,,,,,,,No bathroom,,,Park partially enclosed,No playground at this park,No playground at this park,,,On street,,,330 Seaver Street,Puddingstone Park,Dorchester,02121,0.002130816569921,0.000000242234936,
✔ Done,248,Puopolo Playground,,517 Commercial Street,Central Boston,,"Playground, Fitness equipment, Loop path, Game table, Baseball diamond, Basketball court, Spray play",Y,Y,Y,Yes,Y,Y,Shade shelter,No bathroom,Solid,PIP rubber,"Playground fully enclosed, Park not enclosed","Molded bucket seat swing, Play panels, Stair-free access all levels, Transfer station",No sensory play elements,,,On street,,,517 Commercial Street,Puopolo Playground,Central Boston,02109,0.005995397666863,0.000001173771908,
✔ Done,249,Putnam Square,,70 Putnam Street,East Boston,,Ornamental fountain,,,,,,Y,Tree shade,No bathroom,,,Park partially enclosed,No playground at this park,No playground at this park,,,On street,,,70 Putnam Street,Putnam Square,East Boston,02128,0.001634170927695,0.000000118041830,
✔ Done,250,Quincy Street Play Area,,65 Quincy Street,Roxbury,,"Loop path, Game table, Fitness equipment, Basketball court",Y,Y,Y,,,,,No bathroom,,,Park not enclosed,No playground at this park,No playground at this park,,,,,,65 Quincy Street,Quincy Street Play Area,Roxbury,02121,0.002024182021647,0.000000241313717,"MULTIPOLYGON (((-71.079313860999946 42.314774297000042, -71.079688899999951 42.31495559800004, -71.079776567999943 42.315005136000025, -71.080128858999956 42.314671923000049, -71.079985136999937 42.314590942000052, -71.079839234999952 42.314509417000068, -71.079682815999945 42.314421505000041, -71.079313860999946 42.314774297000042)))"
✔ Done,251,Quincy/Stanley Play Area,Quincy Stanley Play Area; Stanley Street Play Area,21 Stanley Street,Dorchester,,"Game table, Playground",Y,Y,Y,,,Y,Tree shade,No bathroom,Solid,PIP rubber,"Park partially enclosed, Playground not enclosed","Play panels, Transfer station",No sensory play elements,,,On street,,,21 Stanley Street,Quincy/Stanley Play Area,Dorchester,02125,0.001736943364890,0.000000165820491,"MULTIPOLYGON (((-71.068430891999981 42.311144408000075, -71.068706905999989 42.311318464000067, -71.069133817999955 42.310947748000046, -71.068758555999977 42.310832213000026, -71.068430891999981 42.311144408000075)))"
✔ Done,252,Rachel Revere Square,,200 North Street,Central Boston,,Seating area,Y,,,,,Y,Tree shade,No bathroom,,,Park not enclosed,No playground at this park,No playground at this park,Historical plaque viewing area,,,,,200 North Street,Rachel Revere Square,Central Boston,02113,0.000764940421561,0.000000035540879,"MULTIPOLYGON (((-71.053374548999955 42.363471264000054, -71.053435616999934 42.363575338000032, -71.053484521999962 42.363654679000035, -71.053625876999945 42.363569777000066, -71.053651383999977 42.363508858000046, -71.053613890999941 42.363439648000053, -71.053374548999955 42.363471264000054)))"
✔ Done,253,Ramler Park,Dorothy and David Ramler Park,130 Peterborough Street,Fenway/Longwood,,"Loop path, Public art, Seating area, Ornamental garden",Y,Y,,,,Y,Tree shade,No bathroom,,,Park partially enclosed,No playground at this park,No playground at this park,,,On street,,,130 Peterborough Street,Ramler Park,Fenway/Longwood,02215,0.002016707395499,0.000000223709488,"MULTIPOLYGON (((-71.10051533099994 42.342396714000074, -71.100339792999989 42.342442364000078, -71.100331232999963 42.342445238000039, -71.100496328999952 42.342784109000036, -71.101151569999956 42.342604202000075, -71.100925178999944 42.34237964600004, -71.100852918999976 42.342307809000033, -71.100814725999953 42.342318114000079, -71.10051533099994 42.342396714000074)))"
✔ Done,254,Ramsay Park,,1917 Washington Street,Roxbury,,"Playground, Seating area, Tennis court, Basketball court, Athletic field, Public art, Baseball diamond, Skate area, Spray play",Y,Y,Y,Yes,,Y,Tree shade,No bathroom,Solid,PIP rubber,"Playground fully enclosed, Park partially enclosed","Play panels, Transfer station",Dish swing,,,On street,"Melnea Cass Blvd @ Washington St, 0.1 miles",,1917 Washington Street,Ramsay Park,Roxbury,02118,0.006631631093769,0.000002445633097,
✔ Done,255,Raymond V. Mellone Park,Library Park I,288-308 North Harvard Street,Allston-Brighton,,"Ornamental fountain, Seating area",Y,,,,Y,Y,Tree shade,No bathroom,,,Park not enclosed,No playground at this park,No playground at this park,,,"On street, Parking lot",,,288-308 North Harvard Street,Raymond V. Mellone Park*,Allston-Brighton,02134,0.005535101161497,0.000000688172350,
✔ Done,256,Reservation Road Park and Mother Brook Urban Wild,Mother Brook II,151 Reservation Road,Hyde Park,,"Athletic field, Loop path, Scenic trail, Skate area, Field viewing area",Y,Y,Y,,,Y,Tree shade,Portable toilet,,,Park not enclosed,No playground at this park,No playground at this park,,,Parking lot (accessible),,,151 Reservation Road,Reservation Road Park,Hyde Park,02136,0.015816798315439,0.000004113742644,
✔ Done,257,Rev. Loesch Family Park,Cronin/Wainwright Park,20 Wainwright Street,Dorchester,,"Loop path, Playground, Basketball court, Spray play",Y,,Y,Yes,Y,Y,Tree shade,No bathroom,Solid,PIP rubber,"Playground fully enclosed, Park not enclosed","Play panels, Transfer station",No sensory play elements,,,On street,,,20 Wainwright Street,Rev. Loesch Family Park,Dorchester,02124,0.004016440756633,0.000000994705028,"MULTIPOLYGON (((-71.066062168999963 42.291217801000073, -71.066262329999972 42.291179032000059, -71.066263743999968 42.291183899000032, -71.06640613899998 42.291142188000038, -71.06664303499997 42.291072789000054, -71.066833048999968 42.29101713700004, -71.067205735999949 42.290907962000063, -71.066808951999974 42.29010075900004, -71.065801417999978 42.290374916000076, -71.066062168999963 42.291217801000073)))"
⚠ Active project,259,Ringer Playground,Stanley A. Ringer Playground,85 Allston Street,Allston-Brighton,,,,,,,,,,,,,,,,,,,,,85 Allston Street,Ringer Playground,Allston-Brighton,"02134, 02135",0.012838980874424,0.000004542629491,
✔ Done,260,Ringgold Park,"Hanson St. Play Area, Ringgold St. Play Area",10 Ringgold Street,South End,,"Basketball court, Playground, Spray play",,,,Yes,,Y,Tree shade,No bathroom,Solid,PIP rubber,"Playground fully enclosed, Park partially enclosed","Transfer station, Ground level play",Sensory panel,,,,,,10 Ringgold Street,Ringgold Park,South End,02118,0.001974643143074,0.000000196973419,"MULTIPOLYGON (((-71.069770311999946 42.343304001000035, -71.070043839999983 42.343485250000072, -71.070096233999948 42.34352018800007, -71.070155899999975 42.343559443000061, -71.070354111999961 42.343410639000069, -71.070309408999947 42.343373995000036, -71.070262815999968 42.343335471000046, -71.070479581999962 42.343182987000034, -71.070246290999933 42.342983333000063, -71.069770311999946 42.343304001000035)))"
✔ Done,261,Ripley Playground,,25 Ripley Road,Dorchester,,"Playground, Tennis court, Pickleball court, Basketball court, Spray play",Y,,Y,Yes,,Y,Shade shelter,No bathroom,,,"Playground fully enclosed, Park partially enclosed",,Dish swing,,,On street,,,25 Ripley Road,Ripley Playground,Dorchester,02121,0.002836612640307,0.000000373829851,
✔ Done,2166,Rivermoor,,150 Rivermoor Street,West Roxbury,,No stair free access at this park,,,,,,,,,,,Park not enclosed,,,,,,,,150 Rivermoor Street,Rivermoor*,West Roxbury,02132,0.005064819803578,0.000000685816570,
✔ Done,330,Worcester Square,,1P Worcester Square,South End,,Monuments,,,,,,,,,,,Park fully enclosed,,,,,On street (permitted),,,1P Worcester Square,Worcester Square,South End,02118,0.002284221339509,0.000000151977492,
✔ Done,102,Robert G. Lawson Park,Egleston Plaza I,1 Atherton Street,Roxbury,,"Ornamental garden, Public art, Seating area",,,,,,,,No bathroom,,,Park not enclosed,No playground at this park,No playground at this park,,,On street,,,1 Atherton Street,Robert G. Lawson Park,Jamaica Plain,02119,0.001963961445612,0.000000059050595,
✔ Done,265,Roberts Playground,,56 Dunbar Avenue,Dorchester,,"Football field, Fitness equipment, Basketball court, Playground, Street hockey, Baseball diamond, Spray play",Y,Y,Y,Yes,Y,Y,Tree shade,Portable toilet,Solid,PIP rubber,"Playground fully enclosed, Park partially enclosed","Molded bucket seat swing, Play panels, Transfer station","Dish swing, Musical play, Sensory panel",,,On street,,,56 Dunbar Avenue,Roberts Playground,Dorchester,02124,0.010247197061901,0.000004517131416,
✔ Done,1009,Rockledge Street Urban Wild,,5 Rockledge Street,Roxbury,,Grass area,,,,,,,,No bathroom,,,,No playground at this park,No playground at this park,,,,,,5 Rockledge Street,Rockledge Street Urban Wild,Roxbury,02119,0.002356661165202,0.000000227027365,
✔ Done,267,Rogers Park,Thomas Galvin Park; Rogers-Galvin Park; Galvin Ball Fields,30 Rogers Park Avenue,Allston-Brighton,,"Playground, Basketball court, Loop path, Tennis court",Y,Y,,,Y,,,No bathroom,Solid,PIP rubber,"Playground fully enclosed, Park not enclosed",Play panels,,,,On street,,,30 Rogers Park Avenue,Rogers Park,Allston-Brighton,02135,0.009013204500615,0.000003618609793,
✔ Done,268,Ronan Park,,92 Mt. Ida Road,Dorchester,,"Playground, Loop path, Basketball court, Dog park, Spray play",Y,,Y,Yes,Y,,,Portable toilet,Solid & Loose,"Engineered wood fiber, PIP rubber","Park not enclosed, Playground not enclosed","Play panels, Transfer station",No sensory play elements,,,,,,92 Mt. Ida Road,Ronan Park,Dorchester,02122,0.010518408247895,0.000004966949007,
✔ Done,1024,Roslindale Wetlands Urban Wild,,40 Selwyn Street,Roslindale,,Scenic trail,,,,,,,,,,,Park not enclosed,No playground at this park,No playground at this park,,,On street,,,40 Selwyn Street,Roslindale Wetlands,Roslindale,02131,0.016153151565920,0.000004280051816,
✔ Done,270,Ross Playground,,145 Westminster Street,Hyde Park,,"Playground, Loop path, Basketball court, Tennis court, Baseball diamond, Softball diamond, Spray play",Y,Y,Y,Yes,,Y,Tree shade,Portable toilet,Solid,PIP rubber,"Playground fully enclosed, Park partially enclosed","Stair-free access all levels, Transfer station, Wheelchair access to slide","Dish swing, Musical play, Sensory panel",,,Parking lot (accessible),"River St @ Reddy Ave, 0.5 miles","Fairmount , 1 mile",145 Westminster Street,Ross Playground,Hyde Park,02136,0.009948762074204,0.000005795552097,
✔ Done,271,Rossmore/Stedman Park,,40 Rossmore Street,Jamaica Plain,,Playground,,,,,,Y,Tree shade,No bathroom,Solid,PIP rubber,Playground fully enclosed,"Transfer station, Play panels",Musical play,,,On street,,,40 Rossmore Road,Rossmore/Stedman Park,Jamaica Plain,02130,0.000788148998402,0.000000032504816,"MULTIPOLYGON (((-71.106504345999952 42.304766036000046, -71.106601081999941 42.304837100000043, -71.106800298999985 42.304650317000039, -71.106702379999945 42.304577830000028, -71.106504345999952 42.304766036000046)))"
✔ Done,272,Rotch Playground,,30 Randolph Street,South End,,"Athletic field, Seating area",Y,Y,Y,,,Y,Shade shelter,No bathroom,,,Park fully enclosed,No playground at this park,No playground at this park,,,,,,30 Randolph Street,Rotch Playground,South End,02118,0.004644381276672,0.000001214051444,"MULTIPOLYGON (((-71.063233699999955 42.341764092000062, -71.064613999999949 42.342240721000053, -71.064719711999942 42.342062863000081, -71.064949275999936 42.34168065700004, -71.064968797999938 42.341647780000073, -71.065041719999954 42.34152597700006, -71.063578653999969 42.341033914000036, -71.063233699999955 42.341764092000062)))"
✔ Done,275,Ryan Play Area,,960 Dorchester Avenue,Dorchester,Y,"Basketball court, Playground, Spray play",Y,Y,Y,Yes,,Y,Tree shade,No bathroom,Solid,PIP rubber,"Park partially enclosed, Playground not enclosed","Molded bucket seat swing, Play panels, Transfer station",Musical play,,Braille,On street,"Dorchester Ave @ Howes St, 125 ft",,960 Dorchester Avenue,Ryan Play Area,Dorchester,02125,0.002245854576082,0.000000281232466,
⚠ Active project,274,Ryan Playground,John J. Ryan Playground; Charlestown Playground,75 Alford Street,Charlestown,,,,,,,,,,,,,,,,,,,,,75 Alford Street,Ryan Playground,Charlestown,02129,0.009123189936963,0.000003882853089,"MULTIPOLYGON (((-71.069863428999952 42.386447444000055, -71.071991932999936 42.38759903700003, -71.07227383299994 42.387014557000043, -71.072618826999985 42.384865398000045, -71.072548749999953 42.38485514100006, -71.072574188999965 42.384769022000057, -71.072632716999976 42.384778855000036, -71.072667622999973 42.384561381000026, -71.071711220999987 42.385239118000072, -71.071649199999968 42.385188382000081, -71.069863428999952 42.386447444000055)))"
✔ Done,276,Savin Hill Park,,25 Caspian Way,Dorchester,,"Basketball court, Tennis court, Tennis backboard, Loop path",Y,,Y,,Y,Y,Tree shade,No bathroom,,,Park not enclosed,No playground at this park,No playground at this park,,,On street,,,25 Caspian Way,Savin Hill Park,Dorchester,02125,0.008779608161306,0.000003663396063,
✔ Done,1003,Sherrin Woods (Urban Wild),,1 Marston Street,Hyde Park,,Scenic trail,,,,,,,,Portable toilet,,,Park not enclosed,No playground at this park,No playground at this park,,,On street,,,1 Marston Street,Sherrin Woods,Roslindale,02136,0.018590992566793,0.000011064160733,
✔ Done,283,Shubow Park,Chiswick Park;  Andrew Jackson Davis Jr Tot Lot,1825 Commonwealth Avenue,Allston-Brighton,Y,"Playground, Loop path, Game table, Spray play",Y,Y,,Yes,Y,Y,Tree shade,No bathroom,Solid,PIP rubber,"Playground fully enclosed, Park partially enclosed","Play panels, Transfer station",Musical play,,,On street,,,1825 Commonwealth Avenue,Shubow Park*,Allston-Brighton,02135,0.002736761142765,0.000000321514940,
✔ Done,354,Sister Mary Veronica,,190 - 198 W Eighth St,South Boston,,"Seating area, Monuments",Y,,,,,Y,Tree shade,No bathroom,,,Park not enclosed,No playground at this park,No playground at this park,,,On street,,,190-198 W Eighth St,Sister Mary Veronica Park,South Boston,02127,0.000958094331543,0.000000049222259,
✔ Done,284,Smith Playground,William F. Smith Playground; North Brighton Playground,235 Western Avenue,Allston-Brighton,,"Baseball diamond, Fitness equipment, Field viewing area, Seating area, Street hockey, Playground, Amphitheater, Game table, Spray play",Y,Y,Y,Yes,Y,Y,Tree shade and shade shelter,No bathroom,Solid,PIP rubber,"Playground fully enclosed, Park not enclosed","Stair-free access all levels, Play panels, Transfer station",Dish swing,,,On street,"Western Ave opp Riverdale St, 23 ft","Boston Landing, Boston, MA 02135, 0.7 miles",235 Western Avenue,Smith Playground,Allston-Brighton,02134,0.011216154613197,0.000006645154769,
✔ Done,341,Soldier's Monument,,1 South Street,Jamaica Plain,,No stair free access at this park,,,,,,,,,,,Park fully enclosed,,,,,,,,1 South Street,Soldier's Monument,Jamaica Plain,02130,0.001109220405035,0.000000058637086,
✔ Done,288,South Street Mall & Courts,,52 South Street,Jamaica Plain,,"Seating area, Basketball court",,,Y,,,Y,Tree shade,No bathroom,,,Park partially enclosed,No playground at this park,No playground at this park,,,On street,,,52 South Street,South Street Mall & Courts,Jamaica Plain,02130,0.001789551585773,0.000000189304523,"MULTIPOLYGON (((-71.114885630999936 42.308122045000061, -71.114902781999945 42.308120538000026, -71.115217637999933 42.308094625000081, -71.115417893999961 42.30807806100006, -71.115404217999981 42.307738313000073, -71.114838820999978 42.307776430000047, -71.114885630999936 42.308122045000061)))"
✔ Done,290,Spectacle Island,Spectacle Island,5 Spectacle Island,Harbor Islands,,"Boat dock, Dock viewing area, Drinking fountain, Loop path, Monuments, Seating area",,,,,Y,Y,Tree shade and shade shelter,Accessible bathroom,,,Park not enclosed,No playground at this park,No playground at this park,,,,,,5 Spectacle Island,Spectacle Island,Harbor Islands,,0.037278942241600,0.000038012817020,
✔ Done,7275,Sprague Pond (Urban Wild),Lakeside,0-4 Lakeside Avenue,Hyde Park,,No stair free access at this park,,,,,,Y,Tree shade,No bathroom,,,Park not enclosed,,,,,On street,,,0-4 Lakeside Avenue,Sprague Pond Shoreline Reserve,Hyde Park,02136,0.003565185408043,0.000000527953235,
✔ Done,291,St Helena's Park,,115 Union Park Street,South End,,"Ornamental garden, Ornamental fountain",,Y,,,,Y,Tree shade,No bathroom,,,Park partially enclosed,No playground at this park,No playground at this park,,,On street (permitted),,,115 Union Park Street,St Helena's Park,South End,02118,0.001159420031465,0.000000077282288,"MULTIPOLYGON (((-71.06671769899998 42.340092482000045, -71.06705786699996 42.340203544000076, -71.067173217999937 42.340014018000034, -71.066833048999968 42.339902954000081, -71.06671769899998 42.340092482000045)))"
✔ Done,292,St James Street Park,,39 St. James Street,Roxbury,,Playground,Y,Y,Y,,,Y,Tree shade,No bathroom,Solid,PIP rubber,"Park partially enclosed, Playground not enclosed","Ground level play, Transfer station",Mini hammock,Accessible game table,,On street,,,39 St. James Street,St James Street Park,Roxbury,02119,0.001739690442870,0.000000173685263,"MULTIPOLYGON (((-71.084989435999944 42.326881508000042, -71.084871868999983 42.327103664000049, -71.085201469999959 42.327209183000036, -71.085419990999981 42.326700932000051, -71.085307791999981 42.326669589000062, -71.08515704399997 42.326617226000053, -71.084989435999944 42.326881508000042)))"
✔ Done,293,Stanley-Bellevue Park,,23 Bellevue Street,Dorchester,,Grass area,,,,,,,,,,,Park fully enclosed,,,,,,,,23 Bellevue Street,Stanley-Bellevue Park,Dorchester,02125,0.001734809914755,0.000000158257769,
✔ Done,294,Statler Park,,243 Stuart Street,Central Boston,,"Ornamental fountain, Grass area",Y,,,,,Y,Tree shade,No bathroom,,,Park not enclosed,No playground at this park,No playground at this park,,,On street,,,243 Stuart Street,Statler Park,Central Boston,02116,0.001608177225024,0.000000102879795,"MULTIPOLYGON (((-71.068768440999975 42.350568722000048, -71.068845988999954 42.350861595000026, -71.069364647999976 42.350439377000043, -71.069346603999975 42.350407874000041, -71.068768440999975 42.350568722000048)))"
✔ Done,7280,Steven P. Odom Serenity Garden,,23 Hopkins Street,Mattapan,,"Entrance, Monuments, Public art, Seating area",Y,,,,,Y,Tree shade,No bathroom,,,Park partially enclosed,No playground at this park,No playground at this park,,,,,,23 Hopkins Street,Steven P. Odom Serenity Garden,Dorchester,02124,0.001137468537064,0.000000062115534,
✔ Done,295,Stonehill Park,Coast Guard Park,25 Stonehill Road,Hyde Park,,Playground,Y,Y,,,Y,Y,Tree shade,,Solid,PIP rubber,Playground partially enclosed,"Play panels, Transfer station",Musical play,,,On street,"Alwin St @ Stonehill Rd, 308 ft.",,25 Stonehill Road,Stonehill Park,Hyde Park,02136,0.001803596513911,0.000000161407952,
✔ Done,296,Sumner & Lamson Street Playground,,430 Sumner Street,East Boston,,"Playground, Seating area, Game table, Basketball court, Spray play",Y,Y,Y,Yes,,Y,Tree shade,No bathroom,Solid,PIP rubber with play mounds,"Park fully enclosed, Playground fully enclosed",Play panels,Musical play,,,On street,,,430 Sumner Street,Sumner & Lamson Street Playground,East Boston,02128,0.002056071628403,0.000000211697884,"MULTIPOLYGON (((-71.032016165999948 42.365926284000068, -71.032108276999963 42.365966565000065, -71.032220028999973 42.366014262000078, -71.032380642999954 42.366082826000024, -71.03252514199994 42.366144516000077, -71.032682582999939 42.366211716000066, -71.032869343999948 42.365976977000059, -71.032198851999965 42.365687364000053, -71.032016165999948 42.365926284000068)))"
✔ Done,297,Sweeney Playground,,180 West Fifth Street,South Boston,,"Playground, Basketball court, Spray play",Y,,Y,Yes,,Y,Tree shade,,Solid,PIP rubber with play mounds,"Park partially enclosed, Playground partially enclosed",No accessible play elements,No sensory play elements,,,On street (permitted),,,180 West Fifth Street,Sweeney Playground,South Boston,02127,0.001981393928952,0.000000204404294,
✔ Done,298,Symphony Community Park,Morville Park,39 Edgerly Road,Fenway/Longwood,,"Public art, Seating area",Y,Y,,,,Y,Tree shade,No bathroom,,,Park not enclosed,No playground at this park,No playground at this park,,,On street,,,39 Edgerly Road,Symphony Community Park,Fenway/Longwood,02115,0.002381441893915,0.000000211168263,
✔ Done,299,Tai Tung Park,Tai Tung Tot Lot,110 Tyler Street,Central Boston,,"Game table, Playground",Y,Y,,,,Y,Tree shade,No bathroom,,,Park fully enclosed,"Play panels, Transfer station",,,,On street,,,110 Tyler Street,Tai Tung Park,Central Boston,02111,0.000641152415362,0.000000014810249,
✔ Done,349,Tebroc Street Playlot,,151 Bowdoin Street,Dorchester,,,,,,,,,,No bathroom,Loose,Engineered wood fiber,Playground partially enclosed,"Ground level play, Transfer station",No sensory play elements,,,On street,,,151 Bowdoin Street,Tebroc Street Playlot,Dorchester,02122,0.000827309212054,0.000000032441017,"MULTIPOLYGON (((-71.070137757999987 42.30361023100005, -71.07018312699995 42.303672880000079, -71.070304087999943 42.303841682000041, -71.070408657999963 42.303803881000078, -71.070289327999944 42.303630500000054, -71.07030343699995 42.303624870000078, -71.070259176999969 42.303563788000076, -71.070137757999987 42.30361023100005)))"
✔ Done,300,Temple Street Park,,46 Temple Street,Back Bay/Beacon Hill,,"Seating area, Ornamental garden",Y,,,,,Y,Tree shade,No bathroom,,,Park not enclosed,No playground at this park,No playground at this park,,,,,,46 Temple Street,Temple Street Park,Back Bay/Beacon Hill,02114,0.000666280333540,0.000000026857584,"MULTIPOLYGON (((-71.063354222999976 42.359977768000078, -71.063364581999963 42.36004938800005, -71.063367696999933 42.360121026000058, -71.063368915999945 42.360120975000029, -71.063558331999957 42.36011368700008, -71.063552223999977 42.360043860000076, -71.063545073999933 42.35997377700005, -71.063354222999976 42.359977768000078)))"
✔ Done,301,The Rockies Urban Wild,,"148 Marginal Street 
144 Marginal Street (Community Garden section)",East Boston,,Community garden,,,,,,,,,,,,,,,,,,,"148 Marginal Street 
144 Marginal Street (Community Garden section)",The Rockies,East Boston,02128,0.004252023858364,0.000000316006161,
✔ Done,302,Thetford/Evans Playground,,15 Evans Street,Dorchester,Y,"Playground, Basketball court, Tennis court, Spray play",Y,Y,Y,Yes,,Y,Tree shade,No bathroom,Solid,PIP rubber,"Playground partially enclosed, Park partially enclosed","Play panels, Transfer station",Dish swing,,,On street,"247 Norfolk St opp Capen St, 0.3 miles",,15 Evans Street,Thetford/Evans Playground,Dorchester,02124,0.002244958763158,0.000000301786752,
✔ Done,10002,Tiffany Moore Tot Lot (Franklin Park),,155 Seaver Street,Roxbury,,"Spray play, Playground, Seating area",Y,Y,Y,,,Y,Tree shade,No bathroom,Solid,PIP rubber,Playground partially enclosed,"Molded bucket seat swing, Ground level play, Play panels, Transfer station","Sensory panel, Musical play",,,"On street, Parking lot",,,155 Seaver Street,Tiffany Moore Tot Lot (Franklin Park),Roxbury,02130,0.002719639076027,0.000000445923207,"MULTIPOLYGON (((-71.092062858999952 42.309092149000037, -71.091617786999961 42.308512490000055, -71.091123860999971 42.308856111000068, -71.091047596999942 42.308912178000071, -71.091687952999962 42.309401903000037, -71.092062858999952 42.309092149000037)))"
✔ Done,304,Titus Sparrow Park,,75 West Rutland Square,South End,,"Basketball court, Playground",Y,Y,Y,,,Y,Tree shade,No bathroom,Solid,PIP rubber,"Park partially enclosed, Playground not enclosed",Molded bucket seat swing,No sensory play elements,,,,,,75 West Rutland Square,Titus Sparrow Park,South End,02118,0.004722793555442,0.000000795322254,
✔ Done,306,Trotter School Playground,,59 Waumbeck Street,Roxbury,,"Basketball court, Playground, Public art, Seating area, Spray play",Y,Y,Y,Yes,Y,Y,Tree shade,No bathroom,Loose,Engineered wood fiber,"Park partially enclosed, Playground partially enclosed","Stair-free access all levels, Play panels, Transfer station",No sensory play elements,,,,,,59 Waumbeck Street,Trotter School Playground,Roxbury,02121,0.003117687677988,0.000000549788842,
✔ Done,351,Union Park,,24P Union Park,South End,,Monuments,,,,,,,,,,,Park fully enclosed,,,,,On street (permitted),,,24P Union Park,Union Park,South End,02118,0.002308755884906,0.000000162890065,
✔ Done,309,Union Park Street Playground,,125 Union Park Street,South End,,Seating area,,Y,,,,Y,Tree shade,No bathroom,Loose,Engineered wood fiber,Park partially enclosed,No accessible play elements,No sensory play elements,,,On street (permitted),,,125 Union Park Street,Union Park Street Playground,South End,02118,0.001906901421076,0.000000181159588,"MULTIPOLYGON (((-71.065158759999974 42.33958277000005, -71.065710619999948 42.339761788000033, -71.065926914999977 42.339381348000074, -71.065670492999971 42.339304390000052, -71.065486819999933 42.33943471200007, -71.065436742999964 42.339397839000071, -71.065390589999936 42.33943238300003, -71.065158759999974 42.33958277000005)))"
✔ Done,2144,Union Street Park,Holocaust Memorial;  Curley Memorial,Between Union Street & Congress Street opposite City Hall,Central Boston,,"Public art, Seating area, Monuments",Y,,,,,Y,Tree shade,No bathroom,,,Park not enclosed,No playground at this park,No playground at this park,,,,,,Between Union Street & Congress Street opposite City Hall,Union Street Park,Central Boston,02110,0.002680686879937,0.000000219016313,
✔ Done,310,Walker Playground,,550 Norfolk Street,Mattapan,Y,"Playground, Tennis court, Basketball court, Seating area, Athletic field, Loop path, Spray play",Y,Y,Y,Yes,Y,Y,Tree shade and shade shelter,No bathroom,Solid,PIP rubber,"Park partially enclosed, Playground not enclosed","Play panels, Transfer station, Molded bucket seat swing",Musical play,,,On street,"Blue Hill Ave @ Mattapan St, 0.3 miles",,550 Norfolk Street,Walker Playground,Mattapan,02126,0.007934511120809,0.000002629649557,
✔ Done,312,Walsh Playground,,1005 Washington Street,Mattapan,Y,"Athletic field, Basketball court, Drinking fountain, Fitness equipment, Game table, Little league diamond, Tennis court, Spray play, Softball diamond, Seating area, Pickleball court, Playground",Y,Y,Y,Yes,Y,Y,Tree shade and shade shelter,No bathroom,Solid,PIP rubber,"Park partially enclosed, Playground partially enclosed","Stair-free access all levels, Play panels, Transfer station",Dish swing,,,,,,1005 Washington Street,Walsh Playground,Mattapan,"02126, 02124",0.007682848177298,0.000003071864629,
✔ Done,313,Walter Street Cemetery,,155 Walter Street,Roslindale,,Monuments,,,,,,,,No bathroom,,,Park not enclosed,No playground at this park,No playground at this park,,,On street,,,155 Walter Street,Walter Street Cemetery,Roslindale,02131,0.002819612078664,0.000000380514381,"MULTIPOLYGON (((-71.129600086999972 42.292809093000074, -71.12937279099998 42.29298646400008, -71.129782245999934 42.293257621000066, -71.130393179999942 42.293585929000074, -71.130372128999966 42.293478486000026, -71.130359473999988 42.293292732000054, -71.13036152799998 42.293160027000056, -71.130357674999971 42.293117892000055, -71.129917598999953 42.292872965000072, -71.129780322999977 42.292794148000041, -71.12968852399996 42.292744386000038, -71.129600086999972 42.292809093000074)))"
✔ Done,7271,Watson Park,,15 Taylor Street,South End,,Seating area,,,,,,Y,Tree shade,No bathroom,,,Park partially enclosed,No playground at this park,No playground at this park,,,On street,,,15 Taylor Street,Watson Park,South End,02118,0.001285321092350,0.000000047260626,
⚠ Active project,357,West of Washington Family Park,,"217, 221-231 Norwell Street",Dorchester,,,,,,,,,,,,,,,,,,,,,"217, 221-231 Norwell Street",West of Washington Family Park,Dorchester,02124,0.001494381017531,0.000000102251409,
✔ Done,318,West Roxbury H.S. Athletic Fields,,1205 VFW Parkway,West Roxbury,,"Athletic field, Baseball diamond, Basketball court, Loop path, Tennis court, Soccer field, Field viewing area",,,,,,,,Accessible portable toilet,,,Park partially enclosed,No playground at this park,No playground at this park,,,Parking lot (accessible),,,1205 VFW Parkway,West Roxbury H.S. Athletic Fields,West Roxbury,02132,0.013131231493309,0.000006125772608,
✔ Done,320,Westerly Burying Ground,,2015 Centre Street,West Roxbury,,Monuments,,,,,,,,No bathroom,,,Park fully enclosed,,,,,On street,,,2015 Centre Street,Westerly Burying Ground,West Roxbury,02132,0.003178300000694,0.000000399083026,"MULTIPOLYGON (((-71.158240384999942 42.281207272000074, -71.158174494999969 42.281419997000057, -71.158164777999957 42.281445807000068, -71.158804525999983 42.281632180000031, -71.159064401999956 42.281936803000065, -71.159066807999977 42.281940322000025, -71.159431820999941 42.281677707000028, -71.159388822999972 42.281647239000051, -71.158897213999978 42.281350842000052, -71.158395478999978 42.281156957000064, -71.15826614599996 42.281106605000048, -71.158240384999942 42.281207272000074)))"
✔ Done,2000,Wilson Park,,10 Wilson Park,Allston-Brighton,,Seating area,,,,,,Y,Tree shade,No bathroom,,,Park not enclosed,No playground at this park,No playground at this park,,,On street,,,10 Wilson Park,Wilson Park,Allston-Brighton,02135,0.000868754280366,0.000000042964968,
✔ Done,325,Winthrop Playground,,21 Danube Street,Roxbury,Y,"Fitness equipment, Seating area, Spray play, Basketball court, Tennis court, Pickleball court, Playground, Drinking fountain, Loop path",Y,Y,Y,Yes,,Y,Tree shade,No bathroom,Solid,PIP rubber,"Park fully enclosed, Playground not enclosed",Molded bucket seat swing,No sensory play elements,"Accessible basketball viewing area, Accessible game table",,On street,"Blue Hill Ave @ Ingleside St, 0.2 mi","Upham's Corner, 0.5 mi",21 Danube Street,Winthrop Playground*,Roxbury,02125,0.004368458295814,0.000000752553280,
✔ Done,326,Winthrop Square,Training Field,55 Winthrop Street,Charlestown,,"Monuments, Seating area",Y,,Y,,,Y,Tree shade,No bathroom,,,Park partially enclosed,No playground at this park,No playground at this park,,,On street (permitted),,,55 Winthrop Street,Winthrop Square,Charlestown,02129,0.002486458530237,0.000000398477548,
