Park_Name,Play_Name,Neighbor,OS_ID,Asset,asset_deta,Asset_use1,Asset_use2,Asset_use3,Age,shape_wkt,POINT_X,POINT_Y
Dorchester Park,N/A,Dorchester,90,Athletic Seating,Dugout,No Companion Seating ,UA,N/A,N/A,POINT (-71.061670184999969 42.276077789000055),-71.061670184999969,42.276077789000055
Dorchester Park,N/A,Dorchester,90,Athletic Seating,Dugout,No Companion Seating ,UA,N/A,N/A,POINT (-71.061478291999947 42.276007028000038),-71.061478291999947,42.276007028000038
Iacono/Readville Playground,N/A,Hyde Park,160,Basketball,Full,N/A,N/A,N/A,N/A,POINT (-71.134794242999988 42.239251353000043),-71.134794242999988,42.239251353000043
East Boston Memorial Park I,N/A,East Boston,98,Playground,"Engineered Wood Fiber, PIP Rubber",N/A,N/A,N/A,"2-5,5-12",POINT (-71.030957509999951 42.371479945000033),-71.030957509999951,42.371479945000033
East Boston Memorial Park I,N/A,East Boston,98,Tennis,Full,Pickleball x 1,N/A,N/A,N/A,POINT (-71.027786065999976 42.370267899000055),-71.027786065999976,42.370267899000055
East Boston Memorial Park I,N/A,East Boston,98,Tennis,Full,Pickleball x 1,N/A,N/A,N/A,POINT (-71.027612752999971 42.370376825000051),-71.027612752999971,42.370376825000051
Bynoe Park,N/A,Roxbury,100,Athletic Seating,Bleacher,Companion Seating ,UA,N/A,N/A,POINT (-71.076622248999968 42.329478893000044),-71.076622248999968,42.329478893000044
Bynoe Park,N/A,Roxbury,100,Athletic Seating,Players Bench,No Companion Seating ,UA,N/A,N/A,POINT (-71.076323039999977 42.329489744000057),-71.076323039999977,42.329489744000057
Bynoe Park,N/A,Roxbury,100,Athletic Seating,Dugout,Companion Seating ,UA,N/A,N/A,POINT (-71.076544164999973 42.329528013000072),-71.076544164999973,42.329528013000072
Bynoe Park,N/A,Roxbury,100,Athletic Seating,Bleacher,Companion Seating,UA,N/A,N/A,POINT (-71.076625763999971 42.329815463000045),-71.076625763999971,42.329815463000045
Iacono/Readville Playground,N/A,Hyde Park,160,Basketball,Full,N/A,N/A,N/A,N/A,POINT (-71.134996079999951 42.239302062000036),-71.134996079999951,42.239302062000036
Draper Playground,N/A,West Roxbury,93,Basketball,Full,N/A,N/A,N/A,N/A,POINT (-71.160311760999946 42.259559471000046),-71.160311760999946,42.259559471000046
Ross Playground,N/A,Hyde Park,270,Basketball,Full,N/A,N/A,N/A,N/A,POINT (-71.113979438999934 42.263706119000062),-71.113979438999934,42.263706119000062
Ross Playground,N/A,Hyde Park,270,Basketball,Full,N/A,N/A,N/A,N/A,POINT (-71.113766196999961 42.263757288000079),-71.113766196999961,42.263757288000079
Hunt Playground,N/A,Mattapan,6,Basketball,Full,N/A,N/A,N/A,N/A,POINT (-71.097121863999973 42.274533275000067),-71.097121863999973,42.274533275000067
Hunt Playground,N/A,Mattapan,6,Basketball,Full,N/A,N/A,N/A,N/A,POINT (-71.097299436999947 42.274631278000072),-71.097299436999947,42.274631278000072
Walker Playground,N/A,Mattapan,310,Basketball,Full,N/A,N/A,N/A,N/A,POINT (-71.090263806999985 42.277996194000025),-71.090263806999985,42.277996194000025
Walker Playground,N/A,Mattapan,310,Basketball,Full,N/A,N/A,N/A,N/A,POINT (-71.090075437999985 42.27813829300004),-71.090075437999985,42.278138293000040
Billings Field,N/A,West Roxbury,23,Basketball,Full,N/A,N/A,N/A,N/A,POINT (-71.155927820999977 42.28228686500006),-71.155927820999977,42.282286865000060
Billings Field,N/A,West Roxbury,23,Basketball,Full,N/A,N/A,N/A,N/A,POINT (-71.155719806999969 42.282346870000026),-71.155719806999969,42.282346870000026
Thetford/Evans Playground,N/A,Dorchester,302,Basketball,Full,N/A,N/A,N/A,N/A,POINT (-71.077768769999977 42.283356793000053),-71.077768769999977,42.283356793000053
Roberts Playground,N/A,Dorchester,265,Basketball,Full,N/A,N/A,N/A,N/A,POINT (-71.072520941999983 42.285465998000063),-71.072520941999983,42.285465998000063
Roberts Playground,N/A,Dorchester,265,Basketball,Full,N/A,N/A,N/A,N/A,POINT (-71.072287293999977 42.285497869000039),-71.072287293999977,42.285497869000039
Fallon Field,N/A,Roslindale,112,Basketball,Full,N/A,N/A,N/A,N/A,POINT (-71.136328485999968 42.287056326000027),-71.136328485999968,42.287056326000027
Fallon Field,N/A,Roslindale,112,Basketball,Full,N/A,N/A,N/A,N/A,POINT (-71.136558496999953 42.287086827000053),-71.136558496999953,42.287086827000053
Garvey Playground,N/A,Dorchester,130,Basketball,Full,N/A,N/A,N/A,N/A,POINT (-71.045775946999981 42.287584407000054),-71.045775946999981,42.287584407000054
Healy Playground,N/A,Roslindale,149,Basketball,Full,N/A,N/A,N/A,N/A,POINT (-71.122977451999986 42.288155035000045),-71.122977451999986,42.288155035000045
A Street Park,N/A,South Boston,335,Playground,PIP Rubber,N/A,N/A,N/A,"2-5,5-12",POINT (-71.052549317999933 42.343811606000031),-71.052549317999933,42.343811606000031
Bynoe Park,N/A,Roxbury,100,Basketball,Full,N/A,N/A,N/A,N/A,POINT (-71.076379779999968 42.329397549000078),-71.076379779999968,42.329397549000078
Hemenway Playground,N/A,Dorchester,151,Basketball,Full,N/A,N/A,N/A,N/A,POINT (-71.05675307599995 42.291701304000071),-71.056753075999950,42.291701304000071
Dorchester Park,N/A,Dorchester,90,Athletic Seating,Dugout,Companion Seating ,UA,N/A,N/A,POINT (-71.063743473999978 42.278181965000044),-71.063743473999978,42.278181965000044
Dorchester Park,N/A,Dorchester,90,Athletic Seating,Dugout,Companion Seating ,UA,N/A,N/A,POINT (-71.063729067999986 42.278209748000052),-71.063729067999986,42.278209748000052
Dorchester Park,N/A,Dorchester,90,Athletic Seating,Dugout,Companion Seating ,UA,N/A,N/A,POINT (-71.063606450999941 42.277960084000028),-71.063606450999941,42.277960084000028
Dorchester Park,N/A,Dorchester,90,Athletic Seating,Dugout,Companion Seating ,UA,N/A,N/A,POINT (-71.063643379999974 42.277971757000046),-71.063643379999974,42.277971757000046
Harambee Park,N/A,Dorchester,142,Basketball,Full,N/A,N/A,N/A,N/A,POINT (-71.081233441999984 42.292439953000041),-71.081233441999984,42.292439953000041
Harambee Park,N/A,Dorchester,142,Basketball,Full,N/A,N/A,N/A,N/A,POINT (-71.081132908999962 42.29262701600004),-71.081132908999962,42.292627016000040
Parkman Playground,N/A,Jamaica Plain,229,Basketball,Full,N/A,N/A,N/A,N/A,POINT (-71.113210194999965 42.295601066000074),-71.113210194999965,42.295601066000074
Doherty/Gibson Playground,N/A,Dorchester,88,Basketball,Full,N/A,N/A,N/A,N/A,POINT (-71.062134570999945 42.297679153000047),-71.062134570999945,42.297679153000047
Doherty/Gibson Playground,N/A,Dorchester,88,Basketball,Full,N/A,N/A,N/A,N/A,POINT (-71.062543939999955 42.29779783500004),-71.062543939999955,42.297797835000040
Ripley Playground,N/A,Dorchester,261,Basketball,Full,N/A,N/A,N/A,N/A,POINT (-71.075899577999962 42.299020312000039),-71.075899577999962,42.299020312000039
Fenelon Street Playground,N/A,Dorchester,114,Basketball,Full,N/A,N/A,N/A,N/A,POINT (-71.079618666999977 42.303207863000068),-71.079618666999977,42.303207863000068
Ronan Park,N/A,Dorchester,268,Basketball,Full,N/A,N/A,N/A,N/A,POINT (-71.062564153999972 42.304793188000076),-71.062564153999972,42.304793188000076
Ronan Park,N/A,Dorchester,268,Basketball,Full,N/A,N/A,N/A,N/A,POINT (-71.062636236999936 42.304934834000051),-71.062636236999936,42.304934834000051
Bynoe Park,N/A,Roxbury,100,Basketball,Half,N/A,N/A,N/A,N/A,POINT (-71.076438199999984 42.329250151000053),-71.076438199999984,42.329250151000053
Bynoe Park,N/A,Roxbury,100,Basketball,Half,N/A,N/A,N/A,N/A,POINT (-71.076565780999942 42.329340795000064),-71.076565780999942,42.329340795000064
Bynoe Park,N/A,Roxbury,100,Tennis,Full,Pickleball x 1,N/A,N/A,N/A,POINT (-71.076579002999949 42.32916222700004),-71.076579002999949,42.329162227000040
Ceylon Park,N/A,Dorchester,49,Basketball,Full,N/A,N/A,N/A,N/A,POINT (-71.074861466999948 42.309859150000079),-71.074861466999948,42.309859150000079
Savin Hill Park,N/A,Dorchester,276,Basketball,Full,N/A,N/A,N/A,N/A,POINT (-71.047768051999981 42.310484364000047),-71.047768051999981,42.310484364000047
Quincy Street Play Area,N/A,Roxbury,250,Basketball,Full,N/A,N/A,N/A,N/A,POINT (-71.079820136999956 42.314642106000065),-71.079820136999956,42.314642106000065
Trotter School Playground,N/A,Roxbury,306,Basketball,Full,N/A,N/A,N/A,N/A,POINT (-71.089022390999958 42.315172368000049),-71.089022390999958,42.315172368000049
Hannon Playground,N/A,Roxbury,141,Basketball,Full,N/A,N/A,N/A,N/A,POINT (-71.070995514999936 42.319569694000052),-71.070995514999936,42.319569694000052
Mozart Street Playground,N/A,Jamaica Plain,209,Basketball,Full,N/A,N/A,N/A,N/A,POINT (-71.104595254999936 42.322202760000039),-71.104595254999936,42.322202760000039
Little Scobie Playground,N/A,Roxbury,181,Basketball,Full,N/A,N/A,N/A,N/A,POINT (-71.080780733999973 42.322786151000059),-71.080780733999973,42.322786151000059
Marcella Playground,N/A,Roxbury,187,Basketball,Full,N/A,N/A,N/A,N/A,POINT (-71.096067516999938 42.323367586000074),-71.096067516999938,42.323367586000074
Marcella Playground,N/A,Roxbury,187,Basketball,Full,N/A,N/A,N/A,N/A,POINT (-71.096270195999978 42.323433313000066),-71.096270195999978,42.323433313000066
Moakley Park,N/A,South Boston,200,Basketball,Full,N/A,N/A,N/A,N/A,POINT (-71.051632518999952 42.324674604000052),-71.051632518999952,42.324674604000052
Moakley Park,N/A,South Boston,200,Basketball,Full,N/A,N/A,N/A,N/A,POINT (-71.051416056999983 42.324685112000054),-71.051416056999983,42.324685112000054
Jefferson Playground,N/A,Jamaica Plain,165,Basketball,Full,N/A,N/A,N/A,N/A,POINT (-71.108639814999947 42.326547966000078),-71.108639814999947,42.326547966000078
Clifford Playground,N/A,Roxbury,59,Basketball,Full,N/A,N/A,N/A,N/A,POINT (-71.067547502999957 42.32657445500007),-71.067547502999957,42.326574455000070
Moakley Park,N/A,South Boston,200,Basketball,Full,N/A,N/A,N/A,N/A,POINT (-71.050730354999985 42.328219211000032),-71.050730354999985,42.328219211000032
Moakley Park,N/A,South Boston,200,Basketball,Full,N/A,N/A,N/A,N/A,POINT (-71.050477129999933 42.32822133500008),-71.050477129999933,42.328221335000080
McLaughlin Playground,N/A,Mission Hill,194,Basketball,Full,N/A,N/A,N/A,N/A,POINT (-71.103464478999967 42.328575280000052),-71.103464478999967,42.328575280000052
McLaughlin Playground,N/A,Mission Hill,194,Basketball,Full,N/A,N/A,N/A,N/A,POINT (-71.10339417199998 42.328707605000034),-71.103394171999980,42.328707605000034
Ramsay Park,N/A,Roxbury,254,Basketball,Full,N/A,N/A,N/A,N/A,POINT (-71.079967015999955 42.334585342000025),-71.079967015999955,42.334585342000025
Ramsay Park,N/A,Roxbury,254,Basketball,Full,N/A,N/A,N/A,N/A,POINT (-71.079844269999967 42.334695725000074),-71.079844269999967,42.334695725000074
Ramsay Park,N/A,Roxbury,254,Basketball,Full,N/A,N/A,N/A,N/A,POINT (-71.079715831999977 42.334804396000038),-71.079715831999977,42.334804396000038
Sweeney Playground,N/A,South Boston,297,Basketball,Full,N/A,N/A,N/A,N/A,POINT (-71.051450818999967 42.33709590400008),-71.051450818999967,42.337095904000080
Christopher Lee Playground,N/A,South Boston,57,Basketball,Full,N/A,N/A,N/A,N/A,POINT (-71.03130181299997 42.33798360000003),-71.031301812999970,42.337983600000030
O'Day Playground,N/A,South End,219,Basketball,Full,N/A,N/A,N/A,N/A,POINT (-71.075194585999952 42.340572356000052),-71.075194585999952,42.340572356000052
Back Bay Fens,N/A,Fenway/Longwood,13,Basketball,Full,N/A,N/A,N/A,N/A,POINT (-71.09635448399996 42.341183854000064),-71.096354483999960,42.341183854000064
Back Bay Fens,N/A,Fenway/Longwood,13,Basketball,Full,N/A,N/A,N/A,N/A,POINT (-71.096544080999934 42.341464470000062),-71.096544080999934,42.341464470000062
Joyce Playground,N/A,Allston-Brighton,169,Basketball,Full,N/A,N/A,N/A,N/A,POINT (-71.151652842999965 42.345309215000043),-71.151652842999965,42.345309215000043
Rogers Park,N/A,Allston-Brighton,267,Basketball,Full,N/A,N/A,N/A,N/A,POINT (-71.158702010999946 42.347935333000066),-71.158702010999946,42.347935333000066
Rogers Park,N/A,Allston-Brighton,267,Basketball,Full,N/A,N/A,N/A,N/A,POINT (-71.158894189999955 42.348001770000053),-71.158894189999955,42.348001770000053
Fidelis Way Park,N/A,Allston-Brighton,117,Basketball,Full,N/A,N/A,N/A,N/A,POINT (-71.143869259999974 42.348067736000075),-71.143869259999974,42.348067736000075
Fidelis Way Park,N/A,Allston-Brighton,117,Basketball,Full,N/A,N/A,N/A,N/A,POINT (-71.144065043999944 42.34811151200006),-71.144065043999944,42.348111512000060
Ringer Playground,N/A,Allston-Brighton,259,Basketball,Full,N/A,N/A,N/A,N/A,POINT (-71.138632664999989 42.350931272000025),-71.138632664999989,42.350931272000025
Ringer Playground,N/A,Allston-Brighton,259,Basketball,Full,N/A,N/A,N/A,N/A,POINT (-71.138437617999955 42.350988170000051),-71.138437617999955,42.350988170000051
Hardiman Playground,N/A,Allston-Brighton,143,Basketball,Full,N/A,N/A,N/A,N/A,POINT (-71.166595930999961 42.351138498000068),-71.166595930999961,42.351138498000068
Penniman Road Play Area,N/A,Allston-Brighton,234,Basketball,Full,N/A,N/A,N/A,N/A,POINT (-71.137023879999958 42.355059132000065),-71.137023879999958,42.355059132000065
McKinney Playground,N/A,Allston-Brighton,193,Basketball,Full,N/A,N/A,N/A,N/A,POINT (-71.152691021999942 42.355327064000051),-71.152691021999942,42.355327064000051
Hobart Park,N/A,Allston-Brighton,154,Basketball,Full,N/A,N/A,N/A,N/A,POINT (-71.161315277999961 42.355674041000043),-71.161315277999961,42.355674041000043
Portsmouth Street Playground,N/A,Allston-Brighton,243,Basketball,Full,N/A,N/A,N/A,N/A,POINT (-71.144714500999953 42.359139690000063),-71.144714500999953,42.359139690000063
Porzio Park,N/A,East Boston,244,Basketball,Full,N/A,N/A,N/A,N/A,POINT (-71.029248036999945 42.363894407000032),-71.029248036999945,42.363894407000032
Polcari Park,N/A,Central Boston,240,Basketball,Full,N/A,N/A,N/A,N/A,POINT (-71.054549632999965 42.36493983500003),-71.054549632999965,42.364939835000030
DeFilippo Playground,N/A,Central Boston,81,Basketball,Full,N/A,N/A,N/A,N/A,POINT (-71.05704607499996 42.366528196000047),-71.057046074999960,42.366528196000047
Mirabella Pool,N/A,Central Boston,2137,Basketball,Full,N/A,N/A,N/A,N/A,POINT (-71.054818564999948 42.368873403000066),-71.054818564999948,42.368873403000066
LoPresti Park,N/A,East Boston,182,Basketball,Full,N/A,N/A,N/A,N/A,POINT (-71.043063859999961 42.369648251000058),-71.043063859999961,42.369648251000058
LoPresti Park,N/A,East Boston,182,Basketball,Full,N/A,N/A,N/A,N/A,POINT (-71.042867678999983 42.36989219000003),-71.042867678999983,42.369892190000030
Paris Street Playground,N/A,East Boston,226,Basketball,Full,N/A,N/A,N/A,N/A,POINT (-71.036992374999954 42.372187985000039),-71.036992374999954,42.372187985000039
Leo F. McCarthy Playground,N/A,Charlestown,101,Basketball,Full,N/A,N/A,N/A,N/A,POINT (-71.068448812999975 42.37969332800003),-71.068448812999975,42.379693328000030
Doherty Playground,N/A,Charlestown,87,Basketball,Full,N/A,N/A,N/A,N/A,POINT (-71.067786173999934 42.382031891000054),-71.067786173999934,42.382031891000054
Doherty Playground,N/A,Charlestown,87,Basketball,Full,N/A,N/A,N/A,N/A,POINT (-71.068001641999956 42.382103658000062),-71.068001641999956,42.382103658000062
American Legion Playground,N/A,East Boston,9,Basketball,Full,N/A,N/A,N/A,N/A,POINT (-71.029299476999938 42.382380531000081),-71.029299476999938,42.382380531000081
American Legion Playground,N/A,East Boston,9,Basketball,Full,N/A,N/A,N/A,N/A,POINT (-71.029085395999971 42.382381059000068),-71.029085395999971,42.382381059000068
McLean Playground,N/A,East Boston,195,Basketball,Full,N/A,N/A,N/A,N/A,POINT (-71.019367803999955 42.382704657000033),-71.019367803999955,42.382704657000033
Amatucci Playground,N/A,Hyde Park,7,Basketball,Half,N/A,N/A,N/A,N/A,POINT (-71.126614984999947 42.248714014000029),-71.126614984999947,42.248714014000029
Charlestown H.S. Athletic Fields,N/A,Charlestown,51,Athletic Seating,Dugout,Companion Seating ,Covered (perforated),N/A,N/A,POINT (-71.058829140999933 42.381007378000049),-71.058829140999933,42.381007378000049
Ronan Park,N/A,Dorchester,268,Basketball,Half,N/A,N/A,N/A,N/A,POINT (-71.062783449999984 42.305014612000036),-71.062783449999984,42.305014612000036
Ronan Park,N/A,Dorchester,268,Basketball,Half,N/A,N/A,N/A,N/A,POINT (-71.062595916999953 42.305067521000069),-71.062595916999953,42.305067521000069
Downer Avenue Playground,N/A,Dorchester,92,Basketball,Half,N/A,N/A,N/A,N/A,POINT (-71.061932560999935 42.311695593000024),-71.061932560999935,42.311695593000024
Mt. Pleasant Play Area,N/A,Roxbury,208,Basketball,Half,N/A,N/A,N/A,UA,POINT (-71.079081470999938 42.327011982000045),-71.079081470999938,42.327011982000045
Ringgold Park,N/A,South End,260,Basketball,Half,N/A,N/A,N/A,UA,POINT (-71.070321683999964 42.343180264000068),-71.070321683999964,42.343180264000068
LoPresti Park,N/A,East Boston,182,Basketball,Half,N/A,N/A,N/A,N/A,POINT (-71.043018147999987 42.370129396000038),-71.043018147999987,42.370129396000038
Peter Looney Park,N/A,Charlestown,235,Basketball,Half,N/A,N/A,N/A,N/A,POINT (-71.065427869999951 42.374261467000053),-71.065427869999951,42.374261467000053
McKinney Playground,N/A,Allston-Brighton,193,Athletic Seating,Dugout,No Companion Seating ,UA,N/A,N/A,POINT (-71.15241257699995 42.354163318000076),-71.152412576999950,42.354163318000076
McKinney Playground,N/A,Allston-Brighton,193,Athletic Seating,Dugout,No Companion Seating ,UA,N/A,N/A,POINT (-71.152776643999971 42.354107617000068),-71.152776643999971,42.354107617000068
Children's Park,N/A,Dorchester,55,Playground,PIP Rubber,N/A,N/A,N/A,"2-5,5-12",POINT (-71.078252582999937 42.310612954000078),-71.078252582999937,42.310612954000078
Draper Playground,N/A,West Roxbury,93,Athletic Seating,Dugout,No Companion Seating ,UA,N/A,N/A,POINT (-71.160528735999947 42.259822790000044),-71.160528735999947,42.259822790000044
Draper Playground,N/A,West Roxbury,93,Athletic Seating,Dugout,No Companion Seating ,UA,N/A,N/A,POINT (-71.160898689999954 42.259754687000054),-71.160898689999954,42.259754687000054
Ronan Park,N/A,Dorchester,268,Dog Park,All Dogs,N/A,N/A,N/A,N/A,POINT (-71.062048576999985 42.305013087000077),-71.062048576999985,42.305013087000077
DeFilippo Playground,RUFF North End Dog Park,Central Boston,81,Dog Park,Small and Large Dogs,N/A,N/A,N/A,N/A,POINT (-71.056692389999967 42.366754248000063),-71.056692389999967,42.366754248000063
Boston Common,N/A,Back Bay/Beacon Hill,27,Dog Park,All Dogs,N/A,N/A,N/A,N/A,POINT (-71.067272937999974 42.355771035000032),-71.067272937999974,42.355771035000032
Garvey Playground,N/A,Dorchester,130,Dog Park,Small and Large Dogs,N/A,N/A,N/A,N/A,POINT (-71.044383849999974 42.28748094000008),-71.044383849999974,42.287480940000080
Downer Avenue Playground,N/A,Dorchester,92,Dog Park,All Dogs,N/A,N/A,N/A,N/A,POINT (-71.062082276999945 42.311840235000034),-71.062082276999945,42.311840235000034
Roberts Playground,N/A,Dorchester,265,Futsal,N/A,N/A,N/A,N/A,N/A,POINT (-71.072524359999989 42.285712750000073),-71.072524359999989,42.285712750000073
Harambee Park,N/A,Dorchester,142,Netball,N/A,N/A,N/A,N/A,N/A,POINT (-71.087502649999976 42.293063208000035),-71.087502649999976,42.293063208000035
Cassidy Playground,N/A,Allston-Brighton,44,Athletic Seating,Dugout,Companion Seating ,UA,N/A,N/A,POINT (-71.152226000999974 42.333963063000056),-71.152226000999974,42.333963063000056
Cassidy Playground,N/A,Allston-Brighton,44,Athletic Seating,Dugout,Companion Seating ,UA,N/A,N/A,POINT (-71.151853183999947 42.334043213000029),-71.151853183999947,42.334043213000029
Cassidy Playground,N/A,Allston-Brighton,44,Athletic Seating,Dugout,No Companion Seating ,UA,N/A,N/A,POINT (-71.151606226999945 42.335757737000051),-71.151606226999945,42.335757737000051
Cassidy Playground,N/A,Allston-Brighton,44,Athletic Seating,Dugout,No Companion Seating ,UA,N/A,N/A,POINT (-71.151570514999946 42.335761239000078),-71.151570514999946,42.335761239000078
Hardiman Playground,N/A,Allston-Brighton,143,Athletic Seating,Bleacher,No Companion Seating ,UA,N/A,N/A,POINT (-71.165942572999938 42.350977746000069),-71.165942572999938,42.350977746000069
Hardiman Playground,N/A,Allston-Brighton,143,Athletic Seating,Bleacher,No Companion Seating ,UA,N/A,N/A,POINT (-71.165971945999956 42.351563449000025),-71.165971945999956,42.351563449000025
McKinney Playground,N/A,Allston-Brighton,193,Athletic Seating,Dugout,No Companion Seating ,UA,N/A,N/A,POINT (-71.153722805999962 42.355018369000049),-71.153722805999962,42.355018369000049
McKinney Playground,N/A,Allston-Brighton,193,Athletic Seating,Dugout,No Companion Seating ,UA,N/A,N/A,POINT (-71.153872777999936 42.35486648300008),-71.153872777999936,42.354866483000080
McKinney Playground,N/A,Allston-Brighton,193,Athletic Seating,Bleacher,No Companion Seating ,UA,N/A,N/A,POINT (-71.151989940999954 42.354677748000029),-71.151989940999954,42.354677748000029
McKinney Playground,N/A,Allston-Brighton,193,Athletic Seating,Bleacher,No Companion Seating ,UA,N/A,N/A,POINT (-71.152230956999972 42.354986232000044),-71.152230956999972,42.354986232000044
Portsmouth Street Playground,N/A,Allston-Brighton,243,Athletic Seating,Dugout,Companion Seating ,UA,N/A,N/A,POINT (-71.145200958999965 42.359002056000065),-71.145200958999965,42.359002056000065
Portsmouth Street Playground,N/A,Allston-Brighton,243,Athletic Seating,Dugout,No Companion Seating ,UA,N/A,N/A,POINT (-71.144965383999988 42.35915605100007),-71.144965383999988,42.359156051000070
Ringer Playground,N/A,Allston-Brighton,259,Athletic Seating,Players Bench,Companion Seating ,UA,N/A,N/A,POINT (-71.136925467999959 42.351111244000037),-71.136925467999959,42.351111244000037
Ringer Playground,N/A,Allston-Brighton,259,Athletic Seating,Bleacher,No Companion Seating ,UA,N/A,N/A,POINT (-71.13686082199996 42.351143601000047),-71.136860821999960,42.351143601000047
Ringer Playground,N/A,Allston-Brighton,259,Athletic Seating,Bleacher,Companion Seating ,UA,N/A,N/A,POINT (-71.137249683999983 42.350975916000039),-71.137249683999983,42.350975916000039
Doherty/Gibson Playground,N/A,Dorchester,88,Athletic Seating,Dugout,Companion Seating ,UA,N/A,N/A,POINT (-71.061436036999964 42.29719631200004),-71.061436036999964,42.297196312000040
Doherty/Gibson Playground,N/A,Dorchester,88,Athletic Seating,Dugout,No Companion Seating ,UA,N/A,N/A,POINT (-71.061563687999978 42.297388562000037),-71.061563687999978,42.297388562000037
Doherty/Gibson Playground,N/A,Dorchester,88,Athletic Seating,Players Bench,Companion Seating ,UA,N/A,N/A,POINT (-71.062475679999977 42.297700355000075),-71.062475679999977,42.297700355000075
Doherty/Gibson Playground,N/A,Dorchester,88,Athletic Seating,Players Bench,Companion Seating ,UA,N/A,N/A,POINT (-71.062582289999966 42.297694236000041),-71.062582289999966,42.297694236000041
Hemenway Playground,N/A,Dorchester,151,Athletic Seating,Dugout,Companion Seating ,UA,N/A,N/A,POINT (-71.056031149999967 42.291564698000059),-71.056031149999967,42.291564698000059
Hemenway Playground,N/A,Dorchester,151,Athletic Seating,Dugout,Companion Seating ,UA,N/A,N/A,POINT (-71.056293227999959 42.291656720000049),-71.056293227999959,42.291656720000049
Back Bay Fens,N/A,Fenway/Longwood,13,Athletic Seating,Dugout,Companion Seating ,UA,N/A,N/A,POINT (-71.098184609999976 42.340347754000049),-71.098184609999976,42.340347754000049
Back Bay Fens,N/A,Fenway/Longwood,13,Athletic Seating,Dugout,Companion Seating ,UA,N/A,N/A,POINT (-71.098194796999962 42.340506152000046),-71.098194796999962,42.340506152000046
Back Bay Fens,N/A,Fenway/Longwood,13,Athletic Seating,Dugout,Companion Seating ,UA,N/A,N/A,POINT (-71.09726322299997 42.341273457000057),-71.097263222999970,42.341273457000057
Back Bay Fens,N/A,Fenway/Longwood,13,Athletic Seating,Dugout,Companion Seating ,UA,N/A,N/A,POINT (-71.097049080999966 42.341284193000035),-71.097049080999966,42.341284193000035
Iacono/Readville Playground,N/A,Hyde Park,160,Athletic Seating,Bleacher,Companion Seating,UA,N/A,N/A,POINT (-71.13464761299997 42.239217933000077),-71.134647612999970,42.239217933000077
Iacono/Readville Playground,N/A,Hyde Park,160,Athletic Seating,Bleacher,Companion Seating,UA,N/A,N/A,POINT (-71.135135212999955 42.239591155000028),-71.135135212999955,42.239591155000028
Jamaica Pond Park,N/A,Jamaica Plain,163,Athletic Seating,Dugout,No Companion Seating ,UA,N/A,N/A,POINT (-71.119040704999975 42.320832792000033),-71.119040704999975,42.320832792000033
McLaughlin Playground,N/A,Mission Hill,194,Athletic Seating,Dugout,Companion Seating ,UA,N/A,N/A,POINT (-71.102476828999954 42.328749138000035),-71.102476828999954,42.328749138000035
McLaughlin Playground,N/A,Mission Hill,194,Athletic Seating,Dugout,Companion Seating ,UA,N/A,N/A,POINT (-71.102690536999944 42.32868432600003),-71.102690536999944,42.328684326000030
McLaughlin Playground,N/A,Mission Hill,194,Athletic Seating,Players Bench,Companion Seating ,UA,N/A,N/A,POINT (-71.103451843999949 42.328474523000068),-71.103451843999949,42.328474523000068
McLaughlin Playground,N/A,Mission Hill,194,Athletic Seating,Players Bench,Companion Seating ,UA,N/A,N/A,POINT (-71.103501634999986 42.32848892800007),-71.103501634999986,42.328488928000070
McLaughlin Playground,N/A,Mission Hill,194,Athletic Seating,Dugout,Companion Seating ,UA,N/A,N/A,POINT (-71.101057551999986 42.328034309000031),-71.101057551999986,42.328034309000031
McLaughlin Playground,N/A,Mission Hill,194,Athletic Seating,Dugout,Companion Seating ,Covered,N/A,N/A,POINT (-71.10078271499998 42.328148029000033),-71.100782714999980,42.328148029000033
Olmsted Park,N/A,Jamaica Plain,221,Athletic Seating,Dugout,No Companion Seating ,UA,N/A,N/A,POINT (-71.11398934999994 42.325569077000068),-71.113989349999940,42.325569077000068
Olmsted Park,N/A,Jamaica Plain,221,Athletic Seating,Bleacher ,No Companion Seating ,UA,N/A,N/A,POINT (-71.114265995999972 42.325345622000043),-71.114265995999972,42.325345622000043
Harambee Park,N/A,Dorchester,142,Athletic Seating,Dugout,Companion Seating ,UA,N/A,N/A,POINT (-71.082629127999951 42.292882964000057),-71.082629127999951,42.292882964000057
Harambee Park,N/A,Dorchester,142,Athletic Seating,Dugout,Companion Seating ,UA,N/A,N/A,POINT (-71.082346720999965 42.292974618000073),-71.082346720999965,42.292974618000073
Walker Playground,N/A,Mattapan,310,Athletic Seating,Players Bench,UA,UA,N/A,N/A,POINT (-71.089728399999956 42.277909472000033),-71.089728399999956,42.277909472000033
Fallon Field,N/A,Roslindale,112,Athletic Seating,Dugout,No Companion Seating ,UA,N/A,N/A,POINT (-71.135446010999942 42.287235022000061),-71.135446010999942,42.287235022000061
Healy Playground,N/A,Roslindale,149,Athletic Seating,Players Bench,UA,UA,N/A,N/A,POINT (-71.125264819999984 42.288572930000043),-71.125264819999984,42.288572930000043
Healy Playground,N/A,Roslindale,149,Athletic Seating,Players Bench,UA,UA,N/A,N/A,POINT (-71.123609729999941 42.28765917100003),-71.123609729999941,42.287659171000030
Healy Playground,N/A,Roslindale,149,Athletic Seating,Dugout,No Companion Seating ,UA,N/A,N/A,POINT (-71.123205390999942 42.287521516000027),-71.123205390999942,42.287521516000027
Parkman Playground,N/A,Jamaica Plain,229,Athletic Seating,Dugout,N/A,UA,N/A,N/A,POINT (-71.11341704299997 42.296070412000063),-71.113417042999970,42.296070412000063
Parkman Playground,N/A,Jamaica Plain,229,Athletic Seating,Dugout,N/A,UA,N/A,N/A,POINT (-71.112526098999979 42.296081494000077),-71.112526098999979,42.296081494000077
Parkman Playground,N/A,Jamaica Plain,229,Athletic Seating,Dugout,N/A,UA,N/A,N/A,POINT (-71.112549415999979 42.296327592000068),-71.112549415999979,42.296327592000068
Clifford Playground,N/A,Roxbury,59,Athletic Seating,Players Bench,Companion Seating ,UA,N/A,N/A,POINT (-71.067856331999963 42.326405346000058),-71.067856331999963,42.326405346000058
Clifford Playground,N/A,Roxbury,59,Athletic Seating,Players Bench,Companion Seating ,UA,N/A,N/A,POINT (-71.067901026999948 42.326182671000026),-71.067901026999948,42.326182671000026
Madison Park H.S. Athletic Fields,N/A,Roxbury,183,Basketball,Full,N/A,N/A,N/A,N/A,POINT (-71.086007301999985 42.332483841000055),-71.086007301999985,42.332483841000055
Madison Park H.S. Athletic Fields,N/A,Roxbury,183,Basketball,Full,N/A,N/A,N/A,N/A,POINT (-71.085821951999947 42.332400093000047),-71.085821951999947,42.332400093000047
Madison Park H.S. Athletic Fields,N/A,Roxbury,183,Basketball,Half,N/A,N/A,N/A,N/A,POINT (-71.085894350999979 42.332675248000044),-71.085894350999979,42.332675248000044
Madison Park H.S. Athletic Fields,N/A,Roxbury,183,Basketball,Half,N/A,N/A,N/A,N/A,POINT (-71.085666189999984 42.332598178000069),-71.085666189999984,42.332598178000069
Moakley Park,N/A,South Boston,200,Athletic Seating,Bleacher,No Companion Seating ,UA,N/A,N/A,POINT (-71.048238947999948 42.329006504000063),-71.048238947999948,42.329006504000063
Moakley Park,N/A,South Boston,200,Athletic Seating,Bleacher,No Companion Seating ,UA,N/A,N/A,POINT (-71.048914804999981 42.329173870000034),-71.048914804999981,42.329173870000034
Moakley Park,N/A,South Boston,200,Athletic Seating,Dugout,No Companion Seating ,UA,N/A,N/A,POINT (-71.048788262999949 42.329090604000044),-71.048788262999949,42.329090604000044
Moakley Park,N/A,South Boston,200,Athletic Seating,Dugout,No Companion Seating ,UA,N/A,N/A,POINT (-71.05072277499994 42.328565418000039),-71.050722774999940,42.328565418000039
Moakley Park,N/A,South Boston,200,Athletic Seating,Bleacher,No Companion Seating ,UA,N/A,N/A,POINT (-71.050072573999955 42.328121200000055),-71.050072573999955,42.328121200000055
Moakley Park,N/A,South Boston,200,Athletic Seating,Dugout,No Companion Seating ,UA,N/A,N/A,POINT (-71.049768590999975 42.327761711000051),-71.049768590999975,42.327761711000051
Moakley Park,N/A,South Boston,200,Athletic Seating,Bleacher,Companion Seating ,UA,N/A,N/A,POINT (-71.050091811999948 42.329710249000073),-71.050091811999948,42.329710249000073
Moakley Park,N/A,South Boston,200,Athletic Seating,Dugout,No Companion Seating ,UA,N/A,N/A,POINT (-71.050058403999969 42.327973928000063),-71.050058403999969,42.327973928000063
Moakley Park,N/A,South Boston,200,Athletic Seating,Dugout,No Companion Seating ,UA,N/A,N/A,POINT (-71.05175823999997 42.327321027000039),-71.051758239999970,42.327321027000039
Moakley Park,N/A,South Boston,200,Athletic Seating,Dugout,Companion Seating ,UA,N/A,N/A,POINT (-71.051728890999982 42.32564431000003),-71.051728890999982,42.325644310000030
Moakley Park,N/A,South Boston,200,Athletic Seating,Dugout,Companion Seating ,UA,N/A,N/A,POINT (-71.051706194999952 42.325414671000033),-71.051706194999952,42.325414671000033
Moakley Park,N/A,South Boston,200,Athletic Seating,Dugout,No Companion Seating ,UA,N/A,N/A,POINT (-71.049634452999953 42.329853451000076),-71.049634452999953,42.329853451000076
Moakley Park,N/A,South Boston,200,Athletic Seating,Dugout,No Companion Seating ,UA,N/A,N/A,POINT (-71.049921487999939 42.32982459200008),-71.049921487999939,42.329824592000080
Moakley Park,N/A,South Boston,200,Athletic Seating,Dugout,No Companion Seating ,UA,N/A,N/A,POINT (-71.051816124999959 42.327907512000024),-71.051816124999959,42.327907512000024
Moakley Park,N/A,South Boston,200,Athletic Seating,Dugout,No Companion Seating ,UA,N/A,N/A,POINT (-71.051813140999968 42.328098646000058),-71.051813140999968,42.328098646000058
Moakley Park,N/A,South Boston,200,Athletic Seating,Dugout,No Companion Seating ,UA,N/A,N/A,POINT (-71.050579734999985 42.324802612000042),-71.050579734999985,42.324802612000042
Moakley Park,N/A,South Boston,200,Athletic Seating,Dugout,No Companion Seating ,UA,N/A,N/A,POINT (-71.050182163999978 42.324768895000034),-71.050182163999978,42.324768895000034
Ramsay Park,N/A,Roxbury,254,Athletic Seating,Bleacher,No Companion Seating,UA,N/A,N/A,POINT (-71.080701403999967 42.333846333000054),-71.080701403999967,42.333846333000054
Ramsay Park,N/A,Roxbury,254,Athletic Seating,Bleacher,No Companion Seating,UA,N/A,N/A,POINT (-71.080964403999985 42.333815332000029),-71.080964403999985,42.333815332000029
Billings Field,N/A,West Roxbury,23,Athletic Seating,Players Bench,No Companion Seating ,UA,N/A,N/A,POINT (-71.157216394999978 42.280898929000045),-71.157216394999978,42.280898929000045
Draper Playground,N/A,West Roxbury,93,Athletic Seating,Dugout,No Companion Seating ,UA,N/A,N/A,POINT (-71.160875246999979 42.260987207000028),-71.160875246999979,42.260987207000028
Draper Playground,N/A,West Roxbury,93,Athletic Seating,Dugout,No Companion Seating ,UA,N/A,N/A,POINT (-71.161126463999949 42.260951740000053),-71.161126463999949,42.260951740000053
Ringer Playground,N/A,Allston-Brighton,259,Playground,PIP Rubber,N/A,N/A,N/A,"2-5,5-12",POINT (-71.137997870999982 42.350756689000036),-71.137997870999982,42.350756689000036
DeFilippo Playground,N/A,Central Boston,81,Playground,PIP Rubber,N/A,N/A,N/A,2-5,POINT (-71.056787588999953 42.366253972000038),-71.056787588999953,42.366253972000038
Fidelis Way Park,N/A,Allston-Brighton,117,Playground,"Engineered Wood Fiber, PIP Rubber",N/A,N/A,N/A,"2-5,5-12",POINT (-71.14361665499996 42.347888234000038),-71.143616654999960,42.347888234000038
McKinney Playground,N/A,Allston-Brighton,193,Playground,"Engineered Wood Fiber, PIP Rubber",N/A,N/A,N/A,"2-5,5-12",POINT (-71.153525443999968 42.355302985000037),-71.153525443999968,42.355302985000037
Edgerly Road Playground,N/A,Fenway/Longwood,99,Playground,PIP Rubber,N/A,N/A,N/A,"2-5,5-12",POINT (-71.087942004999945 42.346350074000043),-71.087942004999945,42.346350074000043
Ross Playground,N/A,Hyde Park,270,Playground,PIP Rubber,N/A,N/A,N/A,"2-5,5-12",POINT (-71.111667438999973 42.263247147000072),-71.111667438999973,42.263247147000072
Amatucci Playground,N/A,Hyde Park,7,Playground,PIP Rubber,N/A,N/A,N/A,"2-5,5-12",POINT (-71.126227761999985 42.248560242000053),-71.126227761999985,42.248560242000053
Iacono/Readville Playground,N/A,Hyde Park,160,Playground,PIP Rubber,N/A,N/A,N/A,"2-5,5-12",POINT (-71.135638570999959 42.239089901000057),-71.135638570999959,42.239089901000057
Gibbons Playground,N/A,Mission Hill,133,Playground,PIP Rubber,N/A,N/A,N/A,"2-5,5-12",POINT (-71.098340610999969 42.331232341000032),-71.098340610999969,42.331232341000032
McLaughlin Playground,N/A,Mission Hill,194,Playground,"Engineered Wood Fiber, PIP Rubber",N/A,N/A,N/A,"2-5,5-12",POINT (-71.103293909999934 42.328941916000076),-71.103293909999934,42.328941916000076
Jefferson Playground,N/A,Jamaica Plain,165,Playground,PIP Rubber,N/A,N/A,N/A,5-12,POINT (-71.109038102999989 42.326208979000057),-71.109038102999989,42.326208979000057
Mozart Street Playground,N/A,Jamaica Plain,209,Playground,"Engineered Wood Fiber, PIP Rubber",N/A,N/A,N/A,"2-5,5-12",POINT (-71.104506756999967 42.322535176000031),-71.104506756999967,42.322535176000031
Brewer-Burroughs Tot Lot,N/A,Jamaica Plain,31,Playground,"PIP Rubber, Sand",N/A,N/A,N/A,2-5,POINT (-71.115539364999961 42.311708055000054),-71.115539364999961,42.311708055000054
Harambee Park,Harambee Park (Talbot Street),Dorchester,142,Playground,"Engineered Wood Fiber, PIP Rubber",N/A,N/A,N/A,"2-5,5-12",POINT (-71.08302972499996 42.293122385000061),-71.083029724999960,42.293122385000061
Thetford/Evans Playground,N/A,Dorchester,302,Playground,PIP Rubber,N/A,N/A,N/A,"2-5,5-12",POINT (-71.077720872999976 42.283126417000062),-71.077720872999976,42.283126417000062
Walker Playground,N/A,Mattapan,310,Playground,PIP Rubber,N/A,N/A,N/A,"2-5,5-12",POINT (-71.090571225999952 42.277824599000041),-71.090571225999952,42.277824599000041
Parkman Playground,N/A,Jamaica Plain,229,Playground,PIP Rubber,N/A,N/A,N/A,"2-5,5-12",POINT (-71.113725144999933 42.29573864300005),-71.113725144999933,42.295738643000050
Healy Playground,N/A,Roslindale,149,Playground,PIP Rubber,N/A,N/A,N/A,"2-5,5-12",POINT (-71.122473250999974 42.287995683000076),-71.122473250999974,42.287995683000076
Fallon Field,N/A,Roslindale,112,Playground,PIP Rubber,N/A,N/A,N/A,"2-5,5-12",POINT (-71.136090829999944 42.287829678000037),-71.136090829999944,42.287829678000037
Clifford Playground,Norfolk Avenue,Roxbury,59,Playground,UA,N/A,N/A,N/A,"2-5,5-12",POINT (-71.070413456999972 42.326258239000026),-71.070413456999972,42.326258239000026
Hannon Playground,N/A,Roxbury,141,Playground,PIP Rubber,Bucket Swing,N/A,N/A,"2-5,5-12",POINT (-71.071305957999982 42.319854320000047),-71.071305957999982,42.319854320000047
Doris F. Tillman Playground,N/A,Roxbury,174,Playground,PIP Rubber,N/A,N/A,N/A,"2-5,5-12",POINT (-71.090719569999976 42.327080479000074),-71.090719569999976,42.327080479000074
Laviscount Park,N/A,Roxbury,177,Playground,PIP Rubber,N/A,N/A,N/A,"2-5,5-12",POINT (-71.086318612999946 42.316343473000074),-71.086318612999946,42.316343473000074
Trotter School Playground,N/A,Roxbury,306,Playground,Engineered Wood Fiber,N/A,N/A,N/A,"2-5,5-12",POINT (-71.088394476999952 42.315065883000045),-71.088394476999952,42.315065883000045
Marcella Playground,N/A,Roxbury,187,Playground,PIP Rubber,N/A,N/A,N/A,"2-5,5-12",POINT (-71.095661357999973 42.323278855000069),-71.095661357999973,42.323278855000069
Franklin Park,El Parquesito,Jamaica Plain,124,Playground,PIP Rubber,N/A,N/A,N/A,"2-5,5-12",POINT (-71.096996358999945 42.311893385000076),-71.096996358999945,42.311893385000076
Franklin Park,Tiffany Moore,Jamaica Plain,124,Playground,PIP Rubber,N/A,N/A,N/A,"2-5,5-12",POINT (-71.091555268999969 42.30881725200004),-71.091555268999969,42.308817252000040
Franklin Park,American Legion Highway,Jamaica Plain,124,Playground,PIP Rubber,N/A,N/A,N/A,"2-5,5-12",POINT (-71.090347730999952 42.297745116000044),-71.090347730999952,42.297745116000044
Jamaica Pond Park,N/A,Jamaica Plain,163,Athletic Seating,Dugout,No Companion Seating ,UA,N/A,N/A,POINT (-71.118826558999956 42.32096021600006),-71.118826558999956,42.320960216000060
Beauford Play Area,N/A,Roxbury,18,Playground,PIP Rubber,N/A,N/A,N/A,"2-5,5-12",POINT (-71.075648082999976 42.315904681000063),-71.075648082999976,42.315904681000063
Ceylon Park,Columbia Road,Dorchester,49,Playground,PIP Rubber,N/A,N/A,N/A,2-12,POINT (-71.073744784999974 42.309555468000042),-71.073744784999974,42.309555468000042
Ceylon Park,Magnolia Street,Dorchester,49,Playground,Engineered Wood Fiber,N/A,N/A,N/A,UA,POINT (-71.074278791999973 42.310611061000031),-71.074278791999973,42.310611061000031
Christopher Lee Playground,N/A,South Boston,57,Athletic Seating,Dugout,No Companion Seating ,UA,N/A,N/A,POINT (-71.031673635999937 42.337343500000031),-71.031673635999937,42.337343500000031
Christopher Lee Playground,N/A,South Boston,57,Athletic Seating,Dugout,No Companion Seating ,UA,N/A,N/A,POINT (-71.033048742999938 42.33732234200005),-71.033048742999938,42.337322342000050
Christopher Lee Playground,N/A,South Boston,57,Athletic Seating,Bleacher,Companion Seating ,UA,N/A,N/A,POINT (-71.032955965999975 42.337271507000025),-71.032955965999975,42.337271507000025
Christopher Lee Playground,N/A,South Boston,57,Athletic Seating,Dugout,No Companion Seating ,UA,N/A,N/A,POINT (-71.031437514999936 42.337490353000078),-71.031437514999936,42.337490353000078
Orton Field,N/A,South Boston,222,Athletic Seating,Dugout,Companion Seating ,UA,N/A,N/A,POINT (-71.053150874999972 42.338438118000056),-71.053150874999972,42.338438118000056
Mt. Pleasant Play Area,N/A,Roxbury,208,Playground,PIP Rubber,N/A,N/A,N/A,"2-5,5-12",POINT (-71.079232904999969 42.327231097000038),-71.079232904999969,42.327231097000038
Howes Playground,N/A,Roxbury,158,Playground,PIP Rubber,N/A,N/A,N/A,"2-5,5-12",POINT (-71.079131741999959 42.324093125000047),-71.079131741999959,42.324093125000047
Little Scobie Playground,N/A,Roxbury,181,Playground,PIP Rubber,N/A,N/A,N/A,"2-5,5-12",POINT (-71.08051493399995 42.32257701900005),-71.080514933999950,42.322577019000050
Erie/Ellington Playground,N/A,Dorchester,108,Playground,PIP Rubber,N/A,N/A,N/A,"2-5,5-12",POINT (-71.083667214999934 42.30128772900008),-71.083667214999934,42.301287729000080
Holborn Street Playlot,N/A,Roxbury,155,Playground,PIP Rubber,N/A,N/A,N/A,"2-5,5-12",POINT (-71.082602961999953 42.315289842000027),-71.082602961999953,42.315289842000027
Medal of Honor Park,N/A,South Boston,196,Playground,PIP Rubber,N/A,N/A,N/A,"2-5,5-12",POINT (-71.032261600999959 42.337024810000059),-71.032261600999959,42.337024810000059
Smith Playground,N/A,Allston-Brighton,284,Playground,PIP Rubber,N/A,N/A,N/A,"2-5,5-12",POINT (-71.132376194999949 42.363561401000027),-71.132376194999949,42.363561401000027
Portsmouth Street Playground,N/A,Allston-Brighton,243,Playground,PIP Rubber,N/A,N/A,N/A,"2-5,5-12",POINT (-71.144646073999979 42.359411099000056),-71.144646073999979,42.359411099000056
Hobart Park,N/A,Allston-Brighton,154,Playground,"Engineered Wood Fiber, PIP Rubber",N/A,N/A,N/A,"2-5,5-12",POINT (-71.161423643999967 42.355472028000065),-71.161423643999967,42.355472028000065
Joyce Playground,N/A,Allston-Brighton,169,Playground,PIP Rubber,N/A,N/A,N/A,"2-5,5-12",POINT (-71.151184771999965 42.345299407000027),-71.151184771999965,42.345299407000027
Hardiman Playground,N/A,Allston-Brighton,143,Playground,"Engineered Wood Fiber, PIP Rubber",N/A,N/A,N/A,"2-5,5-12",POINT (-71.166533607999952 42.351284303000057),-71.166533607999952,42.351284303000057
Downer Avenue Playground,N/A,Dorchester,92,Playground,PIP Rubber,N/A,N/A,N/A,"2-5,5-12",POINT (-71.061647369999946 42.311633335000067),-71.061647369999946,42.311633335000067
McConnell Park,N/A,Dorchester,191,Playground,PIP Rubber,N/A,N/A,N/A,"2-5,5-12",POINT (-71.051699846999952 42.308214375000034),-71.051699846999952,42.308214375000034
Boston Common,Tadpole Playground,Back Bay/Beacon Hill,27,Playground,PIP Rubber,N/A,N/A,N/A,"2-5,5-12",POINT (-71.064688062999949 42.356099229000051),-71.064688062999949,42.356099229000051
Christopher Columbus Park,N/A,Central Boston,56,Playground,"PIP Rubber, Sand",N/A,N/A,N/A,5-12,POINT (-71.051234117999968 42.361724028000026),-71.051234117999968,42.361724028000026
Myrtle Street Playground,N/A,Back Bay/Beacon Hill,212,Playground,PIP Rubber,N/A,N/A,N/A,2-5,POINT (-71.066115491999938 42.359245117000057),-71.066115491999938,42.359245117000057
Langone Park,N/A,Central Boston,175,Playground,PIP Rubber,N/A,N/A,N/A,"2-5,5-12",POINT (-71.056761801999983 42.368700209000053),-71.056761801999983,42.368700209000053
Leo F. McCarthy Playground,N/A,Charlestown,101,Playground,PIP Rubber,N/A,N/A,N/A,"2-5,5-12",POINT (-71.068359046999944 42.37986061600003),-71.068359046999944,42.379860616000030
Doherty Playground,N/A,Charlestown,87,Playground,PIP Rubber,N/A,N/A,N/A,5-12,POINT (-71.06772626999998 42.382402619000061),-71.067726269999980,42.382402619000061
Noyes Playground,N/A,East Boston,216,Playground,PIP Rubber,N/A,N/A,N/A,"2-5,5-12",POINT (-71.010968333999983 42.388515594000069),-71.010968333999983,42.388515594000069
Cook Street Play Area,N/A,Charlestown,68,Playground,PIP Rubber,N/A,N/A,N/A,"2-5,5-12",POINT (-71.06414876599996 42.380939506000061),-71.064148765999960,42.380939506000061
American Legion Playground,N/A,East Boston,9,Playground,PIP rubber,N/A,N/A,N/A,"2-5,5-12",POINT (-71.030093501999943 42.382415432000073),-71.030093501999943,42.382415432000073
Paris Street Playground,N/A,East Boston,226,Playground,PIP Rubber,N/A,N/A,N/A,"2-5,5-12",POINT (-71.037275136999938 42.372178430000076),-71.037275136999938,42.372178430000076
Porzio Park,N/A,East Boston,244,Playground,"Engineered Wood Fiber, PIP Rubber",N/A,N/A,N/A,"2-5,5-12",POINT (-71.028854336999984 42.365146759000027),-71.028854336999984,42.365146759000027
Flaherty Park,N/A,South Boston,118,Playground,PIP Rubber,N/A,N/A,N/A,"2-5,5-12",POINT (-71.053015464999987 42.341809191000038),-71.053015464999987,42.341809191000038
Sweeney Playground,N/A,South Boston,297,Playground,PIP Rubber,N/A,N/A,N/A,"2-5,5-12",POINT (-71.051383275999967 42.337246360000051),-71.051383275999967,42.337246360000051
Ronan Park,N/A,Dorchester,268,Playground,"Engineered Wood Fiber, PIP Rubber",N/A,N/A,N/A,"2-5,5-12",POINT (-71.063902503999941 42.30505069600008),-71.063902503999941,42.305050696000080
Byrne Playground,N/A,Dorchester,39,Playground,PIP Rubber,N/A,N/A,N/A,"2-5,5-12",POINT (-71.052782492999938 42.300843711000027),-71.052782492999938,42.300843711000027
Doherty/Gibson Playground,N/A,Dorchester,88,Playground,PIP Rubber,N/A,N/A,N/A,"2-5,5-12",POINT (-71.061329462999936 42.297087264000027),-71.061329462999936,42.297087264000027
Hemenway Playground,N/A,Dorchester,151,Playground,PIP Rubber,N/A,N/A,N/A,"2-5,5-12",POINT (-71.05583461699996 42.291438403000029),-71.055834616999960,42.291438403000029
Roberts Playground,N/A,Dorchester,265,Playground,PIP Rubber,N/A,N/A,N/A,"2-5,5-12",POINT (-71.072691175999978 42.286241818000065),-71.072691175999978,42.286241818000065
Dorchester Park,N/A,Dorchester,90,Playground,PIP Rubber,N/A,N/A,N/A,"2-5,5-12",POINT (-71.066050593999933 42.275363879000054),-71.066050593999933,42.275363879000054
Ripley Playground,N/A,Dorchester,261,Playground,PIP Rubber,N/A,N/A,N/A,"2-5,5-12",POINT (-71.075944827999933 42.299270067000066),-71.075944827999933,42.299270067000066
Garvey Playground,N/A,Dorchester,130,Playground,PIP Rubber,N/A,N/A,N/A,"0-2,2-5,5-12",POINT (-71.044991312999969 42.287712377000048),-71.044991312999969,42.287712377000048
Adams/King Playground,N/A,Dorchester,2,Playground,PIP Rubber,N/A,N/A,N/A,"2-5,5-12",POINT (-71.056926278999981 42.293564207000031),-71.056926278999981,42.293564207000031
Hayes Park,N/A,South End,147,Playground,"PIP Rubber, Sand",N/A,N/A,N/A,"2-5,5-12",POINT (-71.075356890999956 42.343808628000033),-71.075356890999956,42.343808628000033
Madison Park H.S. Athletic Fields,N/A,Roxbury,183,Athletic Seating,Dugout,Companion Seating ,UA,N/A,N/A,POINT (-71.08743162199994 42.33289989900004),-71.087431621999940,42.332899899000040
Ringgold Park,N/A,South End,260,Playground,PIP Rubber,N/A,N/A,N/A,"2-5,5-12",POINT (-71.070160339999973 42.343462990000035),-71.070160339999973,42.343462990000035
Ramsay Park,N/A,Roxbury,254,Playground,PIP Rubber,N/A,N/A,N/A,"2-5,5-12",POINT (-71.080152360999989 42.334909940000045),-71.080152360999989,42.334909940000045
Msgr. Reynolds Playground,N/A,South End,202,Playground,PIP Rubber,N/A,N/A,N/A,"2-5,5-12",POINT (-71.070482819999938 42.34039905700007),-71.070482819999938,42.340399057000070
Billings Field,N/A,West Roxbury,23,Playground,PIP Rubber,N/A,N/A,N/A,"0-2,2-5,5-12",POINT (-71.156553530999986 42.280129588000079),-71.156553530999986,42.280129588000079
Draper Playground,N/A,West Roxbury,93,Playground,PIP Rubber,N/A,N/A,N/A,"2-5,5-12",POINT (-71.160064188999968 42.259805119000077),-71.160064188999968,42.259805119000077
Penniman Road Play Area,N/A,Allston-Brighton,234,Playground,PIP Rubber,N/A,N/A,N/A,"2-5,5-12",POINT (-71.137242378999986 42.355126102000042),-71.137242378999986,42.355126102000042
Back Bay Fens,Mother's Rest Playground,Fenway/Longwood,13,Playground,PIP Rubber,N/A,N/A,N/A,"2-5,5-12",POINT (-71.091144778999933 42.345621380000068),-71.091144778999933,42.345621380000068
O'Day Playground,N/A,South End,219,Playground,PIP Rubber,Bucket Swing,N/A,N/A,"2-5,5-12",POINT (-71.075257988999965 42.340794907000031),-71.075257988999965,42.340794907000031
LoPresti Park,N/A,East Boston,182,Playground,PIP Rubber,N/A,N/A,N/A,"2-5,5-12",POINT (-71.043574822999972 42.370291469000051),-71.043574822999972,42.370291469000051
Caldwell Street Play Area,N/A,Charlestown,40,Playground,PIP Rubber,N/A,N/A,N/A,"2-5,5-12",POINT (-71.077889854999967 42.385309502000041),-71.077889854999967,42.385309502000041
Stonehill Park,N/A,Hyde Park,295,Playground,PIP Rubber,N/A,N/A,N/A,"2-5,5-12",POINT (-71.141014712999947 42.25483470100005),-71.141014712999947,42.254834701000050
Nellie Miranda Memorial Park,N/A,Dorchester,213,Playground,PIP Rubber,N/A,N/A,N/A,"2-5,5-12",POINT (-71.065163579999933 42.31873704000003),-71.065163579999933,42.318737040000030
Forbes Street Playground,N/A,Jamaica Plain,120,Playground,PIP Rubber,N/A,N/A,N/A,"2-5,5-12",POINT (-71.106027119999965 42.320543413000053),-71.106027119999965,42.320543413000053
Moakley Park,Dottie Curran,South Boston,200,Playground,PIP Rubber,N/A,N/A,N/A,"2-5,5-12",POINT (-71.051907292999942 42.324894580000034),-71.051907292999942,42.324894580000034
Moakley Park,Ollie,South Boston,200,Playground,PIP Rubber,N/A,N/A,N/A,"2-5,5-12",POINT (-71.051661212999988 42.328631932000064),-71.051661212999988,42.328631932000064
Shubow Park I,N/A,Allston-Brighton,283,Playground,"Engineered Wood Fiber, PIP Rubber",N/A,N/A,N/A,"2-5,5-12",POINT (-71.151989030999971 42.340458697000031),-71.151989030999971,42.340458697000031
Newland Street Park,N/A,South End,348,Playground,Engineered Wood Fiber,N/A,N/A,N/A,5-12,POINT (-71.075854596999989 42.339184915000033),-71.075854596999989,42.339184915000033
Madison Park H.S. Athletic Fields,N/A,Roxbury,183,Athletic Seating,Dugout,Companion Seating ,UA,N/A,N/A,POINT (-71.087507241999958 42.333112973000027),-71.087507241999958,42.333112973000027
Hunt Playground,N/A,Mattapan,6,Playground,PIP Rubber,N/A,N/A,N/A,"2-5,5-12",POINT (-71.096385994999935 42.275352927000029),-71.096385994999935,42.275352927000029
Clifford Playground,Massachusetts Avenue,Roxbury,59,Playground,UA,N/A,N/A,N/A,"2-5,5-12",POINT (-71.067309825999985 42.326807858000052),-71.067309825999985,42.326807858000052
Rogers Park,N/A,Allston-Brighton,267,Playground,"Engineered Wood Fiber, PIP Rubber",N/A,N/A,N/A,"2-5,5-12",POINT (-71.158671099999935 42.347558778000064),-71.158671099999935,42.347558778000064
Elliot Norton Park,N/A,Central Boston,104,Playground,PIP Rubber,N/A,N/A,N/A,"2-5,5-12",POINT (-71.065754631999937 42.348998154000071),-71.065754631999937,42.348998154000071
Cuneo Park,N/A,East Boston,74,Playground,PIP Rubber,N/A,N/A,N/A,"2-5,5-12",POINT (-71.016728331999957 42.383811079000054),-71.016728331999957,42.383811079000054
John Harvard Mall,N/A,Charlestown,145,Playground,PIP Rubber ,N/A,N/A,N/A,2-5,POINT (-71.062958882999965 42.372884567000028),-71.062958882999965,42.372884567000028
Tai Tung Park,N/A,Central Boston,299,Playground,PIP Rubber (turf on top),N/A,N/A,N/A,2-5,POINT (-71.06162233699996 42.348325211000031),-71.061622336999960,42.348325211000031
Ernst Chery Jr. Playground,N/A,Mattapan,109,Playground,PIP Rubber,N/A,N/A,N/A,"2-5,5-12",POINT (-71.099098261999984 42.274281575000032),-71.099098261999984,42.274281575000032
Union Park Street Playground,N/A,South End,309,Playground,Engineered Wood Fiber,N/A,N/A,N/A,5-12,POINT (-71.06579826799998 42.339460324000072),-71.065798267999980,42.339460324000072
St James Street Park,N/A,Roxbury,292,Playground,PIP Rubber,N/A,N/A,N/A,5-12,POINT (-71.085120970999981 42.327029938000067),-71.085120970999981,42.327029938000067
Christopher Lee Playground,N/A,South Boston,57,Playground,Engineered Wood Fiber,N/A,N/A,N/A,"2-5,5-12",POINT (-71.031318219999946 42.337567421000074),-71.031318219999946,42.337567421000074
Dennis Street Park,N/A,Roxbury,85,Playground,PIP Rubber,N/A,N/A,N/A,2-5,POINT (-71.074482417999945 42.322228621000079),-71.074482417999945,42.322228621000079
Beethoven School Play Area,N/A,West Roxbury,20,Playground,PIP Rubber,N/A,N/A,N/A,"2-5,5-12",POINT (-71.155184709999958 42.263810747000036),-71.155184709999958,42.263810747000036
Madison Park H.S. Athletic Fields,N/A,Roxbury,183,Tennis,Full,N/A,N/A,N/A,N/A,POINT (-71.086130637999986 42.331629622000037),-71.086130637999986,42.331629622000037
James H. Roberts Playground,N/A,Allston-Brighton,156,Playground,PIP Rubber,N/A,N/A,N/A,"2-5,5-12",POINT (-71.125366396999937 42.359713370000065),-71.125366396999937,42.359713370000065
Elmhurst Street Park,N/A,Dorchester,106,Playground,PIP Rubber,N/A,N/A,N/A,"2-5,5-12",POINT (-71.076391981999961 42.289319404000025),-71.076391981999961,42.289319404000025
Phillips Street Play Area,N/A,Back Bay/Beacon Hill,237,Playground,PIP Rubber,N/A,N/A,N/A,5-12,POINT (-71.067331451999962 42.360582678000071),-71.067331451999962,42.360582678000071
Madison Park H.S. Athletic Fields,N/A,Roxbury,183,Tennis,Full,N/A,N/A,N/A,N/A,POINT (-71.085908620999987 42.331922288000044),-71.085908620999987,42.331922288000044
Frieda Garcia Park,N/A,Back Bay/Beacon Hill,127,Playground,PIP Rubber,N/A,N/A,N/A,"2-5,5-12",POINT (-71.073443083999962 42.348180256000035),-71.073443083999962,42.348180256000035
Menino Park,N/A,Charlestown,2202,Playground,PIP Rubber,N/A,N/A,N/A,"2-5,5-12",POINT (-71.048449554999934 42.37802130700004),-71.048449554999934,42.378021307000040
Peter Looney Park,N/A,Charlestown,235,Playground,PIP Rubber,N/A,N/A,N/A,"2-5,5-12",POINT (-71.06556360999997 42.374139034000052),-71.065563609999970,42.374139034000052
Tebroc Street Playlot,N/A,Dorchester,349,Playground,Engineered Wood Fiber,N/A,N/A,N/A,2-5,POINT (-71.07023690799997 42.303645832000029),-71.070236907999970,42.303645832000029
American Legion Playground,N/A,East Boston,9,Soccer,Practice Court,N/A,Artificial Turf,N/A,N/A,POINT (-71.029540784999938 42.382414364000056),-71.029540784999938,42.382414364000056
Fallon Field,N/A,Roslindale,112,Street Hockey,N/A,N/A,N/A,N/A,N/A,POINT (-71.136474009999972 42.287473472000045),-71.136474009999972,42.287473472000045
Garvey Playground,N/A,Dorchester,130,Street Hockey,N/A,N/A,N/A,N/A,N/A,POINT (-71.044771729999979 42.28756945400005),-71.044771729999979,42.287569454000050
Adams/King Playground,N/A,Dorchester,2,Street Hockey,N/A,N/A,N/A,N/A,N/A,POINT (-71.056646987999954 42.293514839000068),-71.056646987999954,42.293514839000068
Byrne Playground,N/A,Dorchester,39,Street Hockey,N/A,Pickleball x 2,N/A,N/A,N/A,POINT (-71.052500788999964 42.301141249000068),-71.052500788999964,42.301141249000068
McKinney Playground,N/A,Allston-Brighton,193,Street Hockey,N/A,N/A,N/A,N/A,N/A,POINT (-71.152413122999974 42.355301676000067),-71.152413122999974,42.355301676000067
Porzio Park,N/A,East Boston,244,Street Hockey,N/A,Pickleball x 1,N/A,N/A,N/A,POINT (-71.028886513999964 42.363915108000072),-71.028886513999964,42.363915108000072
DeFilippo Playground,N/A,Central Boston,81,Street Hockey,N/A,N/A,N/A,N/A,N/A,POINT (-71.056928236999966 42.366402752000056),-71.056928236999966,42.366402752000056
Leo F. McCarthy Playground,N/A,Charlestown,101,Street Hockey,N/A,N/A,N/A,N/A,N/A,POINT (-71.068142189999946 42.379516968000075),-71.068142189999946,42.379516968000075
Martin/Hilltop Playground,N/A,Dorchester,189,Playground,PIP Rubber,N/A,N/A,N/A,"2-5,5-12",POINT (-71.052897504999976 42.279361433000076),-71.052897504999976,42.279361433000076
Martin's Park,Ship Playground,South Boston,333,Playground,PIP Rubber,N/A,N/A,N/A,"0-2,2-5,5-12",POINT (-71.048979815999985 42.353049450000071),-71.048979815999985,42.353049450000071
Peters Park I,N/A,South End,236,Basketball,Full,N/A,N/A,N/A,N/A,POINT (-71.067338373999974 42.343097193000062),-71.067338373999974,42.343097193000062
Peters Park I,N/A,South End,236,Basketball,Full,N/A,N/A,N/A,N/A,POINT (-71.067203645999939 42.343239936000032),-71.067203645999939,42.343239936000032
Peters Park I,N/A,South End,236,Dog Park,Small and Large Dogs,N/A,N/A,N/A,N/A,POINT (-71.067754008999941 42.342710120000049),-71.067754008999941,42.342710120000049
Peters Park I,N/A,South End,236,Handball,N/A,N/A,N/A,N/A,N/A,POINT (-71.067721695999978 42.343036642000072),-71.067721695999978,42.343036642000072
Peters Park I,N/A,South End,236,Handball,N/A,N/A,N/A,N/A,N/A,POINT (-71.067766843999948 42.343094638000025),-71.067766843999948,42.343094638000025
Peters Park I,N/A,South End,236,Athletic Seating,Dugout,No Companion Seating ,Covered (perforated),N/A,N/A,POINT (-71.066997875999959 42.343351488000053),-71.066997875999959,42.343351488000053
Peters Park I,N/A,South End,236,Playground,PIP Rubber,N/A,N/A,N/A,"2-5,5-12",POINT (-71.067396199999962 42.343484902000057),-71.067396199999962,42.343484902000057
Peters Park I,N/A,South End,236,Tennis,Full,Pickleball x 1,N/A,N/A,N/A,POINT (-71.067540467999947 42.343064799000047),-71.067540467999947,42.343064799000047
Franklin Park,N/A,Jamaica Plain,124,Tennis,Full,N/A,N/A,N/A,N/A,POINT (-71.099972349999973 42.300075918000061),-71.099972349999973,42.300075918000061
Franklin Park,N/A,Jamaica Plain,124,Tennis,Full,N/A,N/A,N/A,N/A,POINT (-71.100149063999936 42.300093596000067),-71.100149063999936,42.300093596000067
White Stadium,N/A,Jamaica Plain,2033,Tennis,Full,N/A,N/A,N/A,N/A,POINT (-71.094886481999936 42.308502072000067),-71.094886481999936,42.308502072000067
White Stadium,N/A,Jamaica Plain,2033,Tennis,Full,N/A,N/A,N/A,N/A,POINT (-71.094951590999983 42.308829156000058),-71.094951590999983,42.308829156000058
Clifford Playground,N/A,Roxbury,59,Athletic Seating,Players Bench,Companion Seating,UA,N/A,N/A,POINT (-71.069169293999948 42.325594883000065),-71.069169293999948,42.325594883000065
Clifford Playground,N/A,Roxbury,59,Athletic Seating,Players Bench,Companion Seating,UA,N/A,N/A,POINT (-71.069444908999969 42.32561761200003),-71.069444908999969,42.325617612000030
Franklin Park,N/A,Jamaica Plain,124,Athletic Seating,Players Bench,Companion Seating ,UA,N/A,N/A,POINT (-71.09987565299997 42.299980676000075),-71.099875652999970,42.299980676000075
Franklin Park,N/A,Jamaica Plain,124,Athletic Seating,Players Bench,Companion Seating ,UA,N/A,N/A,POINT (-71.099849122999956 42.300093825000033),-71.099849122999956,42.300093825000033
Franklin Park,N/A,Jamaica Plain,124,Athletic Seating,Players Bench,Companion Seating ,UA,N/A,N/A,POINT (-71.100241591999975 42.300148936000028),-71.100241591999975,42.300148936000028
Franklin Park,N/A,Jamaica Plain,124,Athletic Seating,Players Bench,Companion Seating ,UA,N/A,N/A,POINT (-71.100269146999949 42.300033299000063),-71.100269146999949,42.300033299000063
Franklin Park,N/A,Jamaica Plain,124,Athletic Seating,Dugout,N/A,UA,N/A,N/A,POINT (-71.093920907999973 42.308416259000069),-71.093920907999973,42.308416259000069
Franklin Park,N/A,Jamaica Plain,124,Athletic Seating,Dugout,No Companion Seating ,UA,N/A,N/A,POINT (-71.100298444999964 42.301605573000074),-71.100298444999964,42.301605573000074
Franklin Park,N/A,Jamaica Plain,124,Athletic Seating,Dugout,No Companion Seating ,UA,N/A,N/A,POINT (-71.100036112999987 42.301675805000059),-71.100036112999987,42.301675805000059
Franklin Park,N/A,Jamaica Plain,124,Athletic Seating,Dugout,N/A,UA,N/A,N/A,POINT (-71.093612174999976 42.308373724000035),-71.093612174999976,42.308373724000035
Franklin Park,N/A,Jamaica Plain,124,Athletic Seating,Dugout,N/A,UA,N/A,N/A,POINT (-71.094754036999973 42.306850874000077),-71.094754036999973,42.306850874000077
Quincy/Stanley Play Area,N/A,Dorchester,251,Playground,PIP Rubber,N/A,N/A,N/A,"2-5,5-12",POINT (-71.068705440999963 42.311202760000072),-71.068705440999963,42.311202760000072
Rev. Loesch Family Park,N/A,Dorchester,257,Basketball,Full,N/A,N/A,N/A,N/A,POINT (-71.066110267999989 42.290445525000052),-71.066110267999989,42.290445525000052
Rev. Loesch Family Park,N/A,Dorchester,257,Basketball,Full,N/A,N/A,N/A,N/A,POINT (-71.06624736599997 42.291046879000078),-71.066247365999970,42.291046879000078
Rev. Loesch Family Park,N/A,Dorchester,257,Playground,PIP Rubber,N/A,N/A,N/A,"2-5,5-12",POINT (-71.066573118999941 42.29101055700005),-71.066573118999941,42.291010557000050
Rossmore/Stedman Park,N/A,Jamaica Plain,271,Playground,PIP Rubber,N/A,N/A,N/A,2-5,POINT (-71.106721505999985 42.304659284000024),-71.106721505999985,42.304659284000024
Ryan Playground,N/A,Charlestown,274,Playground,PIP Rubber,N/A,N/A,N/A,"2-5,5-12",POINT (-71.072120259999963 42.385230040000067),-71.072120259999963,42.385230040000067
Ryan Playground,N/A,Charlestown,274,Street Hockey,N/A,N/A,N/A,N/A,N/A,POINT (-71.07195810199994 42.385469829000044),-71.071958101999940,42.385469829000044
South Street Mall & Courts,N/A,Jamaica Plain,288,Tennis,Full,Pickleball x 3,N/A,N/A,N/A,POINT (-71.115172376999965 42.307933430000048),-71.115172376999965,42.307933430000048
Iacono/Readville Playground,N/A,Hyde Park,160,Tennis,Full,N/A,N/A,N/A,N/A,POINT (-71.135065427999962 42.238916371000073),-71.135065427999962,42.238916371000073
Iacono/Readville Playground,N/A,Hyde Park,160,Tennis,Full,N/A,N/A,N/A,N/A,POINT (-71.135012763999953 42.239025613000081),-71.135012763999953,42.239025613000081
Ross Playground,N/A,Hyde Park,270,Tennis,Full,N/A,N/A,N/A,N/A,POINT (-71.113625393999939 42.263439862000041),-71.113625393999939,42.263439862000041
George Wright Golf Course,N/A,Roslindale,132,Tennis,Full,N/A,N/A,N/A,N/A,POINT (-71.132553854999969 42.269130351000058),-71.132553854999969,42.269130351000058
George Wright Golf Course,N/A,Roslindale,132,Tennis,Full,N/A,N/A,N/A,N/A,POINT (-71.13260592599994 42.269448995000062),-71.132605925999940,42.269448995000062
Hunt Playground,N/A,Mattapan,6,Tennis,Full,N/A,N/A,N/A,N/A,POINT (-71.097026443999937 42.274748275000036),-71.097026443999937,42.274748275000036
Hunt Playground,N/A,Mattapan,6,Tennis,Full,N/A,N/A,N/A,N/A,POINT (-71.09691490299997 42.274857646000044),-71.096914902999970,42.274857646000044
Hunt Playground,N/A,Mattapan,6,Tennis,Full,N/A,N/A,N/A,N/A,POINT (-71.096811265999975 42.274969001000045),-71.096811265999975,42.274969001000045
Walsh Playground,N/A,Mattapan,312,Tennis,Full,Pickleball x 1,N/A,N/A,N/A,POINT (-71.071527356999979 42.276546573000076),-71.071527356999979,42.276546573000076
Dorchester Park,N/A,Dorchester,90,Tennis,Full,Pickleball x 1,N/A,N/A,N/A,POINT (-71.063125445999958 42.276666902000045),-71.063125445999958,42.276666902000045
Dorchester Park,N/A,Dorchester,90,Tennis,Full,Pickleball x 1,N/A,N/A,N/A,POINT (-71.063295234999941 42.276791305000074),-71.063295234999941,42.276791305000074
Walker Playground,N/A,Mattapan,310,Tennis,Full,Pickleball x 1,N/A,N/A,N/A,POINT (-71.089894867999988 42.278236604000028),-71.089894867999988,42.278236604000028
Billings Field,N/A,West Roxbury,23,Tennis,Full,Pickleball x 2,N/A,N/A,N/A,POINT (-71.155326345999981 42.281373572000064),-71.155326345999981,42.281373572000064
Billings Field,N/A,West Roxbury,23,Tennis,Full,Pickleball x 2,N/A,N/A,N/A,POINT (-71.155385606999971 42.281724761000078),-71.155385606999971,42.281724761000078
Billings Field,N/A,West Roxbury,23,Tennis,Full,Pickleball x 2,N/A,N/A,N/A,POINT (-71.155515479999963 42.28204450000004),-71.155515479999963,42.282044500000040
South Street Mall & Courts,N/A,Jamaica Plain,288,Tennis,Full,Pickleball x 3,N/A,N/A,N/A,POINT (-71.114990808999949 42.307944638000038),-71.114990808999949,42.307944638000038
Sumner & Lamson Street Playground,N/A,East Boston,296,Basketball,Full,N/A,N/A,N/A,N/A,POINT (-71.032537934999937 42.365921456000081),-71.032537934999937,42.365921456000081
Sumner & Lamson Street Playground,N/A,East Boston,296,Playground,PIP Rubber,N/A,N/A,N/A,"2-5,5-12",POINT (-71.032585126999948 42.366101522000065),-71.032585126999948,42.366101522000065
Thetford/Evans Playground,N/A,Dorchester,302,Tennis,Full,N/A,N/A,N/A,N/A,POINT (-71.077970155999935 42.283284890000061),-71.077970155999935,42.283284890000061
Fallon Field,N/A,Roslindale,112,Tennis,Full,Pickleball x 1,N/A,N/A,N/A,POINT (-71.136256513999967 42.28741681200006),-71.136256513999967,42.287416812000060
Ripley Playground,N/A,Dorchester,261,Tennis,Full,N/A,N/A,N/A,N/A,POINT (-71.07624094099998 42.299681207000049),-71.076240940999980,42.299681207000049
Ripley Playground,N/A,Dorchester,261,Tennis,Full,N/A,N/A,N/A,N/A,POINT (-71.076089165999974 42.299714564000055),-71.076089165999974,42.299714564000055
Byrne Playground,N/A,Dorchester,39,Tennis,Full,N/A,N/A,N/A,N/A,POINT (-71.052198221999959 42.300698928000031),-71.052198221999959,42.300698928000031
Savin Hill Park,N/A,Dorchester,276,Tennis,Full,N/A,N/A,N/A,N/A,POINT (-71.048706118999974 42.310104489000025),-71.048706118999974,42.310104489000025
Savin Hill Park,N/A,Dorchester,276,Tennis,Full,N/A,N/A,N/A,N/A,POINT (-71.048562898999933 42.310163430000046),-71.048562898999933,42.310163430000046
Marcella Playground,N/A,Roxbury,187,Tennis,Full,N/A,N/A,N/A,N/A,POINT (-71.09647739199994 42.323519827000041),-71.096477391999940,42.323519827000041
Clifford Playground,N/A,Roxbury,59,Tennis,Full,N/A,N/A,N/A,N/A,POINT (-71.070019976999959 42.325997685000061),-71.070019976999959,42.325997685000061
Moakley Park,N/A,South Boston,200,Tennis,Full,N/A,N/A,N/A,N/A,POINT (-71.050561326999969 42.327896874000032),-71.050561326999969,42.327896874000032
Moakley Park,N/A,South Boston,200,Tennis,Full,N/A,N/A,N/A,N/A,POINT (-71.050749383999971 42.327899756000079),-71.050749383999971,42.327899756000079
Moakley Park,N/A,South Boston,200,Tennis,Full,N/A,N/A,N/A,N/A,POINT (-71.050387690999969 42.327900490000047),-71.050387690999969,42.327900490000047
Cassidy Playground,N/A,Allston-Brighton,44,Tennis,Full,Pickleball x 1,N/A,N/A,N/A,POINT (-71.153168856999969 42.334201729000029),-71.153168856999969,42.334201729000029
Cassidy Playground,N/A,Allston-Brighton,44,Tennis,Full,Pickleball x 1,N/A,N/A,N/A,POINT (-71.153058947999966 42.334303695000074),-71.153058947999966,42.334303695000074
Ramsay Park,N/A,Roxbury,254,Tennis,Full,N/A,N/A,N/A,N/A,POINT (-71.080302894999988 42.33478940100008),-71.080302894999988,42.334789401000080
Rogers Park,N/A,Allston-Brighton,267,Tennis,Full,N/A,N/A,N/A,N/A,POINT (-71.158963708999977 42.34721038400005),-71.158963708999977,42.347210384000050
Rogers Park,N/A,Allston-Brighton,267,Tennis,Full,N/A,N/A,N/A,N/A,POINT (-71.159130954999966 42.347255088000054),-71.159130954999966,42.347255088000054
Ringer Playground,N/A,Allston-Brighton,259,Tennis,Full,Pickleball x 1,N/A,N/A,N/A,POINT (-71.138907780999943 42.350772222000046),-71.138907780999943,42.350772222000046
Ringer Playground,N/A,Allston-Brighton,259,Tennis,Full,N/A,N/A,N/A,N/A,POINT (-71.138975617999961 42.350891970000077),-71.138975617999961,42.350891970000077
Boston Common,N/A,Back Bay/Beacon Hill,27,Tennis,Full,Pickleball x 2,N/A,N/A,N/A,POINT (-71.066171911999959 42.35375977800004),-71.066171911999959,42.353759778000040
Boston Common,N/A,Back Bay/Beacon Hill,27,Tennis,Full,Pickleball x 1,N/A,N/A,N/A,POINT (-71.065990682999939 42.353785710000068),-71.065990682999939,42.353785710000068
Porzio Park,N/A,East Boston,244,Tennis,Full,N/A,N/A,N/A,N/A,POINT (-71.028815548999944 42.36443723800005),-71.028815548999944,42.364437238000050
Hunt Playground,N/A,Mattapan,6,Tennis,Quickstart,N/A,N/A,N/A,N/A,POINT (-71.096615133999933 42.27501615400007),-71.096615133999933,42.275016154000070
Hunt Playground,N/A,Mattapan,6,Tennis,Quickstart,N/A,N/A,N/A,N/A,POINT (-71.096801495999955 42.275118764000069),-71.096801495999955,42.275118764000069
Billings Field,N/A,West Roxbury,23,Tennis,Quickstart,Pickleball x 1,N/A,N/A,N/A,POINT (-71.155757295999933 42.282016346000034),-71.155757295999933,42.282016346000034
Ripley Playground,N/A,Dorchester,261,Tennis,Quickstart,N/A,N/A,N/A,N/A,POINT (-71.076028086999941 42.299516624000034),-71.076028086999941,42.299516624000034
Porzio Park,N/A,East Boston,244,Handball,N/A,N/A,N/A,N/A,N/A,POINT (-71.029060926999989 42.363980056000059),-71.029060926999989,42.363980056000059
Porzio Park,N/A,East Boston,244,Handball,N/A,N/A,N/A,N/A,N/A,POINT (-71.029002510999987 42.364061066000033),-71.029002510999987,42.364061066000033
Ramsay Park,N/A,Roxbury,254,Skateboarding,Skate spot,N/A,N/A,N/A,N/A,POINT (-71.080105156999934 42.335210148000044),-71.080105156999934,42.335210148000044
Smith Playground,N/A,Allston-Brighton,284,Pump Track,N/A,Skateboarding,N/A,N/A,N/A,POINT (-71.131285326999944 42.364682223000045),-71.131285326999944,42.364682223000045
Reservation Road Park,N/A,Hyde Park,256,Skateboarding,Regional skatepark,N/A,N/A,N/A,N/A,POINT (-71.128998083999988 42.248849694000057),-71.128998083999988,42.248849694000057
Buckley Playground,N/A,South Boston,35,Playground,PIP Rubber,N/A,N/A,N/A,2-12,POINT (-71.049262067999962 42.339380215000062),-71.049262067999962,42.339380215000062
Buckley Playground,N/A,South Boston,35,Basketball,Full,N/A,N/A,N/A,N/A,POINT (-71.049420767999948 42.339540752000062),-71.049420767999948,42.339540752000062
Orton Field,N/A,South Boston,222,Athletic Seating,Dugout,Companion Seating ,UA,N/A,UA,POINT (-71.053418576999945 42.338420926000026),-71.053418576999945,42.338420926000026
Orton Field,N/A,South Boston,222,Basketball,Half,N/A,N/A,N/A,N/A,POINT (-71.053832559999933 42.338584310000044),-71.053832559999933,42.338584310000044
Orton Field,N/A,South Boston,222,Basketball,Half,N/A,N/A,N/A,N/A,POINT (-71.053702473999977 42.338504013000033),-71.053702473999977,42.338504013000033
Orton Field,N/A,South Boston,222,Basketball,Half,N/A,N/A,N/A,N/A,POINT (-71.053631394999968 42.338453456000025),-71.053631394999968,42.338453456000025
Orton Field,N/A,South Boston,222,Basketball,Full,N/A,N/A,N/A,N/A,POINT (-71.053463757999964 42.338345402000073),-71.053463757999964,42.338345402000073
DeFilippo Playground,N/A,Central Boston,81,Basketball,Half,Pickleball x 2,N/A,N/A,N/A,POINT (-71.057161024999971 42.366665420000061),-71.057161024999971,42.366665420000061
Noyes Playground,N/A,East Boston,216,Basketball,Full,N/A,N/A,N/A,N/A,POINT (-71.011181875999966 42.38864607000005),-71.011181875999966,42.388646070000050
Noyes Playground,N/A,East Boston,216,Basketball,Full,N/A,N/A,N/A,N/A,POINT (-71.011278588999971 42.388794357000052),-71.011278588999971,42.388794357000052
South Street Mall & Courts,N/A,Jamaica Plain,288,Basketball,Half,N/A,N/A,N/A,N/A,POINT (-71.11500235799997 42.307999792000032),-71.115002357999970,42.307999792000032
South Street Mall & Courts,N/A,Jamaica Plain,288,Basketball,Half,N/A,N/A,N/A,N/A,POINT (-71.114984246999938 42.307877271000052),-71.114984246999938,42.307877271000052
Smith Playground,N/A,Allston-Brighton,284,Dog Park,Small and Large Dogs,N/A,N/A,N/A,N/A,POINT (-71.131185391999963 42.366577551000034),-71.131185391999963,42.366577551000034
Smith Playground,N/A,Allston-Brighton,284,Basketball,Full,N/A,N/A,N/A,N/A,POINT (-71.130956472999969 42.364579304000074),-71.130956472999969,42.364579304000074
Smith Playground,N/A,Allston-Brighton,284,Basketball,Full,N/A,N/A,N/A,N/A,POINT (-71.13074157899996 42.364537520000056),-71.130741578999960,42.364537520000056
Smith Playground,N/A,Allston-Brighton,284,Street Hockey,N/A,N/A,N/A,N/A,N/A,POINT (-71.131866945999946 42.36482582900004),-71.131866945999946,42.364825829000040
A Street Park,N/A,South Boston,335,Dog Park,All Dogs,N/A,N/A,N/A,UA,POINT (-71.05306761099996 42.343413496000039),-71.053067610999960,42.343413496000039
Mission Hill Playground,N/A,Mission Hill,199,Athletic Seating,Dugout,Companion Seating ,UA,N/A,N/A,POINT (-71.099347005999959 42.33356660100003),-71.099347005999959,42.333566601000030
Mission Hill Playground,N/A,Mission Hill,199,Athletic Seating,Dugout,Companion Seating ,UA,N/A,N/A,POINT (-71.09903610799995 42.333653144000039),-71.099036107999950,42.333653144000039
Mission Hill Playground,N/A,Mission Hill,199,Basketball,Full,Four Square,N/A,N/A,N/A,POINT (-71.099337367999965 42.332999301000029),-71.099337367999965,42.332999301000029
Mission Hill Playground,N/A,Mission Hill,199,Playground,PIP Rubber,N/A,N/A,N/A,"2-5,5-12",POINT (-71.099274901999934 42.332834257000059),-71.099274901999934,42.332834257000059
Harambee Park,N/A,Dorchester,142,Basketball,Full,N/A,N/A,N/A,N/A,POINT (-71.086992864999957 42.293333502000053),-71.086992864999957,42.293333502000053
Harambee Park,Dennis ""D.J."" Simmonds Playground,Dorchester,142,Playground,PIP Rubber,N/A,N/A,N/A,"2-5,5-12",POINT (-71.087637920999953 42.293600430000026),-71.087637920999953,42.293600430000026
Harambee Park,N/A,Dorchester,142,Athletic Seating,Bleacher,Companion Seating ,UA,N/A,N/A,POINT (-71.086854545999984 42.293301831000065),-71.086854545999984,42.293301831000065
Harambee Park,N/A,Dorchester,142,Athletic Seating,Bleacher,Companion Seating ,UA,N/A,N/A,POINT (-71.085538175999943 42.293312607000075),-71.085538175999943,42.293312607000075
Harambee Park,N/A,Dorchester,142,Athletic Seating,Bleacher,Companion Seating ,UA,N/A,N/A,POINT (-71.083681454999976 42.292764929000043),-71.083681454999976,42.292764929000043
Harambee Park,N/A,Dorchester,142,Athletic Seating,Bleacher,Companion Seating ,UA,N/A,N/A,POINT (-71.084357342999965 42.291587431000039),-71.084357342999965,42.291587431000039
Harambee Park,N/A,Dorchester,142,Athletic Seating,Bleacher,Companion Seating ,UA,N/A,N/A,POINT (-71.085133151999969 42.291579328000068),-71.085133151999969,42.291579328000068
Harambee Park,N/A,Dorchester,142,Fitness Equipment,N/A,N/A,N/A,N/A,N/A,POINT (-71.087877653999954 42.293599837000045),-71.087877653999954,42.293599837000045
Harambee Park,N/A,Dorchester,142,Fitness Equipment,N/A,N/A,N/A,N/A,N/A,POINT (-71.085896245999947 42.290907205000053),-71.085896245999947,42.290907205000053
Harambee Park,N/A,Dorchester,142,Basketball,Full,N/A,N/A,N/A,N/A,POINT (-71.087212563999969 42.293370579000054),-71.087212563999969,42.293370579000054
Laviscount Park,N/A,Roxbury,177,Fitness Equipment,N/A,N/A,N/A,N/A,N/A,POINT (-71.086276620999968 42.316464923000069),-71.086276620999968,42.316464923000069
Howes Playground,N/A,Roxbury,158,Fitness Equipment,N/A,N/A,N/A,N/A,N/A,POINT (-71.079026401999954 42.324169555000026),-71.079026401999954,42.324169555000026
Pagel Playground,N/A,Jamaica Plain,223,Playground,Rubber Tiles,N/A,N/A,N/A,5-12,POINT (-71.118985013999975 42.289373897000075),-71.118985013999975,42.289373897000075
Ryan Play Area,N/A,Dorchester,275,Basketball,Half,Four Square,N/A,N/A,N/A,POINT (-71.056489303999967 42.317885158000081),-71.056489303999967,42.317885158000081
Ryan Play Area,N/A,Dorchester,275,Playground,PIP Rubber,N/A,N/A,N/A,"2-5,5-12",POINT (-71.055937476999986 42.317740020000031),-71.055937476999986,42.317740020000031
Hynes Playground,N/A,West Roxbury,159,Athletic Seating,Dugout,Companion Seating ,Covered,N/A,N/A,POINT (-71.153270412999973 42.295090298000048),-71.153270412999973,42.295090298000048
Hynes Playground,N/A,West Roxbury,159,Athletic Seating,Dugout,Companion Seating ,Covered,N/A,N/A,POINT (-71.152992247999975 42.294927534000067),-71.152992247999975,42.294927534000067
Hynes Playground,N/A,West Roxbury,159,Athletic Seating,Dugout,No Companion Seating ,Covered,N/A,N/A,POINT (-71.153493112999968 42.293827180000051),-71.153493112999968,42.293827180000051
Hynes Playground,N/A,West Roxbury,159,Playground,PIP Rubber,Bucket Swing,N/A,N/A,"2-5,5-12",POINT (-71.153519271999983 42.295303168000032),-71.153519271999983,42.295303168000032
Hynes Playground,N/A,West Roxbury,159,Basketball,Full,N/A,N/A,N/A,N/A,POINT (-71.154218285999946 42.295328496000025),-71.154218285999946,42.295328496000025
Hynes Playground,N/A,West Roxbury,159,Basketball,Half,Pickleball x 1,N/A,N/A,N/A,POINT (-71.154402353999956 42.295177293000052),-71.154402353999956,42.295177293000052
Hynes Playground,N/A,West Roxbury,159,Fitness Equipment,N/A,N/A,N/A,N/A,N/A,POINT (-71.154266189999987 42.29522819400006),-71.154266189999987,42.295228194000060
Pagel Playground,N/A,Jamaica Plain,223,Soccer,Practice Court,N/A,Artificial Turf,N/A,N/A,POINT (-71.118962977999956 42.289173689000052),-71.118962977999956,42.289173689000052
Carter Playground,N/A,Roxbury,43,Tennis,Full,N/A,N/A,N/A,N/A,POINT (-71.084665082999948 42.339793636000024),-71.084665082999948,42.339793636000024
Carter Playground,N/A,Roxbury,43,Tennis,Full,N/A,N/A,N/A,N/A,POINT (-71.084521848999941 42.339714118000074),-71.084521848999941,42.339714118000074
Carter Playground,N/A,Roxbury,43,Tennis,Full,N/A,N/A,N/A,N/A,POINT (-71.084278078999944 42.339539436000052),-71.084278078999944,42.339539436000052
Carter Playground,N/A,Roxbury,43,Tennis,Full,N/A,N/A,N/A,N/A,POINT (-71.084148156999959 42.339459967000039),-71.084148156999959,42.339459967000039
Carter Playground,N/A,Roxbury,43,Tennis,Full,N/A,N/A,N/A,N/A,POINT (-71.084010417999934 42.339354793000041),-71.084010417999934,42.339354793000041
Malcolm X Park,N/A,Roxbury,186,Basketball,Full,N/A,N/A,N/A,N/A,POINT (-71.089947371999983 42.321053489000064),-71.089947371999983,42.321053489000064
Malcolm X Park,N/A,Roxbury,186,Basketball,Full,N/A,N/A,N/A,N/A,POINT (-71.089741228999969 42.320963774000063),-71.089741228999969,42.320963774000063
Malcolm X Park,N/A,Roxbury,186,Basketball,Full,N/A,N/A,N/A,N/A,POINT (-71.089526815999989 42.320874029000038),-71.089526815999989,42.320874029000038
Malcolm X Park,N/A,Roxbury,186,Basketball,Full,N/A,N/A,N/A,N/A,POINT (-71.089262880999968 42.32077029900006),-71.089262880999968,42.320770299000060
Malcolm X Park,N/A,Roxbury,186,Tennis,Full,Pickleball x 1,N/A,N/A,N/A,POINT (-71.089042228999972 42.320686668000064),-71.089042228999972,42.320686668000064
Malcolm X Park,N/A,Roxbury,186,Tennis,Full,Pickleball x 2,N/A,N/A,N/A,POINT (-71.088891711999963 42.320626299000025),-71.088891711999963,42.320626299000025
Malcolm X Park,N/A,Roxbury,186,Playground,PIP Rubber,Bucket Swing,N/A,N/A,"0-2,2-5,5-12",POINT (-71.088275243999988 42.320308653000041),-71.088275243999988,42.320308653000041
Martin's Park,N/A,South Boston,333,Playground,PIP Rubber,N/A,N/A,N/A,"0-2,2-5,5-12",POINT (-71.049252038999953 42.35261758300004),-71.049252038999953,42.352617583000040
Malcolm X Park,N/A,Roxbury,186,Athletic Seating,Bleacher,Companion Seating ,UA,N/A,N/A,POINT (-71.089883972999985 42.32225771800006),-71.089883972999985,42.322257718000060
Malcolm X Park,N/A,Roxbury,186,Athletic Seating,Players Bench,Companion Seating ,UA,N/A,N/A,POINT (-71.089812294999945 42.322273907000067),-71.089812294999945,42.322273907000067
Malcolm X Park,N/A,Roxbury,186,Athletic Seating,Players Bench,Companion Seating ,UA,N/A,N/A,POINT (-71.089776223999934 42.322301012000025),-71.089776223999934,42.322301012000025
Malcolm X Park,N/A,Roxbury,186,Athletic Seating,Players Bench,Companion Seating ,UA,N/A,N/A,POINT (-71.089608629999987 42.322423287000049),-71.089608629999987,42.322423287000049
Malcolm X Park,N/A,Roxbury,186,Athletic Seating,Players Bench,Companion Seating ,UA,N/A,N/A,POINT (-71.089573233999943 42.32244974200006),-71.089573233999943,42.322449742000060
Malcolm X Park,N/A,Roxbury,186,Athletic Seating,Bleacher,Companion Seating ,UA,N/A,N/A,POINT (-71.089551692999976 42.322502738000026),-71.089551692999976,42.322502738000026
Malcolm X Park,N/A,Roxbury,186,Athletic Seating,Dugout,Companion Seating ,Covered (perforated),N/A,N/A,POINT (-71.090110896999988 42.322089023000046),-71.090110896999988,42.322089023000046
Malcolm X Park,N/A,Roxbury,186,Athletic Seating,Dugout,Companion Seating ,Covered (perforated),N/A,N/A,POINT (-71.090129489999981 42.321891236000056),-71.090129489999981,42.321891236000056
Malcolm X Park,N/A,Roxbury,186,Athletic Seating,Bleacher,Companion Seating ,UA,N/A,N/A,POINT (-71.089150828999948 42.320713873000045),-71.089150828999948,42.320713873000045
Malcolm X Park,N/A,Roxbury,186,Athletic Seating,Players Bench,Companion Seating ,UA,N/A,N/A,POINT (-71.08942634999994 42.320752007000067),-71.089426349999940,42.320752007000067
Malcolm X Park,N/A,Roxbury,186,Athletic Seating,Players Bench,Companion Seating ,UA,N/A,N/A,POINT (-71.089324562999934 42.320876654000074),-71.089324562999934,42.320876654000074
McKinney Playground,N/A,Allston-Brighton,193,Athletic Field,Baseball,N/A,Natural Turf,UA,N/A,POINT (-71.153700753999942 42.35489665800003),-71.153700753999942,42.354896658000030
McKinney Playground,N/A,Allston-Brighton,193,Athletic Field,Little League,N/A,Natural Turf,UA,N/A,POINT (-71.152669036999953 42.354345749000061),-71.152669036999953,42.354345749000061
McKinney Playground,N/A,Allston-Brighton,193,Athletic Field,Softball,N/A,Natural Turf,UA,N/A,POINT (-71.152126463999934 42.35483907400004),-71.152126463999934,42.354839074000040
Smith Playground,N/A,Allston-Brighton,284,Athletic Field,Softball,N/A,Natural Turf,UA,N/A,POINT (-71.131382837999979 42.365626214000031),-71.131382837999979,42.365626214000031
Smith Playground,N/A,Allston-Brighton,284,Athletic Field,Little League,N/A,Natural Turf,UA,N/A,POINT (-71.130431812999973 42.365375924000034),-71.130431812999973,42.365375924000034
Smith Playground,N/A,Allston-Brighton,284,Athletic Field,Softball,N/A,Natural Turf,UA,N/A,POINT (-71.130685727999946 42.365975563000063),-71.130685727999946,42.365975563000063
Portsmouth Street Playground,N/A,Allston-Brighton,243,Athletic Field,Combo,"Soccer,Softball",Natural Turf,UA,N/A,POINT (-71.14554861199997 42.359415528000056),-71.145548611999970,42.359415528000056
Rogers Park,N/A,Allston-Brighton,267,Athletic Field,Baseball,N/A,Natural Turf,UA,N/A,POINT (-71.159649548999937 42.347470421000025),-71.159649548999937,42.347470421000025
Rogers Park,N/A,Allston-Brighton,267,Athletic Field,Softball,N/A,Natural Turf,UA,N/A,POINT (-71.160472432999939 42.34824928900008),-71.160472432999939,42.348249289000080
Rogers Park,N/A,Allston-Brighton,267,Athletic Field,Combo,"Soccer,Football",Natural Turf,UA,N/A,POINT (-71.160127737999971 42.347891874000027),-71.160127737999971,42.347891874000027
Cassidy Playground,N/A,Allston-Brighton,44,Athletic Field,Softball,N/A,Natural Turf,UA,N/A,POINT (-71.151634433999959 42.335572372000058),-71.151634433999959,42.335572372000058
Cassidy Playground,N/A,Allston-Brighton,44,Athletic Field,Baseball,N/A,Natural Turf,UA,N/A,POINT (-71.152117008999937 42.334194024000055),-71.152117008999937,42.334194024000055
Cassidy Playground,N/A,Allston-Brighton,44,Athletic Field,Softball,N/A,Natural Turf,UA,N/A,POINT (-71.153035747999979 42.334752308000077),-71.153035747999979,42.334752308000077
Hardiman Playground,N/A,Allston-Brighton,143,Athletic Field,Little League,N/A,Natural Turf,UA,N/A,POINT (-71.166182090999939 42.351169970000058),-71.166182090999939,42.351169970000058
Boston Common,N/A,Back Bay/Beacon Hill,27,Athletic Field,Little League,N/A,Natural Turf,UA,N/A,POINT (-71.067027301999985 42.353326283000058),-71.067027301999985,42.353326283000058
Boston Common,N/A,Back Bay/Beacon Hill,27,Athletic Field,Softball,N/A,Natural Turf,UA,N/A,POINT (-71.067132744999981 42.354378221000047),-71.067132744999981,42.354378221000047
Back Bay Fens,N/A,Fenway/Longwood,13,Athletic Field,Combo,"Soccer,Football",Artificial Turf,UA,N/A,POINT (-71.097381307999967 42.340689056000031),-71.097381307999967,42.340689056000031
Back Bay Fens,N/A,Fenway/Longwood,13,Athletic Field,Softball,N/A,Artificial Turf,UA,N/A,POINT (-71.09714263099994 42.341118870000059),-71.097142630999940,42.341118870000059
Back Bay Fens,N/A,Fenway/Longwood,13,Athletic Field,Softball,N/A,Artificial Turf,UA,N/A,POINT (-71.097974607999959 42.340441078000026),-71.097974607999959,42.340441078000026
Ryan Playground,N/A,Charlestown,274,Athletic Field,Baseball,N/A,Natural Turf,UA,N/A,POINT (-71.071405905999939 42.38578706100003),-71.071405905999939,42.385787061000030
Ryan Playground,N/A,Charlestown,274,Athletic Field,Little League,N/A,Natural Turf,UA,N/A,POINT (-71.072038780999947 42.386235811000063),-71.072038780999947,42.386235811000063
Ryan Playground,N/A,Charlestown,274,Athletic Field,Softball,N/A,Natural Turf,UA,N/A,POINT (-71.070636443999945 42.386393292000037),-71.070636443999945,42.386393292000037
Ryan Playground,N/A,Charlestown,274,Athletic Field,Softball,N/A,Natural Turf,UA,N/A,POINT (-71.071616697999957 42.387068623000062),-71.071616697999957,42.387068623000062
Barry Playground,N/A,Charlestown,15,Athletic Field,Combo,"Soccer,Softball",Natural Turf,UA,N/A,POINT (-71.053586493999944 42.379489736000039),-71.053586493999944,42.379489736000039
Ronan Park,N/A,Dorchester,268,Athletic Field,Baseball,N/A,Natural Turf,UA,N/A,POINT (-71.062731764999967 42.304033399000048),-71.062731764999967,42.304033399000048
McConnell Park,N/A,Dorchester,191,Athletic Field,Little League,N/A,Artificial Turf,Challenger Field,N/A,POINT (-71.053369562999933 42.308187471000053),-71.053369562999933,42.308187471000053
McConnell Park,N/A,Dorchester,191,Athletic Field,Combo,"Softball,Little League",Natural Turf,UA,N/A,POINT (-71.053027932999953 42.309189936000053),-71.053027932999953,42.309189936000053
McConnell Park,N/A,Dorchester,191,Athletic Field,Little League,N/A,Natural Turf,UA,N/A,POINT (-71.052535631999945 42.308349421000059),-71.052535631999945,42.308349421000059
Clifford Playground,N/A,Roxbury,59,Athletic Field,Softball,N/A,Natural Turf,UA,N/A,POINT (-71.068117410999946 42.326330437000081),-71.068117410999946,42.326330437000081
Clifford Playground,N/A,Roxbury,59,Athletic Field,Softball,N/A,Natural Turf,UA,N/A,POINT (-71.069176898999956 42.326574906000076),-71.069176898999956,42.326574906000076
Clifford Playground,N/A,Roxbury,59,Athletic Field,Baseball,N/A,Natural Turf,UA,N/A,POINT (-71.06929725599997 42.325787935000051),-71.069297255999970,42.325787935000051
Harambee Park,N/A,Dorchester,142,Athletic Field,Little League,N/A,Natural Turf,UA,N/A,POINT (-71.082424623999941 42.292831283000055),-71.082424623999941,42.292831283000055
Roberts Playground,N/A,Dorchester,265,Athletic Field,Combo,"Softball,Football,Lacrosse",Artificial Turf,UA,N/A,POINT (-71.074087769999949 42.285829719000048),-71.074087769999949,42.285829719000048
Roberts Playground,N/A,Dorchester,265,Athletic Field,Combo,"Baseball,Soccer",Artificial Turf,UA,N/A,POINT (-71.074248196999974 42.285085233000075),-71.074248196999974,42.285085233000075
American Legion Playground,N/A,East Boston,9,Athletic Field,Combo,"Soccer,Softball",Artificial Turf,UA,N/A,POINT (-71.029463876999955 42.38198085700003),-71.029463876999955,42.381980857000030
Noyes Playground,N/A,East Boston,216,Athletic Field,Combo,"Soccer,Softball",Artificial Turf,UA,N/A,POINT (-71.01018333199994 42.387044245000027),-71.010183331999940,42.387044245000027
Noyes Playground,N/A,East Boston,216,Athletic Field,Little League,N/A,Natural Turf,UA,N/A,POINT (-71.009500396999954 42.387450785000055),-71.009500396999954,42.387450785000055
Noyes Playground,N/A,East Boston,216,Athletic Field,Baseball,N/A,Natural Turf,UA,N/A,POINT (-71.010854318999975 42.388180958000078),-71.010854318999975,42.388180958000078
East Boston Memorial Park I,N/A,East Boston,98,Athletic Field,Combo,"Baseball,Soccer,Lacrosse",Artificial Turf,UA,N/A,POINT (-71.030615583999975 42.372026571000049),-71.030615583999975,42.372026571000049
East Boston Memorial Park I,N/A,East Boston,98,Athletic Field,Softball,N/A,Natural Turf,UA,N/A,POINT (-71.028108913999972 42.370571969000025),-71.028108913999972,42.370571969000025
East Boston Memorial Park I,N/A,East Boston,98,Athletic Field,Combo,"Soccer,Football,Lacrosse",Artificial Turf,UA,N/A,POINT (-71.029247364999947 42.371507737000059),-71.029247364999947,42.371507737000059
English H.S. Athletic Fields,N/A,Jamaica Plain,107,Athletic Field,Combo,"Soccer,Football,Baseball",Artificial Turf,UA,N/A,POINT (-71.107420538999975 42.307647311000039),-71.107420538999975,42.307647311000039
English H.S. Athletic Fields,N/A,Jamaica Plain,107,Athletic Field,Track,N/A,Natural Turf,UA,N/A,POINT (-71.108563672999935 42.306128503000025),-71.108563672999935,42.306128503000025
Olmsted Park,N/A,Jamaica Plain,221,Athletic Field,Softball,N/A,Natural Turf,UA,N/A,POINT (-71.114262982999946 42.32673598000008),-71.114262982999946,42.326735980000080
Olmsted Park,N/A,Jamaica Plain,221,Athletic Field,Little League,N/A,Natural Turf,UA,N/A,POINT (-71.114210339999943 42.325577048000071),-71.114210339999943,42.325577048000071
Pagel Playground,N/A,Jamaica Plain,223,Athletic Field,Soccer,N/A,Artificial Turf,UA,N/A,POINT (-71.11887272499996 42.28863192700004),-71.118872724999960,42.288631927000040
Jamaica Pond Park,N/A,Jamaica Plain,163,Athletic Field,Other,N/A,Natural Turf,UA,N/A,POINT (-71.11851973399996 42.320601427000042),-71.118519733999960,42.320601427000042
Reservation Road Park,N/A,Hyde Park,256,Athletic Field,Combo,"Soccer,Youth Soccer,Football,Lacrosse",Artificial Turf,UA,N/A,POINT (-71.128497008999943 42.250486329000069),-71.128497008999943,42.250486329000069
Ross Playground,N/A,Hyde Park,270,Athletic Field,Softball,N/A,Natural Turf,UA,N/A,POINT (-71.112787366999953 42.26497306300007),-71.112787366999953,42.264973063000070
Ross Playground,N/A,Hyde Park,270,Athletic Field,Baseball,N/A,Natural Turf,UA,N/A,POINT (-71.113070638999943 42.263519777000056),-71.113070638999943,42.263519777000056
Ross Playground,N/A,Hyde Park,270,Athletic Field,Softball,N/A,Natural Turf,UA,N/A,POINT (-71.111882796999964 42.263730599000041),-71.111882796999964,42.263730599000041
Ross Playground,N/A,Hyde Park,270,Athletic Field,Softball,N/A,Natural Turf,UA,N/A,POINT (-71.113716106999959 42.264689750000059),-71.113716106999959,42.264689750000059
Iacono/Readville Playground,N/A,Hyde Park,160,Athletic Field,Baseball,N/A,Natural Turf,UA,N/A,POINT (-71.134744915999988 42.239655424000034),-71.134744915999988,42.239655424000034
Hunt Playground,N/A,Mattapan,6,Athletic Field,Cricket,N/A,Natural Turf,UA,N/A,POINT (-71.097962877999976 42.274072908000051),-71.097962877999976,42.274072908000051
Hunt Playground,N/A,Mattapan,6,Athletic Field,Combo,"Soccer,Football",Artificial Turf,UA,N/A,POINT (-71.097374106999951 42.275194522000049),-71.097374106999951,42.275194522000049
Walker Playground,N/A,Mattapan,310,Athletic Field,Combo,"Soccer,Football,Lacrosse",Natural Turf,UA,N/A,POINT (-71.089279935999969 42.277937960000031),-71.089279935999969,42.277937960000031
Healy Playground,N/A,Roslindale,149,Athletic Field,Other,Flag Football,Natural Turf,UA,N/A,POINT (-71.124268751999978 42.288730626000074),-71.124268751999978,42.288730626000074
Healy Playground,N/A,Roslindale,149,Athletic Field,Softball,N/A,Natural Turf,UA,N/A,POINT (-71.125108311999952 42.28869521300004),-71.125108311999952,42.288695213000040
Healy Playground,N/A,Roslindale,149,Athletic Field,Baseball,N/A,Natural Turf,UA,N/A,POINT (-71.124083475999953 42.288200079000035),-71.124083475999953,42.288200079000035
Healy Playground,N/A,Roslindale,149,Athletic Field,Little League,N/A,Natural Turf,UA,N/A,POINT (-71.123430161999977 42.28764256200003),-71.123430161999977,42.287642562000030
Fallon Field,N/A,Roslindale,112,Athletic Field,Baseball,N/A,Natural Turf,UA,N/A,POINT (-71.135205517999964 42.287245695000081),-71.135205517999964,42.287245695000081
Bynoe Park,N/A,Roxbury,100,Athletic Field,Little League,N/A,Natural Turf,UA,N/A,POINT (-71.076740002999941 42.32962526600005),-71.076740002999941,42.329625266000050
Madison Park H.S. Athletic Fields,N/A,Roxbury,183,Athletic Field,Combo,"Softball,Baseball,Soccer",Artificial Turf,UA,N/A,POINT (-71.086723154999959 42.333022007000068),-71.086723154999959,42.333022007000068
Madison Park H.S. Athletic Fields,N/A,Roxbury,183,Athletic Field,Combo,"Soccer,Football,Lacrosse",Artificial Turf,UA,N/A,POINT (-71.087123070999951 42.332284083000047),-71.087123070999951,42.332284083000047
Malcolm X Park,N/A,Roxbury,186,Athletic Field,Combo,"Soccer,Softball",Natural Turf,UA,N/A,POINT (-71.089372955999977 42.322107899000059),-71.089372955999977,42.322107899000059
Franklin Park,N/A,Jamaica Plain,124,Athletic Field,Softball,N/A,Natural Turf,UA,N/A,POINT (-71.093806576999953 42.308285922000039),-71.093806576999953,42.308285922000039
Franklin Park,N/A,Jamaica Plain,124,Athletic Field,Softball,N/A,Natural Turf,UA,N/A,POINT (-71.094819512999948 42.307041601000037),-71.094819512999948,42.307041601000037
Mission Hill Playground,N/A,Mission Hill,199,Athletic Field,Combo,"Softball,Little League",Natural Turf,UA,N/A,POINT (-71.099160668999957 42.333477531000028),-71.099160668999957,42.333477531000028
McLaughlin Playground,N/A,Mission Hill,194,Athletic Field,Combo,"Football,Rugby",Natural Turf,UA,N/A,POINT (-71.101888277999933 42.32832432400005),-71.101888277999933,42.328324324000050
McLaughlin Playground,N/A,Mission Hill,194,Athletic Field,Little League,N/A,Natural Turf,UA,N/A,POINT (-71.10087939899995 42.328013154000075),-71.100879398999950,42.328013154000075
McLaughlin Playground,N/A,Mission Hill,194,Athletic Field,Softball,N/A,Natural Turf,UA,N/A,POINT (-71.102490952999972 42.32856345600004),-71.102490952999972,42.328563456000040
Ramsay Park,N/A,Roxbury,254,Athletic Field,Baseball,N/A,Natural Turf,Scoreboard,N/A,POINT (-71.080981884999971 42.334367698000051),-71.080981884999971,42.334367698000051
Carter Playground,N/A,Roxbury,43,Athletic Field,Combo,"Softball,Little League,Football",Artificial Turf,N/A,N/A,POINT (-71.084833274999937 42.339127943000051),-71.084833274999937,42.339127943000051
Carter Playground,N/A,Roxbury,43,Athletic Field,Combo,"Soccer,Lacrosse",Artificial Turf,UA,N/A,POINT (-71.085451017999958 42.338725490000058),-71.085451017999958,42.338725490000058
Orton Field,N/A,South Boston,222,Athletic Field,Combo,"Little League,Soccer,Football",Artificial Turf,UA,N/A,POINT (-71.053295841999955 42.338601639000046),-71.053295841999955,42.338601639000046
Moakley Park,N/A,South Boston,200,Athletic Field,Softball,N/A,Natural Turf,UA,N/A,POINT (-71.049744074999978 42.329714134000028),-71.049744074999978,42.329714134000028
Moakley Park,N/A,South Boston,200,Athletic Field,Softball,N/A,Natural Turf,UA,N/A,POINT (-71.051606513999957 42.328017129000045),-71.051606513999957,42.328017129000045
Moakley Park,N/A,South Boston,200,Athletic Field,Softball,N/A,Natural Turf,UA,N/A,POINT (-71.050377085999969 42.324952458000041),-71.050377085999969,42.324952458000041
Moakley Park,N/A,South Boston,200,Athletic Field,Baseball,N/A,Natural Turf,UA,N/A,POINT (-71.048531200999946 42.329277857000079),-71.048531200999946,42.329277857000079
Moakley Park,N/A,South Boston,200,Athletic Field,Baseball,N/A,Natural Turf,UA,N/A,POINT (-71.050449758999946 42.328779757000063),-71.050449758999946,42.328779757000063
Moakley Park,N/A,South Boston,200,Athletic Field,Baseball,N/A,Natural Turf,UA,N/A,POINT (-71.04968533899995 42.328061925000043),-71.049685338999950,42.328061925000043
Moakley Park,N/A,South Boston,200,Athletic Field,Little League,N/A,Natural Turf,UA,N/A,POINT (-71.051565499999981 42.325515025000072),-71.051565499999981,42.325515025000072
Moakley Park,N/A,South Boston,200,Athletic Field,Little League,N/A,Natural Turf,UA,N/A,POINT (-71.051541856999961 42.326364897000076),-71.051541856999961,42.326364897000076
Moakley Park,N/A,South Boston,200,Athletic Field,Little League,N/A,Natural Turf,UA,N/A,POINT (-71.051576920999935 42.327219356000057),-71.051576920999935,42.327219356000057
Moakley Park,N/A,South Boston,200,Athletic Field,Combo,"Soccer,Football,Lacrosse",Artificial Turf,Scoreboard,N/A,POINT (-71.050492289999966 42.32359914500006),-71.050492289999966,42.323599145000060
Christopher Lee Playground,N/A,South Boston,57,Athletic Field,Little League,N/A,Natural Turf,Scoreboard,N/A,POINT (-71.031049148999955 42.337627742000052),-71.031049148999955,42.337627742000052
Christopher Lee Playground,N/A,South Boston,57,Athletic Field,Softball,N/A,Natural Turf,UA,N/A,POINT (-71.03167919699996 42.337515617000065),-71.031679196999960,42.337515617000065
Christopher Lee Playground,N/A,South Boston,57,Athletic Field,Softball,N/A,Natural Turf,UA,N/A,POINT (-71.033092496999984 42.337479109000071),-71.033092496999984,42.337479109000071
Peters Park I,N/A,South End,236,Athletic Field,Little League,N/A,Natural Turf,Scoreboard,N/A,POINT (-71.066870994999988 42.343504010000061),-71.066870994999988,42.343504010000061
Billings Field,N/A,West Roxbury,23,Athletic Field,Softball,N/A,Natural Turf,UA,N/A,POINT (-71.157087967999985 42.280823289000068),-71.157087967999985,42.280823289000068
Billings Field,N/A,West Roxbury,23,Athletic Field,Little League,N/A,Natural Turf,UA,N/A,POINT (-71.156248284999947 42.280410293000045),-71.156248284999947,42.280410293000045
Billings Field,N/A,West Roxbury,23,Athletic Field,Baseball,N/A,Natural Turf,UA,N/A,POINT (-71.156189513999948 42.281837344000053),-71.156189513999948,42.281837344000053
Billings Field,N/A,West Roxbury,23,Athletic Field,Football,Practice Football,Natural Turf,UA,N/A,POINT (-71.156277374999945 42.281130056000052),-71.156277374999945,42.281130056000052
Draper Playground,N/A,West Roxbury,93,Athletic Field,Little League,N/A,Natural Turf,UA,N/A,POINT (-71.160760094999944 42.259925611000028),-71.160760094999944,42.259925611000028
Draper Playground,N/A,West Roxbury,93,Athletic Field,Softball,N/A,Natural Turf,UA,N/A,POINT (-71.161002597999982 42.260849465000035),-71.161002597999982,42.260849465000035
Hynes Playground,N/A,West Roxbury,159,Athletic Field,Softball,N/A,Natural Turf,UA,N/A,POINT (-71.153253702999962 42.29492053000007),-71.153253702999962,42.294920530000070
Hynes Playground,N/A,West Roxbury,159,Athletic Field,Little League,N/A,Natural Turf,UA,N/A,POINT (-71.153534595999986 42.294014510000068),-71.153534595999986,42.294014510000068
Hemenway Playground,N/A,Dorchester,151,Athletic Field,Softball,N/A,Natural Turf,UA,N/A,POINT (-71.056266639999933 42.291440305000037),-71.056266639999933,42.291440305000037
Charlestown H.S. Athletic Fields,N/A,Charlestown,51,Athletic Field,Combo,"Lacrosse,Soccer,Football,Track",Artificial Turf,UA,N/A,POINT (-71.059591095999963 42.380648819000044),-71.059591095999963,42.380648819000044
Charlestown H.S. Athletic Fields,N/A,Charlestown,51,Athletic Field,Combo,"Soccer,Softball",Artificial Turf,UA,N/A,POINT (-71.059140699999944 42.381490260000078),-71.059140699999944,42.381490260000078
Harambee Park,N/A,Dorchester,142,Athletic Field,Cricket,N/A,Natural Turf,Scoreboard,N/A,POINT (-71.08323173399998 42.291632177000054),-71.083231733999980,42.291632177000054
Harambee Park,Wilson Field,Dorchester,142,Athletic Field,Football,N/A,Natural Turf,UA,N/A,POINT (-71.08477196399997 42.291581966000081),-71.084771963999970,42.291581966000081
Harambee Park,N/A,Dorchester,142,Athletic Field,Football,N/A,Natural Turf,UA,N/A,POINT (-71.085591075999957 42.291970717000027),-71.085591075999957,42.291970717000027
East Boston Memorial Park I,N/A,East Boston,98,Athletic Field,Little League,N/A,Natural Turf,UA,N/A,POINT (-71.030320695999933 42.370574357000066),-71.030320695999933,42.370574357000066
Franklin Park,N/A,Jamaica Plain,124,Athletic Field,Cricket,N/A,Natural Turf,UA,N/A,POINT (-71.094039461999955 42.307562134000079),-71.094039461999955,42.307562134000079
Franklin Park,N/A,Jamaica Plain,124,Athletic Field,Softball,N/A,Natural Turf,UA,N/A,POINT (-71.10025733699996 42.301753108000071),-71.100257336999960,42.301753108000071
Smith Playground,N/A,Allston-Brighton,284,Athletic Field,Combo,"Soccer,Lacrosse",Natural Turf,UA,N/A,POINT (-71.131593959999975 42.364111008000066),-71.131593959999975,42.364111008000066
Harambee Park,N/A,Dorchester,142,Athletic Field,Combo,"Soccer,Lacrosse",Natural Turf,UA,N/A,POINT (-71.084193282999934 42.292995642000051),-71.084193282999934,42.292995642000051
Harambee Park,N/A,Dorchester,142,Athletic Field,Combo,"Soccer,Lacrosse",Natural Turf,UA,N/A,POINT (-71.084961505999956 42.293180905000042),-71.084961505999956,42.293180905000042
Rotch Playground,N/A,South End,272,Athletic Field,Combo,"Soccer,Lacrosse,Softball",Artificial Turf,UA,N/A,POINT (-71.06409843199998 42.341697582000052),-71.064098431999980,42.341697582000052
Langone Park,N/A,Central Boston,175,Athletic Field,Little League,N/A,Natural Turf,UA,N/A,POINT (-71.05594285899997 42.36855640400006),-71.055942858999970,42.368556404000060
Puopolo Playground,N/A,Central Boston,248,Athletic Field,Combo,"Soccer,Softball,Baseball",Artificial Turf,UA,N/A,POINT (-71.054620739999962 42.368433774000039),-71.054620739999962,42.368433774000039
LoPresti Park,N/A,East Boston,182,Athletic Field,Soccer,N/A,Artificial Turf,UA,N/A,POINT (-71.043591536999941 42.36986911300005),-71.043591536999941,42.369869113000050
Cassidy Playground,N/A,Allston-Brighton,44,Drinking Fountain,UA,N/A,N/A,N/A,N/A,POINT (-71.150914029999967 42.335453161000032),-71.150914029999967,42.335453161000032
Fidelis Way Park,N/A,Allston-Brighton,117,Drinking Fountain,"Bottle Filler,Drinking",N/A,N/A,N/A,N/A,POINT (-71.143543381999962 42.347624213000074),-71.143543381999962,42.347624213000074
Hardiman Playground,N/A,Allston-Brighton,143,Drinking Fountain,Drinking,N/A,N/A,N/A,N/A,POINT (-71.166347414999962 42.351382325000031),-71.166347414999962,42.351382325000031
Hobart Park,N/A,Allston-Brighton,154,Drinking Fountain,Drinking,N/A,N/A,N/A,N/A,POINT (-71.161242409999943 42.355556087000025),-71.161242409999943,42.355556087000025
James H. Roberts Playground,N/A,Allston-Brighton,156,Drinking Fountain,Drinking,N/A,N/A,N/A,N/A,POINT (-71.125349329999949 42.35954171000003),-71.125349329999949,42.359541710000030
Joyce Playground,N/A,Allston-Brighton,169,Drinking Fountain,Drinking,N/A,N/A,N/A,N/A,POINT (-71.151446003999979 42.345301564000067),-71.151446003999979,42.345301564000067
Portsmouth Street Playground,N/A,Allston-Brighton,243,Drinking Fountain,Drinking,N/A,N/A,N/A,N/A,POINT (-71.144692828999951 42.359297282000057),-71.144692828999951,42.359297282000057
Ringer Playground,N/A,Allston-Brighton,259,Drinking Fountain,Drinking,N/A,N/A,N/A,N/A,POINT (-71.136988581999958 42.350969409000072),-71.136988581999958,42.350969409000072
Ringer Playground,N/A,Allston-Brighton,259,Drinking Fountain,Drinking,N/A,N/A,N/A,N/A,POINT (-71.137789396999949 42.350936815000068),-71.137789396999949,42.350936815000068
Rogers Park,N/A,Allston-Brighton,267,Drinking Fountain,Drinking,N/A,N/A,N/A,N/A,POINT (-71.16093620099997 42.347986201000026),-71.160936200999970,42.347986201000026
Rogers Park,N/A,Allston-Brighton,267,Drinking Fountain,Drinking,N/A,N/A,N/A,N/A,POINT (-71.159513623999942 42.347181437000074),-71.159513623999942,42.347181437000074
Smith Playground,N/A,Allston-Brighton,284,Drinking Fountain,"Bottle Filler,Drinking",N/A,N/A,N/A,N/A,POINT (-71.132193995999955 42.363434902000051),-71.132193995999955,42.363434902000051
Myrtle Street Playground,N/A,Back Bay/Beacon Hill,212,Drinking Fountain,Drinking,N/A,N/A,N/A,N/A,POINT (-71.06608775899997 42.359243869000068),-71.066087758999970,42.359243869000068
Public Garden,N/A,Back Bay/Beacon Hill,246,Drinking Fountain,Drinking,N/A,N/A,N/A,N/A,POINT (-71.070618000999957 42.35296104300005),-71.070618000999957,42.352961043000050
Public Garden,N/A,Back Bay/Beacon Hill,246,Drinking Fountain,Drinking,N/A,N/A,N/A,N/A,POINT (-71.070224216999975 42.35526610200003),-71.070224216999975,42.355266102000030
Boston Common,N/A,Back Bay/Beacon Hill,27,Drinking Fountain,UA,N/A,N/A,N/A,N/A,POINT (-71.067179696999972 42.35314982400007),-71.067179696999972,42.353149824000070
Christopher Columbus Park,N/A,Central Boston,56,Drinking Fountain,Drinking,N/A,N/A,N/A,N/A,POINT (-71.051243398999986 42.361484985000061),-71.051243398999986,42.361484985000061
DeFilippo Playground,N/A,Central Boston,81,Drinking Fountain,Drinking,N/A,N/A,N/A,N/A,POINT (-71.056969583999944 42.366234839000072),-71.056969583999944,42.366234839000072
Paul Revere Mall,N/A,Central Boston,231,Drinking Fountain,"Bottle Filler,Drinking",N/A,N/A,N/A,N/A,POINT (-71.053495030999954 42.365835910000044),-71.053495030999954,42.365835910000044
Paul Revere Mall,N/A,Central Boston,231,Drinking Fountain,UA,N/A,N/A,N/A,N/A,POINT (-71.053141588999949 42.365621654000051),-71.053141588999949,42.365621654000051
Doherty Playground,N/A,Charlestown,87,Drinking Fountain,UA,N/A,N/A,N/A,N/A,POINT (-71.068119679999938 42.38195199200004),-71.068119679999938,42.381951992000040
John Harvard Mall,N/A,Charlestown,145,Drinking Fountain,Drinking,N/A,N/A,N/A,N/A,POINT (-71.062853553999958 42.372793738000041),-71.062853553999958,42.372793738000041
Menino Park,N/A,Charlestown,2202,Drinking Fountain,Drinking,N/A,N/A,N/A,N/A,POINT (-71.048671033999938 42.378108185000031),-71.048671033999938,42.378108185000031
Peter Looney Park,N/A,Charlestown,235,Drinking Fountain,Drinking,N/A,N/A,N/A,N/A,POINT (-71.065650329999983 42.374307070000043),-71.065650329999983,42.374307070000043
Ryan Playground,N/A,Charlestown,274,Drinking Fountain,"Bottle Filler,Drinking",N/A,N/A,N/A,N/A,POINT (-71.072252670999944 42.385628949000079),-71.072252670999944,42.385628949000079
Winthrop Square,N/A,Charlestown,326,Drinking Fountain,"Pet,Drinking",N/A,N/A,N/A,N/A,POINT (-71.059854972999972 42.374240489000044),-71.059854972999972,42.374240489000044
Adams/King Playground,N/A,Dorchester,2,Drinking Fountain,"Bottle Filler,Drinking",N/A,N/A,N/A,N/A,POINT (-71.05670771399997 42.293331476000048),-71.056707713999970,42.293331476000048
Allen Park,N/A,Dorchester,5,Drinking Fountain,Drinking,N/A,N/A,N/A,N/A,POINT (-71.063668112999949 42.308307269000068),-71.063668112999949,42.308307269000068
Byrne Playground,N/A,Dorchester,39,Drinking Fountain,Drinking,N/A,N/A,N/A,N/A,POINT (-71.052357624999956 42.300946304000036),-71.052357624999956,42.300946304000036
Doherty/Gibson Playground,N/A,Dorchester,88,Drinking Fountain,"Bottle Filler,Drinking",N/A,N/A,N/A,N/A,POINT (-71.061311677999981 42.297328611000069),-71.061311677999981,42.297328611000069
Dorchester Park,N/A,Dorchester,90,Drinking Fountain,Drinking,N/A,N/A,N/A,N/A,POINT (-71.06370587899994 42.278286804000061),-71.063705878999940,42.278286804000061
Dorchester Park,N/A,Dorchester,90,Drinking Fountain,Drinking,N/A,N/A,N/A,N/A,POINT (-71.061459705999937 42.27592861200003),-71.061459705999937,42.275928612000030
Downer Avenue Playground,N/A,Dorchester,92,Drinking Fountain,"Bottle Filler,Drinking",N/A,N/A,N/A,N/A,POINT (-71.061680819999935 42.311679995000077),-71.061680819999935,42.311679995000077
Elmhurst Street Park,N/A,Dorchester,106,Drinking Fountain,Drinking,N/A,N/A,N/A,N/A,POINT (-71.076421101999983 42.289449719000061),-71.076421101999983,42.289449719000061
Erie/Ellington Playground,N/A,Dorchester,108,Drinking Fountain,Drinking,N/A,N/A,N/A,N/A,POINT (-71.083550650999939 42.301308162000055),-71.083550650999939,42.301308162000055
Garvey Playground,N/A,Dorchester,130,Drinking Fountain,"Bottle Filler,Drinking",N/A,N/A,N/A,N/A,POINT (-71.046656665999933 42.288151441000025),-71.046656665999933,42.288151441000025
Hemenway Playground,N/A,Dorchester,151,Drinking Fountain,"Bottle Filler,Drinking",N/A,N/A,N/A,N/A,POINT (-71.055990193999946 42.291599527000074),-71.055990193999946,42.291599527000074
Martin/Hilltop Playground,N/A,Dorchester,189,Drinking Fountain,Drinking,N/A,N/A,N/A,N/A,POINT (-71.052949422999973 42.279509919000077),-71.052949422999973,42.279509919000077
Quincy/Stanley Play Area,N/A,Dorchester,251,Drinking Fountain,Drinking,N/A,N/A,N/A,N/A,POINT (-71.068746772999987 42.311025473000029),-71.068746772999987,42.311025473000029
Rev. Loesch Family Park,N/A,Dorchester,257,Drinking Fountain,Drinking,N/A,N/A,N/A,N/A,POINT (-71.066976779999948 42.290848144000051),-71.066976779999948,42.290848144000051
Ripley Playground,N/A,Dorchester,261,Drinking Fountain,Drinking,N/A,N/A,N/A,N/A,POINT (-71.076029689999984 42.299097138000036),-71.076029689999984,42.299097138000036
Ronan Park,N/A,Dorchester,268,Drinking Fountain,"Pet,Drinking",N/A,N/A,N/A,N/A,POINT (-71.062067144999958 42.304941371000041),-71.062067144999958,42.304941371000041
Ronan Park,N/A,Dorchester,268,Drinking Fountain,Drinking,N/A,N/A,N/A,N/A,POINT (-71.064073451999946 42.30500167200006),-71.064073451999946,42.305001672000060
Ryan Play Area,N/A,Dorchester,275,Drinking Fountain,"Bottle Filler,Drinking",N/A,N/A,N/A,N/A,POINT (-71.056366071999946 42.317829979000066),-71.056366071999946,42.317829979000066
American Legion Playground,N/A,East Boston,9,Drinking Fountain,"Bottle Filler,Drinking",N/A,N/A,N/A,N/A,POINT (-71.029661223999938 42.382304440000041),-71.029661223999938,42.382304440000041
American Legion Playground,N/A,East Boston,9,Drinking Fountain,"Bottle Filler,Drinking",N/A,N/A,N/A,N/A,POINT (-71.029929749999951 42.381610349000027),-71.029929749999951,42.381610349000027
Brophy Park,N/A,East Boston,33,Drinking Fountain,UA,N/A,N/A,N/A,N/A,POINT (-71.033198423999977 42.365865753000037),-71.033198423999977,42.365865753000037
Central Square,N/A,East Boston,48,Drinking Fountain,"Bottle Filler,Drinking",N/A,N/A,N/A,N/A,POINT (-71.03958933499996 42.374929534000046),-71.039589334999960,42.374929534000046
Mary Ellen Welch Greenway,N/A,East Boston,97,Drinking Fountain,Drinking,N/A,N/A,N/A,N/A,POINT (-71.039532593999979 42.367297919000066),-71.039532593999979,42.367297919000066
Mary Ellen Welch Greenway,N/A,East Boston,97,Drinking Fountain,Drinking,N/A,N/A,N/A,N/A,POINT (-71.036240350999947 42.370558093000056),-71.036240350999947,42.370558093000056
East Boston Memorial Park I,N/A,East Boston,98,Drinking Fountain,"Bottle Filler,Drinking",N/A,N/A,N/A,N/A,POINT (-71.030840889999979 42.371402651000039),-71.030840889999979,42.371402651000039
Noyes Playground,N/A,East Boston,216,Drinking Fountain,"Bottle Filler,Drinking",N/A,N/A,N/A,N/A,POINT (-71.01008694899997 42.38751970900006),-71.010086948999970,42.387519709000060
Noyes Playground,N/A,East Boston,216,Drinking Fountain,"Bottle Filler,Drinking",N/A,N/A,N/A,N/A,POINT (-71.01086719999995 42.388586097000029),-71.010867199999950,42.388586097000029
Paris Street Playground,N/A,East Boston,226,Drinking Fountain,"Bottle Filler,Drinking",N/A,N/A,N/A,N/A,POINT (-71.03706866999994 42.372337181000034),-71.037068669999940,42.372337181000034
Porzio Park,N/A,East Boston,244,Drinking Fountain,Drinking,N/A,N/A,N/A,N/A,POINT (-71.028788061999933 42.364964244000078),-71.028788061999933,42.364964244000078
Sumner & Lamson Street Playground,N/A,East Boston,296,Drinking Fountain,Drinking,N/A,N/A,N/A,N/A,POINT (-71.032330937999973 42.365872925000076),-71.032330937999973,42.365872925000076
Back Bay Fens,N/A,Fenway/Longwood,13,Drinking Fountain,Drinking,N/A,N/A,N/A,N/A,POINT (-71.097936283999957 42.338497743000062),-71.097936283999957,42.338497743000062
Back Bay Fens,N/A,Fenway/Longwood,13,Drinking Fountain,UA,N/A,N/A,N/A,N/A,POINT (-71.096582199999943 42.341271801000062),-71.096582199999943,42.341271801000062
Back Bay Fens,N/A,Fenway/Longwood,13,Drinking Fountain,Drinking,N/A,N/A,N/A,N/A,POINT (-71.096450077999975 42.341612015000067),-71.096450077999975,42.341612015000067
Back Bay Fens,N/A,Fenway/Longwood,13,Drinking Fountain,Drinking,N/A,N/A,N/A,N/A,POINT (-71.098389422999958 42.340356643000064),-71.098389422999958,42.340356643000064
Edgerly Road Playground,N/A,Fenway/Longwood,99,Drinking Fountain,"Bottle Filler,Drinking",N/A,N/A,N/A,N/A,POINT (-71.088058462999982 42.346329643000047),-71.088058462999982,42.346329643000047
Amatucci Playground,N/A,Hyde Park,7,Drinking Fountain,"Bottle Filler,Drinking",N/A,N/A,N/A,N/A,POINT (-71.126397997999959 42.24842080600007),-71.126397997999959,42.248420806000070
Iacono/Readville Playground,N/A,Hyde Park,160,Drinking Fountain,"Bottle Filler,Drinking",N/A,N/A,N/A,N/A,POINT (-71.135555610999972 42.23899349900006),-71.135555610999972,42.238993499000060
Iacono/Readville Playground,N/A,Hyde Park,160,Drinking Fountain,"Bottle Filler,Drinking",N/A,N/A,N/A,N/A,POINT (-71.135098562999985 42.239481494000074),-71.135098562999985,42.239481494000074
Reservation Road Park,N/A,Hyde Park,256,Drinking Fountain,"Bottle Filler,Drinking",N/A,N/A,N/A,N/A,POINT (-71.12840654699994 42.249835810000036),-71.128406546999940,42.249835810000036
Reservation Road Park,N/A,Hyde Park,256,Drinking Fountain,"Bottle Filler,Drinking",N/A,N/A,N/A,N/A,POINT (-71.129022840999937 42.249196270000027),-71.129022840999937,42.249196270000027
Ross Playground,N/A,Hyde Park,270,Drinking Fountain,"Pet,Bottle Filler,Drinking",N/A,N/A,N/A,N/A,POINT (-71.114505488999953 42.26476056100006),-71.114505488999953,42.264760561000060
Arnold Arboretum,N/A,Roslindale,11,Drinking Fountain,"Pet,Bottle Filler,Drinking",N/A,N/A,N/A,N/A,POINT (-71.121286492999957 42.306483315000037),-71.121286492999957,42.306483315000037
Arnold Arboretum,N/A,Roslindale,11,Drinking Fountain,"Pet,Bottle Filler,Drinking",N/A,N/A,N/A,N/A,POINT (-71.11958423699997 42.301064951000058),-71.119584236999970,42.301064951000058
Arnold Arboretum,N/A,Roslindale,11,Drinking Fountain,"Pet,Bottle Filler,Drinking",N/A,N/A,N/A,N/A,POINT (-71.125131377999935 42.30175599100005),-71.125131377999935,42.301755991000050
Brewer-Burroughs Tot Lot,N/A,Jamaica Plain,31,Drinking Fountain,Drinking,N/A,N/A,N/A,N/A,POINT (-71.115434736999987 42.31168675400005),-71.115434736999987,42.311686754000050
English H.S. Athletic Fields,N/A,Jamaica Plain,107,Drinking Fountain,"Bottle Filler,Drinking",N/A,N/A,N/A,N/A,POINT (-71.108070857999962 42.307008932000031),-71.108070857999962,42.307008932000031
Jamaica Pond Park,N/A,Jamaica Plain,163,Drinking Fountain,"Pet,Bottle Filler,Drinking",N/A,N/A,N/A,N/A,POINT (-71.116854501999967 42.320929273000047),-71.116854501999967,42.320929273000047
McLaughlin Playground,N/A,Mission Hill,194,Drinking Fountain,"Bottle Filler,Drinking",N/A,N/A,N/A,N/A,POINT (-71.102911198999948 42.328722454000058),-71.102911198999948,42.328722454000058
McLaughlin Playground,N/A,Mission Hill,194,Drinking Fountain,Drinking,N/A,N/A,N/A,N/A,POINT (-71.100906423999959 42.328196612000056),-71.100906423999959,42.328196612000056
Mission Hill Playground,N/A,Mission Hill,199,Drinking Fountain,"Bottle Filler,Drinking",N/A,N/A,N/A,N/A,POINT (-71.09930736299998 42.333683506000057),-71.099307362999980,42.333683506000057
Mission Hill Playground,N/A,Mission Hill,199,Drinking Fountain,"Bottle Filler,Drinking",N/A,N/A,N/A,N/A,POINT (-71.099162028999956 42.332855916000028),-71.099162028999956,42.332855916000028
Mozart Street Playground,N/A,Jamaica Plain,209,Drinking Fountain,Drinking,N/A,N/A,N/A,N/A,POINT (-71.104660200999945 42.322398953000061),-71.104660200999945,42.322398953000061
Hunt Playground,N/A,Mattapan,6,Drinking Fountain,"Bottle Filler,Drinking",N/A,N/A,N/A,N/A,POINT (-71.096390954999947 42.275056077000045),-71.096390954999947,42.275056077000045
Ernst Chery Jr. Playground,N/A,Mattapan,109,Drinking Fountain,UA,N/A,N/A,N/A,N/A,POINT (-71.099195923999957 42.274216420000073),-71.099195923999957,42.274216420000073
Harambee Park,N/A,Dorchester,142,Drinking Fountain,"Bottle Filler,Drinking",N/A,N/A,N/A,N/A,POINT (-71.082500244999949 42.293057988000044),-71.082500244999949,42.293057988000044
Harambee Park,N/A,Dorchester,142,Drinking Fountain,Drinking,N/A,N/A,N/A,N/A,POINT (-71.083063257999981 42.293212838000045),-71.083063257999981,42.293212838000045
Thetford/Evans Playground,N/A,Dorchester,302,Drinking Fountain,"Pet,Bottle Filler,Drinking",N/A,N/A,N/A,N/A,POINT (-71.077601078999976 42.283136994000074),-71.077601078999976,42.283136994000074
Walker Playground,N/A,Mattapan,310,Drinking Fountain,"Bottle Filler,Drinking",N/A,N/A,N/A,N/A,POINT (-71.090301309999973 42.277768353000056),-71.090301309999973,42.277768353000056
Franklin Park,N/A,Jamaica Plain,124,Drinking Fountain,UA,N/A,N/A,N/A,N/A,POINT (-71.096822967999969 42.311992557000053),-71.096822967999969,42.311992557000053
Pagel Playground,N/A,Jamaica Plain,223,Drinking Fountain,"Bottle Filler,Drinking",N/A,N/A,N/A,N/A,POINT (-71.118498105999947 42.288970376000066),-71.118498105999947,42.288970376000066
Parkman Playground,N/A,Jamaica Plain,229,Drinking Fountain,"Bottle Filler,Drinking",N/A,N/A,N/A,N/A,POINT (-71.113412719999985 42.295695161000026),-71.113412719999985,42.295695161000026
Ceylon Park,N/A,Dorchester,49,Drinking Fountain,"Bottle Filler,Drinking",N/A,N/A,N/A,N/A,POINT (-71.073756530999958 42.309687198000063),-71.073756530999958,42.309687198000063
Clifford Playground,N/A,Roxbury,59,Drinking Fountain,"Bottle Filler,Drinking",N/A,N/A,N/A,N/A,POINT (-71.067688518999944 42.326369401000079),-71.067688518999944,42.326369401000079
Bynoe Park,N/A,Roxbury,100,Drinking Fountain,"Bottle Filler,Drinking",N/A,N/A,N/A,N/A,POINT (-71.075927915999955 42.32923575600006),-71.075927915999955,42.329235756000060
Bynoe Park,N/A,Roxbury,100,Drinking Fountain,Drinking,N/A,N/A,N/A,N/A,POINT (-71.076551904999974 42.32980854300007),-71.076551904999974,42.329808543000070
Franklin Park,N/A,Jamaica Plain,124,Drinking Fountain,"Pet,Bottle Filler,Drinking",N/A,N/A,N/A,N/A,POINT (-71.08879012999995 42.30161852100008),-71.088790129999950,42.301618521000080
Highland Park,N/A,Roxbury,152,Drinking Fountain,Drinking,N/A,N/A,N/A,N/A,POINT (-71.094866883999941 42.325310323000053),-71.094866883999941,42.325310323000053
Horatio Harris Park,N/A,Roxbury,157,Drinking Fountain,Drinking,N/A,N/A,N/A,N/A,POINT (-71.090048053999965 42.319077648000075),-71.090048053999965,42.319077648000075
Jeep Jones Park,N/A,Roxbury,164,Drinking Fountain,"Bottle Filler,Drinking",N/A,N/A,N/A,N/A,POINT (-71.092071171999976 42.330787668000028),-71.092071171999976,42.330787668000028
Laviscount Park,N/A,Roxbury,177,Drinking Fountain,Drinking,N/A,N/A,N/A,N/A,POINT (-71.085963506999974 42.316351589000078),-71.085963506999974,42.316351589000078
Little Scobie Playground,N/A,Roxbury,181,Drinking Fountain,"Bottle Filler,Drinking",N/A,N/A,N/A,N/A,POINT (-71.08071231699995 42.322611849000054),-71.080712316999950,42.322611849000054
Marcella Playground,N/A,Roxbury,187,Drinking Fountain,"Bottle Filler,Drinking",N/A,N/A,N/A,N/A,POINT (-71.095843591999937 42.32343837600007),-71.095843591999937,42.323438376000070
Mt. Pleasant Play Area,N/A,Roxbury,208,Drinking Fountain,Drinking,N/A,N/A,N/A,N/A,POINT (-71.079380210999943 42.327052514000059),-71.079380210999943,42.327052514000059
Quincy Street Play Area,N/A,Roxbury,250,Drinking Fountain,Drinking,N/A,N/A,N/A,N/A,POINT (-71.079571580999982 42.314625233000072),-71.079571580999982,42.314625233000072
St James Street Park,N/A,Roxbury,292,Drinking Fountain,Drinking,N/A,N/A,N/A,N/A,POINT (-71.085082996999972 42.326797445000068),-71.085082996999972,42.326797445000068
Trotter School Playground,N/A,Roxbury,306,Drinking Fountain,"Bottle Filler,Drinking",N/A,N/A,N/A,N/A,POINT (-71.088690635999967 42.31523794900005),-71.088690635999967,42.315237949000050
Father Jack Play Area,N/A,Roxbury,311,Drinking Fountain,"Bottle Filler,Drinking",N/A,N/A,N/A,N/A,POINT (-71.094044846999964 42.314467606000051),-71.094044846999964,42.314467606000051
Winthrop Playground I,N/A,Roxbury,325,Drinking Fountain,"Bottle Filler,Drinking",N/A,N/A,N/A,N/A,POINT (-71.075781157999984 42.317710975000068),-71.075781157999984,42.317710975000068
Buckley Playground,N/A,South Boston,35,Drinking Fountain,Drinking,N/A,N/A,N/A,N/A,POINT (-71.049366568999972 42.339341576000038),-71.049366568999972,42.339341576000038
Medal of Honor Park,N/A,South Boston,196,Drinking Fountain,"Pet,Bottle Filler,Drinking",N/A,N/A,N/A,N/A,POINT (-71.031458449999946 42.336429778000081),-71.031458449999946,42.336429778000081
Moakley Park,N/A,South Boston,200,Drinking Fountain,"Bottle Filler,Drinking",N/A,N/A,N/A,N/A,POINT (-71.048447267999961 42.327668883000058),-71.048447267999961,42.327668883000058
Moakley Park,N/A,South Boston,200,Drinking Fountain,Drinking,N/A,N/A,N/A,N/A,POINT (-71.051801212999976 42.324544943000035),-71.051801212999976,42.324544943000035
Moakley Park,N/A,South Boston,200,Drinking Fountain,Drinking,N/A,N/A,N/A,N/A,POINT (-71.050334030999977 42.324482406000072),-71.050334030999977,42.324482406000072
Sweeney Playground,N/A,South Boston,297,Drinking Fountain,UA,N/A,N/A,N/A,N/A,POINT (-71.051489149999952 42.337266881000062),-71.051489149999952,42.337266881000062
Carter Playground,N/A,Roxbury,43,Drinking Fountain,"Bottle Filler,Drinking",N/A,N/A,N/A,N/A,POINT (-71.084569469999963 42.339420649000033),-71.084569469999963,42.339420649000033
Frieda Garcia Park,N/A,Back Bay/Beacon Hill,127,Drinking Fountain,Drinking,N/A,N/A,N/A,N/A,POINT (-71.073299365999958 42.348242133000042),-71.073299365999958,42.348242133000042
Peters Park I,N/A,South End,236,Drinking Fountain,"Pet,Drinking",N/A,N/A,N/A,N/A,POINT (-71.067593917999943 42.342763559000048),-71.067593917999943,42.342763559000048
Peters Park I,N/A,South End,236,Drinking Fountain,Drinking,N/A,N/A,N/A,N/A,POINT (-71.067487153999934 42.343170929000053),-71.067487153999934,42.343170929000053
Ringgold Park,N/A,South End,260,Drinking Fountain,Drinking,N/A,N/A,N/A,N/A,POINT (-71.070175759999984 42.343117706000044),-71.070175759999984,42.343117706000044
Titus Sparrow Park,N/A,South End,304,Drinking Fountain,"Drinking,Bottle Filler",N/A,N/A,N/A,N/A,POINT (-71.079641815999935 42.343326256000068),-71.079641815999935,42.343326256000068
Titus Sparrow Park,N/A,South End,304,Drinking Fountain,"Drinking,Bottle Filler,Pet",N/A,N/A,N/A,N/A,POINT (-71.080113358999938 42.34354666400003),-71.080113358999938,42.343546664000030
Billings Field,N/A,West Roxbury,23,Drinking Fountain,"Bottle Filler,Drinking",N/A,N/A,N/A,N/A,POINT (-71.157013909999989 42.280504296000061),-71.157013909999989,42.280504296000061
Draper Playground,N/A,West Roxbury,93,Drinking Fountain,Drinking,N/A,N/A,N/A,N/A,POINT (-71.160014919999981 42.259929512000042),-71.160014919999981,42.259929512000042
Garvey Playground,N/A,Dorchester,130,Drinking Fountain,"Pet,Bottle Filler,Drinking",N/A,N/A,N/A,N/A,POINT (-71.044411765999939 42.28755196000003),-71.044411765999939,42.287551960000030
South Street Mall & Courts,N/A,Jamaica Plain,288,Drinking Fountain,UA,N/A,N/A,N/A,N/A,POINT (-71.115078580999977 42.307932934000064),-71.115078580999977,42.307932934000064
Hannon Playground,N/A,Roxbury,141,Drinking Fountain,UA,N/A,N/A,N/A,N/A,POINT (-71.071360460999983 42.319677769000066),-71.071360460999983,42.319677769000066
Madison Park H.S. Athletic Fields,N/A,Roxbury,183,Drinking Fountain,"Bottle Filler,Drinking",N/A,N/A,N/A,N/A,POINT (-71.08555277499994 42.332501153000067),-71.085552774999940,42.332501153000067
Cassidy Playground,N/A,Allston-Brighton,44,Restroom,Permanent Structure,UA,UA,Stalls: 2,N/A,POINT (-71.151250921999974 42.33478337400004),-71.151250921999974,42.334783374000040
East Boston Memorial Park I,N/A,East Boston,98,Restroom,Permanent Structure,UA,UA,Stalls: 8,N/A,POINT (-71.029110862999971 42.37066270400004),-71.029110862999971,42.370662704000040
Boston Common,N/A,Back Bay/Beacon Hill,27,Restroom,Permanent Structure,UA,UA,Stalls: 2,N/A,POINT (-71.063887873999988 42.355419898000036),-71.063887873999988,42.355419898000036
Moakley Park,N/A,South Boston,200,Restroom,Permanent Structure,UA,UA,Stalls: 2,N/A,POINT (-71.051865713999973 42.324665315000061),-71.051865713999973,42.324665315000061
Jamaica Pond Park,N/A,Jamaica Plain,163,Restroom,Permanent Structure,UA,UA,Stalls: 2,N/A,POINT (-71.117621963999966 42.315618002000065),-71.117621963999966,42.315618002000065
Boston Common,N/A,Back Bay/Beacon Hill,27,Restroom,Permanent Structure,UA,UA,Stalls: 2,N/A,POINT (-71.065679425999974 42.35589249800006),-71.065679425999974,42.355892498000060
East Boston Memorial Park I,N/A,East Boston,98,Parking Lot,N/A,UA,UA,N/A,N/A,POINT (-71.032287316999941 42.371988154000064),-71.032287316999941,42.371988154000064
Ross Playground,N/A,Hyde Park,270,Parking Lot,N/A,UA,UA,N/A,N/A,POINT (-71.112192999999934 42.263203962000034),-71.112192999999934,42.263203962000034
Jeep Jones Park,N/A,Roxbury,164,Parking Lot,N/A,UA,UA,N/A,N/A,POINT (-71.091655953999975 42.330569775000072),-71.091655953999975,42.330569775000072
Healy Playground,N/A,Roslindale,149,Parking Lot,N/A,UA,UA,N/A,N/A,POINT (-71.122692863999987 42.288160188000063),-71.122692863999987,42.288160188000063
Moakley Park,N/A,South Boston,200,Parking Lot,N/A,UA,UA,N/A,N/A,POINT (-71.051353816999949 42.329037855000081),-71.051353816999949,42.329037855000081
McConnell Park,N/A,Dorchester,191,Parking Lot,N/A,UA,UA,N/A,N/A,POINT (-71.051825226999938 42.308624886000075),-71.051825226999938,42.308624886000075
Reservation Road Park,N/A,Hyde Park,256,Parking Lot,N/A,UA,UA,N/A,N/A,POINT (-71.128742258999978 42.249467706000075),-71.128742258999978,42.249467706000075
Franklin Park,N/A,Roxbury,124,Parking Lot,N/A,UA,UA,N/A,N/A,POINT (-71.095714679999958 42.305026296000051),-71.095714679999958,42.305026296000051
Hunt Playground,N/A,Mattapan,6,Parking Lot,N/A,UA,UA,N/A,N/A,POINT (-71.095361304999983 42.274752353000054),-71.095361304999983,42.274752353000054
Malcolm X Park,N/A,Roxbury,186,Parking Lot,N/A,UA,UA,N/A,N/A,POINT (-71.089667813999938 42.322726769000042),-71.089667813999938,42.322726769000042
Olmsted Park,N/A,Jamaica Plain,221,Parking Lot,N/A,UA,UA,N/A,N/A,POINT (-71.114711376999935 42.32492643900008),-71.114711376999935,42.324926439000080
Ryan Playground,N/A,Charlestown,274,Parking Lot,N/A,UA,UA,N/A,N/A,POINT (-71.072354727999937 42.385232658000064),-71.072354727999937,42.385232658000064
Riverway I,N/A,Fenway/Longwood,263,Parking Lot,N/A,UA,UA,N/A,N/A,POINT (-71.104912712999976 42.344621755000048),-71.104912712999976,42.344621755000048
Martin's Park,N/A,South Boston,333,Drinking Fountain,"Bottle Filler, Drinking",N/A,N/A,N/A,N/A,POINT (-71.048973433999947 42.352866535000032),-71.048973433999947,42.352866535000032
Langone Park,N/A,Central Boston,175,Bocce,N/A,N/A,N/A,N/A,N/A,POINT (-71.055617088999952 42.368478547000052),-71.055617088999952,42.368478547000052
Langone Park,N/A,Central Boston,175,Bocce,N/A,N/A,N/A,N/A,N/A,POINT (-71.055553676999978 42.368460721000076),-71.055553676999978,42.368460721000076
Langone Park,N/A,Central Boston,175,Bocce,N/A,N/A,N/A,N/A,N/A,POINT (-71.055483556999945 42.368452715000046),-71.055483556999945,42.368452715000046
Langone Park,N/A,Central Boston,175,Bocce,N/A,N/A,N/A,N/A,N/A,POINT (-71.055496733999973 42.368736868000042),-71.055496733999973,42.368736868000042
Langone Park,N/A,Central Boston,175,Bocce,N/A,N/A,N/A,N/A,N/A,POINT (-71.055433255999958 42.368728184000076),-71.055433255999958,42.368728184000076
Langone Park,N/A,Central Boston,175,Bocce,N/A,N/A,N/A,N/A,N/A,POINT (-71.055357426999933 42.368722968000043),-71.055357426999933,42.368722968000043
Jeep Jones Park,N/A,Roxbury,164,Basketball,Full,N/A,N/A,N/A,N/A,POINT (-71.091890052999986 42.330772657000068),-71.091890052999986,42.330772657000068
Jeep Jones Park,N/A,Roxbury,164,Fitness Equipment,N/A,N/A,N/A,N/A,N/A,POINT (-71.09169339999994 42.330871333000061),-71.091693399999940,42.330871333000061
Jeep Jones Park,N/A,Roxbury,164,Athletic Seating,Players Bench,UA,UA,N/A,N/A,POINT (-71.092114399999957 42.330589333000034),-71.092114399999957,42.330589333000034
Jeep Jones Park,Lower Playground,Roxbury,164,Playground,PIP Rubber,N/A,N/A,N/A,"0-2,2-5",POINT (-71.092479731999958 42.331013243000029),-71.092479731999958,42.331013243000029
Jeep Jones Park,Upper Playground,Roxbury,164,Playground,PIP Rubber,N/A,N/A,N/A,5-12,POINT (-71.092160399999955 42.330406334000031),-71.092160399999955,42.330406334000031
Jeep Jones Park,N/A,Roxbury,164,Tricycle Track,N/A,N/A,N/A,N/A,N/A,POINT (-71.092577398999936 42.330865334000066),-71.092577398999936,42.330865334000066
Jeep Jones Park,N/A,Roxbury,164,Basketball,Full,N/A,N/A,N/A,N/A,POINT (-71.091995270999973 42.330619144000025),-71.091995270999973,42.330619144000025
Father Jack Play Area,N/A,Roxbury,311,Playground,PIP Rubber,N/A,N/A,N/A,"2-5,5-12",POINT (-71.094268399999976 42.314513336000061),-71.094268399999976,42.314513336000061
Paula Titus Park,N/A,Roxbury,7274,Playground,PIP Rubber,N/A,N/A,N/A,2-5,POINT (-71.095946740999977 42.326211937000039),-71.095946740999977,42.326211937000039
Carter Playground,Victoria McGrath Tot Lot,Roxbury,43,Playground,PIP Rubber,N/A,N/A,N/A,"0-2,2-5,5-12",POINT (-71.085607588999949 42.338078596000059),-71.085607588999949,42.338078596000059
Carter Playground,N/A,Roxbury,43,Drinking Fountain,"Bottle Filler,Drinking",N/A,N/A,N/A,N/A,POINT (-71.085491103999971 42.338186939000025),-71.085491103999971,42.338186939000025
Carter Playground,N/A,Roxbury,43,Athletic Seating,Dugout,No Companion Seating ,Covered,N/A,N/A,POINT (-71.084121367999956 42.338906759000054),-71.084121367999956,42.338906759000054
Carter Playground,N/A,Roxbury,43,Athletic Seating,Bleacher,Companion Seating,UA,N/A,N/A,POINT (-71.084559234999972 42.339326027000027),-71.084559234999972,42.339326027000027
Bynoe Park,N/A,Roxbury,100,Playground,PIP Rubber,N/A,N/A,N/A,"0-2,2-5,5-12",POINT (-71.076162316999955 42.329182786000047),-71.076162316999955,42.329182786000047
Hannon Playground,N/A,Roxbury,141,Fitness Equipment,N/A,N/A,N/A,N/A,N/A,POINT (-71.071112864999975 42.319362475000048),-71.071112864999975,42.319362475000048
Malcolm X Park,N/A,Roxbury,186,Drinking Fountain,"Bottle Filler,Drinking",N/A,N/A,N/A,N/A,POINT (-71.088957518999962 42.320845126000052),-71.088957518999962,42.320845126000052
Malcolm X Park,N/A,Roxbury,186,Drinking Fountain,"Bottle Filler,Drinking",N/A,N/A,N/A,N/A,POINT (-71.088522257999955 42.32215330300005),-71.088522257999955,42.322153303000050
Malcolm X Park,N/A,Roxbury,186,Drinking Fountain,"Bottle Filler,Drinking",N/A,N/A,N/A,N/A,POINT (-71.090134904999957 42.320998863000057),-71.090134904999957,42.320998863000057
Malcolm X Park,N/A,Roxbury,186,Drinking Fountain,"Bottle Filler,Drinking",N/A,N/A,N/A,N/A,POINT (-71.088013286999967 42.320589042000051),-71.088013286999967,42.320589042000051
Marcella Playground,N/A,Roxbury,187,Athletic Field,Baseball,N/A,Natural Turf,UA,N/A,POINT (-71.096247381999945 42.322530770000071),-71.096247381999945,42.322530770000071
Peter Looney Park,N/A,Charlestown,235,Tennis,Full,Pickleball x 3,N/A,N/A,N/A,POINT (-71.065501137999945 42.374318963000064),-71.065501137999945,42.374318963000064
Smith Playground,N/A,Allston-Brighton,284,Drinking Fountain,"Bottle Filler,Drinking",N/A,N/A,N/A,N/A,POINT (-71.130901352999956 42.365561028000059),-71.130901352999956,42.365561028000059
Clarendon Street Playlot,N/A,Back Bay/Beacon Hill,58,Playground,PIP Rubber,N/A,N/A,N/A,"2-5,5-12",POINT (-71.076527602999988 42.35288422900004),-71.076527602999988,42.352884229000040
Clarendon Street Playlot,N/A,Back Bay/Beacon Hill,58,Drinking Fountain,"Bottle Filler,Drinking",N/A,N/A,N/A,N/A,POINT (-71.076623067999947 42.352643355000055),-71.076623067999947,42.352643355000055
Mother's Rest at Four Corners,N/A,Dorchester,205,Playground,PIP Rubber,N/A,N/A,N/A,"2-5,5-12",POINT (-71.071770283999967 42.29770822200004),-71.071770283999967,42.297708222000040
Moakley Park,N/A,South Boston,200,Athletic Seating,Bleacher,Companion Seating ,UA,N/A,N/A,POINT (-71.051609130999964 42.325308265000047),-71.051609130999964,42.325308265000047
Moakley Park,N/A,South Boston,200,Athletic Seating,Dugout,Companion Seating ,UA,N/A,N/A,POINT (-71.051748357999941 42.326437945000066),-71.051748357999941,42.326437945000066
Moakley Park,N/A,South Boston,200,Athletic Seating,Dugout,Companion Seating ,UA,N/A,N/A,POINT (-71.051738080999939 42.326223078000055),-71.051738080999939,42.326223078000055
Moakley Park,N/A,South Boston,200,Athletic Seating,Bleacher ,Companion Seating ,UA,N/A,N/A,POINT (-71.051614890999986 42.326108165000051),-71.051614890999986,42.326108165000051
Moakley Park,N/A,South Boston,200,Athletic Seating,Dugout,No Companion Seating ,UA,N/A,N/A,POINT (-71.05176440799994 42.327098376000038),-71.051764407999940,42.327098376000038
Moakley Park,N/A,South Boston,200,Athletic Seating,Bleacher,Companion Seating ,UA,N/A,N/A,POINT (-71.051668864999954 42.326986824000073),-71.051668864999954,42.326986824000073
Moakley Park,N/A,South Boston,200,Athletic Seating,Bleacher,Companion Seating ,UA,N/A,N/A,POINT (-71.051715167999987 42.327794458000028),-71.051715167999987,42.327794458000028
Moakley Park,N/A,South Boston,200,Athletic Seating,Bleacher,UA,UA,N/A,N/A,POINT (-71.050144117999935 42.328614936000065),-71.050144117999935,42.328614936000065
Moakley Park,N/A,South Boston,200,Athletic Seating,Dugout,UA,UA,N/A,N/A,POINT (-71.05031398899996 42.32854465500003),-71.050313988999960,42.328544655000030
Moakley Park,N/A,South Boston,200,Athletic Seating,Bleacher,Companion Seating ,UA,N/A,N/A,POINT (-71.050858665999954 42.328657938000049),-71.050858665999954,42.328657938000049
Moakley Park,N/A,South Boston,200,Athletic Seating,Dugout,Companion Seating ,UA,N/A,N/A,POINT (-71.048437718999935 42.32898433500003),-71.048437718999935,42.328984335000030
Moakley Park,N/A,South Boston,200,Athletic Seating,Bleacher ,Companion Seating ,UA,N/A,N/A,POINT (-71.050673127999971 42.324863015000062),-71.050673127999971,42.324863015000062
Moakley Park,N/A,South Boston,200,Athletic Field,Lacrosse,N/A,Natural Turf,NO,N/A,POINT (-71.049449165999988 42.32711118900005),-71.049449165999988,42.327111189000050
Moakley Park,N/A,South Boston,200,Athletic Field,Combo,"Soccer,Rugby",Natural Turf,UA,N/A,POINT (-71.050465201999941 42.327086662000056),-71.050465201999941,42.327086662000056
Moakley Park,N/A,South Boston,200,Street Hockey,N/A,N/A,N/A,N/A,N/A,POINT (-71.050508539999953 42.329642830000068),-71.050508539999953,42.329642830000068
Devine Memorial Rink Grounds,N/A,Dorchester,3109,Parking Lot,N/A,UA,UA,N/A,N/A,POINT (-71.044342419999964 42.287995472000034),-71.044342419999964,42.287995472000034
Franklin Park,N/A,Roxbury,124,Fitness Equipment,N/A,N/A,N/A,N/A,N/A,POINT (-71.090205044999948 42.297876772000052),-71.090205044999948,42.297876772000052
Franklin Park,N/A,Jamaica Plain,124,Athletic Seating,Bleacher ,Companion Seating ,UA,N/A,N/A,POINT (-71.099845085999959 42.300039306000031),-71.099845085999959,42.300039306000031
Franklin Park,N/A,Jamaica Plain,124,Athletic Seating,Dugout,N/A,UA,N/A,N/A,POINT (-71.095010427999966 42.306957652000051),-71.095010427999966,42.306957652000051
Franklin Park,N/A,Jamaica Plain,124,Athletic Seating,Bleacher,No Companion Seating ,UA,N/A,N/A,POINT (-71.100338210999951 42.301572915000065),-71.100338210999951,42.301572915000065
Marcella Playground,N/A,Roxbury,187,Athletic Seating,Bleacher,Companion Seating ,UA,N/A,N/A,POINT (-71.096411298999953 42.323400689000039),-71.096411298999953,42.323400689000039
Marcella Playground,N/A,Roxbury,187,Athletic Seating,Bleacher,Companion Seating ,UA,N/A,N/A,POINT (-71.096333189999939 42.323520906000056),-71.096333189999939,42.323520906000056
Marcella Playground,N/A,Roxbury,187,Athletic Seating,Bleacher,Companion Seating ,UA,N/A,N/A,POINT (-71.096428998999954 42.322069132000081),-71.096428998999954,42.322069132000081
Marcella Playground,N/A,Roxbury,187,Athletic Seating,Bleacher,Companion Seating ,UA,N/A,N/A,POINT (-71.096920606999959 42.322280077000073),-71.096920606999959,42.322280077000073
Marcella Playground,N/A,Roxbury,187,Athletic Seating,Dugout,Companion Seating ,UA,N/A,N/A,POINT (-71.09656014799998 42.322110437000049),-71.096560147999980,42.322110437000049
Marcella Playground,N/A,Roxbury,187,Athletic Seating,Dugout,Companion Seating ,UA,N/A,N/A,POINT (-71.096630786999981 42.322116382000047),-71.096630786999981,42.322116382000047
Marcella Playground,N/A,Roxbury,187,Athletic Seating,Dugout,Companion Seating ,UA,N/A,N/A,POINT (-71.096853239999973 42.32231609300004),-71.096853239999973,42.322316093000040
Mozart Street Playground,N/A,Jamaica Plain,209,Athletic Seating,Players Bench,No Companion Seating ,UA,N/A,N/A,POINT (-71.104706220999958 42.322190407000051),-71.104706220999958,42.322190407000051
Mozart Street Playground,N/A,Jamaica Plain,209,Athletic Seating,Players Bench,No Companion Seating ,UA,N/A,N/A,POINT (-71.10470298599995 42.322167299000057),-71.104702985999950,42.322167299000057
Moakley Park,N/A,South Boston,200,Athletic Seating,Players Bench,Companion Seating ,UA,N/A,N/A,POINT (-71.050461315999939 42.32949852400003),-71.050461315999939,42.329498524000030
Moakley Park,N/A,South Boston,200,Athletic Seating,Players Bench,Companion Seating ,UA,N/A,N/A,POINT (-71.050388485999974 42.329530692000048),-71.050388485999974,42.329530692000048
Moakley Park,N/A,South Boston,200,Athletic Seating,Bleacher,Companion Seating ,UA,N/A,N/A,POINT (-71.050598245999936 42.32973129100003),-71.050598245999936,42.329731291000030
American Legion Playground,N/A,East Boston,9,Athletic Seating,Dugout,No Companion Seating ,UA,N/A,N/A,POINT (-71.029724519999945 42.38150745400003),-71.029724519999945,42.381507454000030
American Legion Playground,N/A,East Boston,9,Athletic Seating,Dugout,No Companion Seating ,UA,N/A,N/A,POINT (-71.029894531999958 42.381644691000076),-71.029894531999958,42.381644691000076
American Legion Playground,N/A,East Boston,9,Athletic Seating,Players Bench,Companion Seating ,UA,N/A,N/A,POINT (-71.028966887999957 42.382401381000079),-71.028966887999957,42.382401381000079
American Legion Playground,N/A,East Boston,9,Athletic Seating,Bleacher,No Companion Seating ,UA,N/A,N/A,POINT (-71.029582851999976 42.382245988000079),-71.029582851999976,42.382245988000079
American Legion Playground,N/A,East Boston,9,Athletic Seating,Bleacher,No Companion Seating ,UA,N/A,N/A,POINT (-71.029489937999983 42.382245140000066),-71.029489937999983,42.382245140000066
McGann Park,N/A,Hyde Park,192,Playground,PIP Rubber,N/A,N/A,N/A,"2-5,5-12",POINT (-71.127704966999943 42.264425690000053),-71.127704966999943,42.264425690000053
McGann Park,N/A,Hyde Park,192,Drinking Fountain,UA,N/A,N/A,N/A,N/A,POINT (-71.12751528299998 42.264481724000063),-71.127515282999980,42.264481724000063
Garvey Playground,N/A,Dorchester,130,Drinking Fountain,"Bottle Filler,Drinking",N/A,N/A,N/A,N/A,POINT (-71.045267617999968 42.287655689000076),-71.045267617999968,42.287655689000076
Garvey Playground,N/A,Dorchester,130,Fitness Equipment,N/A,N/A,N/A,N/A,N/A,POINT (-71.045508405999954 42.287507575000063),-71.045508405999954,42.287507575000063
Garvey Playground,N/A,Dorchester,130,Athletic Seating,Bleacher ,No Companion Seating ,UA,N/A,N/A,POINT (-71.045097792999968 42.288199305000035),-71.045097792999968,42.288199305000035
Garvey Playground,N/A,Dorchester,130,Athletic Seating,Bleacher,No Companion Seating ,UA,N/A,N/A,POINT (-71.046013209999956 42.287790964000067),-71.046013209999956,42.287790964000067
Garvey Playground,N/A,Dorchester,130,Athletic Seating,Bleacher,No Companion Seating ,UA,N/A,N/A,POINT (-71.045881609999981 42.287446230000057),-71.045881609999981,42.287446230000057
Garvey Playground,N/A,Dorchester,130,Athletic Seating,Players Bench,Companion Seating ,UA,N/A,N/A,POINT (-71.045647815999985 42.287489790000052),-71.045647815999985,42.287489790000052
Garvey Playground,N/A,Dorchester,130,Athletic Seating,Bleacher,No Companion Seating ,UA,N/A,N/A,POINT (-71.04591979199995 42.287633977000041),-71.045919791999950,42.287633977000041
Garvey Playground,N/A,Dorchester,130,Athletic Seating,Bleacher,No Companion Seating ,UA,N/A,N/A,POINT (-71.044725119999953 42.287432214000034),-71.044725119999953,42.287432214000034
Garvey Playground,N/A,Dorchester,130,Athletic Seating,Players Bench,Companion Seating ,UA,N/A,N/A,POINT (-71.044784049999976 42.287661477000029),-71.044784049999976,42.287661477000029
Garvey Playground,N/A,Dorchester,130,Athletic Seating,Players Bench,Companion Seating ,UA,N/A,N/A,POINT (-71.044829628999935 42.287650684000027),-71.044829628999935,42.287650684000027
Quincy Street Play Area,N/A,Roxbury,250,Fitness Equipment,N/A,N/A,N/A,N/A,UA,POINT (-71.079432581999981 42.314756586000044),-71.079432581999981,42.314756586000044
Hardiman Playground,N/A,Allston-Brighton,143,Athletic Seating,Players Bench,Companion Seating ,UA,N/A,N/A,POINT (-71.166422319999981 42.35105864600007),-71.166422319999981,42.351058646000070
Hardiman Playground,N/A,Allston-Brighton,143,Athletic Seating,Players Bench,Companion Seating ,UA,N/A,N/A,POINT (-71.166742433999957 42.351176367000051),-71.166742433999957,42.351176367000051
McKinney Playground,N/A,Allston-Brighton,193,Athletic Seating,Dugout,No Companion Seating ,UA,N/A,N/A,POINT (-71.15193355699995 42.354787615000077),-71.151933556999950,42.354787615000077
McKinney Playground,N/A,Allston-Brighton,193,Athletic Seating,Dugout,No Companion Seating ,UA,N/A,N/A,POINT (-71.152033191999976 42.354942513000026),-71.152033191999976,42.354942513000026
McKinney Playground,N/A,Allston-Brighton,193,Athletic Seating,Bleacher,No Companion Seating ,UA,N/A,N/A,POINT (-71.153869252999982 42.354761712000027),-71.153869252999982,42.354761712000027
Portsmouth Street Playground,N/A,Allston-Brighton,243,Athletic Seating,Bleacher,Companion Seating ,UA,N/A,N/A,POINT (-71.14531414399994 42.359009942000057),-71.145314143999940,42.359009942000057
Dorchester Park,N/A,Dorchester,90,Athletic Seating,Bleacher,No Companion Seating ,UA,N/A,N/A,POINT (-71.061389042999963 42.27601585900004),-71.061389042999963,42.276015859000040
Dorchester Park,N/A,Dorchester,90,Athletic Seating,Bleacher,Companion Seating ,UA,N/A,N/A,POINT (-71.063672381999936 42.278338527000074),-71.063672381999936,42.278338527000074
Dorchester Park,N/A,Dorchester,90,Athletic Seating,Bleacher,No Companion Seating ,UA,N/A,N/A,POINT (-71.06323092699995 42.277832701000079),-71.063230926999950,42.277832701000079
Doherty/Gibson Playground,N/A,Dorchester,88,Athletic Seating,Bleacher,Companion Seating ,UA,N/A,N/A,POINT (-71.061619962999941 42.297475721000069),-71.061619962999941,42.297475721000069
Doherty/Gibson Playground,N/A,Dorchester,88,Athletic Seating,Bleacher,Companion Seating ,UA,N/A,N/A,POINT (-71.061526317999949 42.297447021000039),-71.061526317999949,42.297447021000039
Doherty/Gibson Playground,N/A,Dorchester,88,Athletic Seating,Bleacher,Companion Seating ,UA,N/A,N/A,POINT (-71.06171242399995 42.297502717000043),-71.061712423999950,42.297502717000043
Ronan Park,N/A,Dorchester,268,Athletic Seating,Dugout,No Companion Seating ,UA,N/A,N/A,POINT (-71.062876767999967 42.304204603000073),-71.062876767999967,42.304204603000073
Ronan Park,N/A,Dorchester,268,Athletic Seating,Dugout,No Companion Seating ,UA,N/A,N/A,POINT (-71.06301521499995 42.303955852000058),-71.063015214999950,42.303955852000058
Ronan Park,N/A,Dorchester,268,Athletic Seating,Bleacher,Companion Seating ,UA,N/A,N/A,POINT (-71.063078883999935 42.303866054000025),-71.063078883999935,42.303866054000025
McConnell Park,N/A,Dorchester,191,Athletic Seating,Bleacher,Companion Seating ,UA,N/A,N/A,POINT (-71.052765309999984 42.309389400000043),-71.052765309999984,42.309389400000043
McConnell Park,N/A,Dorchester,191,Athletic Seating,Bleacher,Companion Seating ,UA,N/A,N/A,POINT (-71.052699296999947 42.309370304000026),-71.052699296999947,42.309370304000026
McConnell Park,N/A,Dorchester,191,Athletic Seating,Bleacher,Companion Seating ,UA,N/A,N/A,POINT (-71.052300794999951 42.308293437000032),-71.052300794999951,42.308293437000032
McConnell Park,N/A,Dorchester,191,Athletic Seating,Dugout,Companion Seating ,Covered (perforated),N/A,N/A,POINT (-71.052415301999986 42.308207682000045),-71.052415301999986,42.308207682000045
McConnell Park,N/A,Dorchester,191,Drinking Fountain,"Bottle Filler,Drinking",N/A,N/A,N/A,N/A,POINT (-71.052509289999989 42.308118648000061),-71.052509289999989,42.308118648000061
McConnell Park,N/A,Dorchester,191,Athletic Seating,Bleacher,Companion Seating ,UA,N/A,N/A,POINT (-71.053112587999976 42.308072240000058),-71.053112587999976,42.308072240000058
McConnell Park,N/A,Dorchester,191,Athletic Seating,Bleacher,Companion Seating ,UA,N/A,N/A,POINT (-71.053041846999974 42.308079342000042),-71.053041846999974,42.308079342000042
McConnell Park,N/A,Dorchester,191,Athletic Seating,Dugout,Companion Seating ,Covered (perforated),N/A,N/A,POINT (-71.052699551999979 42.308194402000026),-71.052699551999979,42.308194402000026
McConnell Park,N/A,Dorchester,191,Athletic Seating,Dugout,Companion Seating ,Covered (perforated),N/A,N/A,POINT (-71.053278475999946 42.308073818000025),-71.053278475999946,42.308073818000025
McConnell Park,N/A,Dorchester,191,Athletic Seating,Dugout,Companion Seating ,Covered (perforated),N/A,N/A,POINT (-71.053496974999973 42.308286109000051),-71.053496974999973,42.308286109000051
McConnell Park,N/A,Dorchester,191,Restroom,Portable Restroom Pad,N/A,N/A,Pad Capacity: 2,N/A,POINT (-71.05305187099998 42.308026414000039),-71.053051870999980,42.308026414000039
Savin Hill Park,N/A,Dorchester,276,Drinking Fountain,"Bottle Filler,Drinking",N/A,N/A,N/A,N/A,POINT (-71.048392674999945 42.310168669000063),-71.048392674999945,42.310168669000063
English H.S. Athletic Fields,N/A,Jamaica Plain,107,Athletic Seating,Bleacher,Companion Seating ,UA,N/A,N/A,POINT (-71.108160584999951 42.307512021000036),-71.108160584999951,42.307512021000036
English H.S. Athletic Fields,N/A,Jamaica Plain,107,Athletic Seating,Bleacher,No Companion Seating ,UA,N/A,N/A,POINT (-71.107289738999953 42.30796682600004),-71.107289738999953,42.307966826000040
English H.S. Athletic Fields,N/A,Jamaica Plain,107,Athletic Seating,Bleacher,No Companion Seating ,UA,N/A,N/A,POINT (-71.107166854999946 42.307895028000075),-71.107166854999946,42.307895028000075
English H.S. Athletic Fields,N/A,Jamaica Plain,107,Athletic Seating,Bleacher,No Companion Seating ,UA,N/A,N/A,POINT (-71.107044615999939 42.307827987000053),-71.107044615999939,42.307827987000053
English H.S. Athletic Fields,N/A,Jamaica Plain,107,Athletic Seating,Bleacher,No Companion Seating ,UA,N/A,N/A,POINT (-71.106923240999947 42.307762053000033),-71.106923240999947,42.307762053000033
English H.S. Athletic Fields,N/A,Jamaica Plain,107,Athletic Seating,Bleacher,No Companion Seating ,UA,N/A,N/A,POINT (-71.107405830999937 42.308030068000051),-71.107405830999937,42.308030068000051
English H.S. Athletic Fields,N/A,Jamaica Plain,107,Athletic Seating,Bleacher,Companion Seating ,UA,N/A,N/A,POINT (-71.108000666999942 42.306972637000058),-71.108000666999942,42.306972637000058
Parkman Playground,N/A,Jamaica Plain,229,Athletic Seating,Dugout,UA,UA,N/A,N/A,POINT (-71.113397520999968 42.295839938000029),-71.113397520999968,42.295839938000029
Parkman Playground,N/A,Jamaica Plain,229,Athletic Seating,Bleacher ,N/A,UA,N/A,N/A,POINT (-71.113160456999935 42.295512699000028),-71.113160456999935,42.295512699000028
Little Scobie Playground,N/A,Roxbury,181,Skateboarding,Skate dot,N/A,N/A,N/A,N/A,POINT (-71.08060514899995 42.322922606000077),-71.080605148999950,42.322922606000077
Peters Park I,N/A,South End,236,Athletic Seating,Bleacher,No Companion Seating,UA,N/A,N/A,POINT (-71.066912271999968 42.343290506000073),-71.066912271999968,42.343290506000073
Peters Park I,N/A,South End,236,Athletic Seating,Bleacher,Companion Seating ,UA,N/A,N/A,POINT (-71.067131667999945 42.34335092200007),-71.067131667999945,42.343350922000070
Peters Park I,N/A,South End,236,Athletic Seating,Bleacher,Companion Seating ,UA,N/A,N/A,POINT (-71.067097559999979 42.343300369000076),-71.067097559999979,42.343300369000076
Peters Park I,N/A,South End,236,Athletic Seating,Bleacher,Companion Seating ,UA,N/A,N/A,POINT (-71.067061704999958 42.343249061000051),-71.067061704999958,42.343249061000051
Peters Park I,N/A,South End,236,Athletic Seating,Bleacher,Companion Seating ,UA,N/A,N/A,POINT (-71.067025925999985 42.343199732000073),-71.067025925999985,42.343199732000073
Peters Park II,N/A,South End,2155,Athletic Seating,Bleacher,No Companion Seating,UA,N/A,N/A,POINT (-71.066765108999959 42.343302193000056),-71.066765108999959,42.343302193000056
Billings Field,N/A,West Roxbury,23,Athletic Seating,Bleacher,No Companion Seating ,UA,N/A,N/A,POINT (-71.157235213999968 42.280626767000058),-71.157235213999968,42.280626767000058
Fallon Field,N/A,Roslindale,112,Athletic Seating,Players Bench,No Companion Seating,UA,N/A,N/A,POINT (-71.136602694999965 42.287444391000065),-71.136602694999965,42.287444391000065
Fallon Field,N/A,Roslindale,112,Athletic Seating,Bleacher,No Companion Seating,UA,N/A,N/A,POINT (-71.136586411999986 42.287516534000076),-71.136586411999986,42.287516534000076
Back Bay Fens,N/A,Fenway/Longwood,13,Athletic Seating,Bleacher,Companion Seating ,UA,N/A,N/A,POINT (-71.096436206999954 42.341571212000076),-71.096436206999954,42.341571212000076
Back Bay Fens,N/A,Fenway/Longwood,13,Athletic Seating,Bleacher,Companion Seating ,UA,N/A,N/A,POINT (-71.096390089999943 42.341499140000053),-71.096390089999943,42.341499140000053
Back Bay Fens,N/A,Fenway/Longwood,13,Athletic Seating,Bleacher,Companion Seating ,UA,N/A,N/A,POINT (-71.096343253999976 42.34142564800004),-71.096343253999976,42.341425648000040
Back Bay Fens,N/A,Fenway/Longwood,13,Athletic Seating,Bleacher,No Companion Seating ,UA,N/A,N/A,POINT (-71.097926942999948 42.340878708000048),-71.097926942999948,42.340878708000048
Hunt Playground,N/A,Mattapan,6,Fitness Equipment,N/A,N/A,N/A,N/A,N/A,POINT (-71.096588939999947 42.274771636000025),-71.096588939999947,42.274771636000025
Hunt Playground,N/A,Mattapan,6,Athletic Seating,Bleacher,No Companion Seating ,UA,N/A,N/A,POINT (-71.097132398999975 42.274919030000035),-71.097132398999975,42.274919030000035
Hunt Playground,N/A,Mattapan,6,Athletic Seating,Bleacher,No Companion Seating ,UA,N/A,N/A,POINT (-71.097047940999971 42.275001286000077),-71.097047940999971,42.275001286000077
Hunt Playground,N/A,Mattapan,6,Athletic Seating,Bleacher,No Companion Seating ,UA,N/A,N/A,POINT (-71.096965287999979 42.27508081600007),-71.096965287999979,42.275080816000070
Hunt Playground,N/A,Mattapan,6,Athletic Seating,Bleacher,No Companion Seating ,UA,N/A,N/A,POINT (-71.096884926999962 42.275158579000049),-71.096884926999962,42.275158579000049
Hunt Playground,N/A,Mattapan,6,Athletic Seating,Bleacher,No Companion Seating ,UA,N/A,N/A,POINT (-71.097631768999975 42.275411986000051),-71.097631768999975,42.275411986000051
Hunt Playground,N/A,Mattapan,6,Athletic Seating,Dugout,No Companion Seating ,UA,N/A,N/A,POINT (-71.098241147999943 42.274749665000058),-71.098241147999943,42.274749665000058
Hunt Playground,N/A,Mattapan,6,Athletic Seating,Dugout,No Companion Seating ,UA,N/A,N/A,POINT (-71.097973928999977 42.274773392000043),-71.097973928999977,42.274773392000043
Clifford Playground,N/A,Roxbury,59,Athletic Seating,Bleacher,No Companion Seating ,UA,N/A,N/A,POINT (-71.067770262999943 42.326338462000081),-71.067770262999943,42.326338462000081
Clifford Playground,N/A,Roxbury,59,Athletic Seating,Bleacher,No Companion Seating ,UA,N/A,N/A,POINT (-71.067793153999958 42.326216528000032),-71.067793153999958,42.326216528000032
McLaughlin Playground,N/A,Mission Hill,194,Athletic Seating,Bleacher,Companion Seating ,UA,N/A,N/A,POINT (-71.102726627999971 42.328599102000055),-71.102726627999971,42.328599102000055
Mission Hill Playground,N/A,Mission Hill,199,Athletic Seating,Bleacher,Companion Seating ,UA,N/A,N/A,POINT (-71.099321631999942 42.333631465000053),-71.099321631999942,42.333631465000053
East Boston Memorial Park I,N/A,East Boston,98,Athletic Seating,Bleacher,Companion Seating ,UA,N/A,N/A,POINT (-71.028154484999959 42.370329221000077),-71.028154484999959,42.370329221000077
East Boston Memorial Park I,N/A,East Boston,98,Athletic Seating,Dugout,No Companion Seating ,UA,N/A,N/A,POINT (-71.02808172899995 42.370386106000069),-71.028081728999950,42.370386106000069
East Boston Memorial Park I,N/A,East Boston,98,Athletic Seating,Dugout,No Companion Seating ,UA,N/A,N/A,POINT (-71.027891084999965 42.370501490000038),-71.027891084999965,42.370501490000038
East Boston Memorial Park I,N/A,East Boston,98,Athletic Seating,Bleacher,Companion Seating ,UA,N/A,N/A,POINT (-71.027788007999959 42.370549996000079),-71.027788007999959,42.370549996000079
East Boston Memorial Park I,N/A,East Boston,98,Athletic Seating,Bleacher,No Companion Seating ,UA,N/A,N/A,POINT (-71.029778957999952 42.371164309000051),-71.029778957999952,42.371164309000051
East Boston Memorial Park I,N/A,East Boston,98,Athletic Seating,Bleacher,Companion Seating ,UA,N/A,N/A,POINT (-71.030828952999968 42.371838187000037),-71.030828952999968,42.371838187000037
East Boston Memorial Park I,N/A,East Boston,98,Athletic Seating,Players Bench,Companion Seating ,UA,N/A,N/A,POINT (-71.030371432999971 42.371888287000047),-71.030371432999971,42.371888287000047
East Boston Memorial Park I,N/A,East Boston,98,Athletic Seating,Bleacher ,Companion Seating ,UA,N/A,N/A,POINT (-71.030744725999966 42.371796724000035),-71.030744725999966,42.371796724000035
Barry Playground,N/A,Charlestown,15,Athletic Seating,Dugout,No Companion Seating ,UA,N/A,N/A,POINT (-71.053472844999988 42.378971396000054),-71.053472844999988,42.378971396000054
Barry Playground,N/A,Charlestown,15,Athletic Seating,Dugout,No Companion Seating ,UA,N/A,N/A,POINT (-71.053222891999951 42.37901094800003),-71.053222891999951,42.379010948000030
Madison Park H.S. Athletic Fields,N/A,Roxbury,183,Athletic Seating,Bleacher,No Companion Seating ,UA,N/A,N/A,POINT (-71.087444425999934 42.331929090000074),-71.087444425999934,42.331929090000074
Harambee Park,N/A,Dorchester,142,Athletic Seating,Bleacher,Companion Seating ,UA,N/A,N/A,POINT (-71.08120996699995 42.292331641000033),-71.081209966999950,42.292331641000033
Harambee Park,N/A,Dorchester,142,Athletic Seating,Bleacher,Companion Seating ,UA,N/A,N/A,POINT (-71.081339306999951 42.292370148000032),-71.081339306999951,42.292370148000032
Charlestown H.S. Athletic Fields,N/A,Charlestown,51,Athletic Seating,Bleacher,Companion Seating ,UA,N/A,N/A,POINT (-71.058884672999966 42.380928899000025),-71.058884672999966,42.380928899000025
Charlestown H.S. Athletic Fields,N/A,Charlestown,51,Athletic Seating,Bleacher,Companion Seating ,UA,N/A,N/A,POINT (-71.059042837999982 42.380892481000046),-71.059042837999982,42.380892481000046
Charlestown H.S. Athletic Fields,N/A,Charlestown,51,Athletic Seating,Bleacher,Companion Seating ,UA,N/A,N/A,POINT (-71.059386615999983 42.381002327000033),-71.059386615999983,42.381002327000033
Charlestown H.S. Athletic Fields,N/A,Charlestown,51,Athletic Seating,Bleacher,No Companion Seating ,UA,N/A,N/A,POINT (-71.058402181999952 42.381548905000045),-71.058402181999952,42.381548905000045
Charlestown H.S. Athletic Fields,N/A,Charlestown,51,Athletic Seating,Players Bench,No Companion Seating ,UA,N/A,N/A,POINT (-71.058419380999965 42.381595055000048),-71.058419380999965,42.381595055000048
Garvey Playground,N/A,Dorchester,130,Athletic Field,Combo,"Baseball,Football,Lacrosse",Artificial Turf,UA,N/A,POINT (-71.04572679599994 42.288182721000055),-71.045726795999940,42.288182721000055
Boston Common,N/A,Back Bay/Beacon Hill,27,Athletic Seating,Bleacher,No Companion Seating,UA,N/A,N/A,POINT (-71.066773436999938 42.353191303000074),-71.066773436999938,42.353191303000074
Boston Common,N/A,Back Bay/Beacon Hill,27,Athletic Seating,Bleacher,No Companion Seating,UA,N/A,N/A,POINT (-71.067267021999953 42.354566435000038),-71.067267021999953,42.354566435000038
Boston Common,N/A,Back Bay/Beacon Hill,27,Athletic Seating,Dugout,No Companion Seating,UA,N/A,N/A,POINT (-71.067211230999987 42.353265195000063),-71.067211230999987,42.353265195000063
Boston Common,N/A,Back Bay/Beacon Hill,27,Athletic Seating,Bleacher,No Companion Seating,UA,N/A,N/A,POINT (-71.067318400999966 42.353362354000069),-71.067318400999966,42.353362354000069
Boston Common,N/A,Back Bay/Beacon Hill,27,Athletic Seating,Dugout,No Companion Seating,UA,N/A,N/A,POINT (-71.066934039999978 42.354439324000055),-71.066934039999978,42.354439324000055
Boston Common,N/A,Back Bay/Beacon Hill,27,Athletic Seating,Dugout,No Companion Seating,UA,N/A,N/A,POINT (-71.067189094999947 42.354530589000035),-71.067189094999947,42.354530589000035
Doherty/Gibson Playground,N/A,Dorchester,88,Athletic Seating,Dugout,Companion Seating ,UA,N/A,N/A,POINT (-71.061048375999974 42.298120288000064),-71.061048375999974,42.298120288000064
Doherty/Gibson Playground,N/A,Dorchester,88,Athletic Seating,Dugout,No Companion Seating ,UA,N/A,N/A,POINT (-71.061274521999962 42.298224537000067),-71.061274521999962,42.298224537000067
Doherty/Gibson Playground,N/A,Dorchester,88,Athletic Field,Softball,N/A,Natural Turf,UA,N/A,POINT (-71.061352296999985 42.297974317000069),-71.061352296999985,42.297974317000069
Clifford Playground,N/A,Roxbury,59,Athletic Seating,Players Bench,No Companion Seating,UA,N/A,N/A,POINT (-71.069353398999965 42.326754149000067),-71.069353398999965,42.326754149000067
Clifford Playground,N/A,Roxbury,59,Athletic Seating,Players Bench,No Companion Seating,UA,N/A,N/A,POINT (-71.069396824999956 42.32673969700005),-71.069396824999956,42.326739697000050
Clifford Playground,N/A,Roxbury,59,Athletic Seating,Players Bench,No Companion Seating,UA,N/A,N/A,POINT (-71.069471537999959 42.32661356400007),-71.069471537999959,42.326613564000070
Clifford Playground,N/A,Roxbury,59,Athletic Seating,Players Bench,No Companion Seating,UA,N/A,N/A,POINT (-71.069448118999958 42.326582056000063),-71.069448118999958,42.326582056000063
Clifford Playground,N/A,Roxbury,59,Athletic Seating,Players Bench,Companion Seating,UA,N/A,N/A,POINT (-71.069420461999982 42.325598347000039),-71.069420461999982,42.325598347000039
Bynoe Park,N/A,Roxbury,100,Athletic Seating,Dugout,Companion Seating,UA,N/A,N/A,POINT (-71.076551144999939 42.32975052300003),-71.076551144999939,42.329750523000030
Bynoe Park,N/A,Roxbury,100,Athletic Seating,Players Bench,No Companion Seating,UA,N/A,N/A,POINT (-71.076503998999954 42.329208029000029),-71.076503998999954,42.329208029000029
Bynoe Park,N/A,Roxbury,100,Athletic Seating,Players Bench,No Companion Seating,UA,N/A,N/A,POINT (-71.076220166999974 42.329413578000072),-71.076220166999974,42.329413578000072
Iacono/Readville Playground,N/A,Hyde Park,160,Fitness Equipment,N/A,N/A,N/A,N/A,N/A,POINT (-71.135762317999934 42.239435566000054),-71.135762317999934,42.239435566000054
Dorchester Park,N/A,Dorchester,90,Athletic Field,Baseball,N/A,Natural Turf,N/A,N/A,POINT (-71.063257829999941 42.278193055000031),-71.063257829999941,42.278193055000031
Boston Common,N/A,Back Bay/Beacon Hill,27,Athletic Seating,Bleacher,No Companion Seating,UA,N/A,N/A,POINT (-71.066773436999938 42.353191303000074),-71.066773436999938,42.353191303000074
Boston Common,N/A,Back Bay/Beacon Hill,27,Athletic Seating,Dugout,No Companion Seating,UA,N/A,N/A,POINT (-71.066936977999944 42.353184178000049),-71.066936977999944,42.353184178000049
Dorchester Park,N/A,Dorchester,90,Athletic Field,Little League,N/A,Natural Turf,UA,N/A,POINT (-71.061513519999949 42.276163175000079),-71.061513519999949,42.276163175000079
White Stadium,N/A,Jamaica Plain,2033,Drinking Fountain,"Bottle Filler,Drinking",N/A,N/A,N/A,N/A,POINT (-71.096722394999972 42.31002483900005),-71.096722394999972,42.310024839000050
Franklin Park,N/A,Jamaica Plain,124,Drinking Fountain,"Bottle Filler,Drinking",N/A,N/A,N/A,N/A,POINT (-71.091663679999954 42.308940879000033),-71.091663679999954,42.308940879000033
Franklin Park,N/A,Jamaica Plain,124,Drinking Fountain,"Pet,Bottle Filler,Drinking",N/A,N/A,N/A,N/A,POINT (-71.091702335999969 42.307921155000031),-71.091702335999969,42.307921155000031
Roberts Playground,N/A,Dorchester,265,Athletic Seating,Bleacher,Companion Seating ,UA,N/A,N/A,POINT (-71.073439783999959 42.286310183000069),-71.073439783999959,42.286310183000069
Roberts Playground,N/A,Dorchester,265,Athletic Seating,Dugout,Companion Seating ,UA,N/A,N/A,POINT (-71.073185409999951 42.286121880000053),-71.073185409999951,42.286121880000053
Roberts Playground,N/A,Dorchester,265,Athletic Seating,Dugout,Companion Seating ,UA,N/A,N/A,POINT (-71.074553518999949 42.285024124000074),-71.074553518999949,42.285024124000074
Roberts Playground,N/A,Dorchester,265,Athletic Seating,Dugout,Companion Seating ,UA,N/A,N/A,POINT (-71.074180116999969 42.284871457000065),-71.074180116999969,42.284871457000065
Roberts Playground,N/A,Dorchester,265,Athletic Seating,Bleacher,Companion Seating ,UA,N/A,N/A,POINT (-71.072647299999971 42.285356747000037),-71.072647299999971,42.285356747000037
Roberts Playground,N/A,Dorchester,265,Drinking Fountain,"Bottle Filler,Drinking",N/A,N/A,N/A,N/A,POINT (-71.07267974399997 42.285546367000052),-71.072679743999970,42.285546367000052
Roberts Playground,N/A,Dorchester,265,Drinking Fountain,"Bottle Filler,Drinking",N/A,N/A,N/A,N/A,POINT (-71.072766018999971 42.286081166000031),-71.072766018999971,42.286081166000031
Fallon Field,N/A,Roslindale,112,Athletic Seating,Bleacher ,No Companion Seating,UA,N/A,N/A,POINT (-71.136571125999978 42.287591352000049),-71.136571125999978,42.287591352000049
Fallon Field,N/A,Roslindale,112,Athletic Seating,Bleacher ,No Companion Seating,UA,N/A,N/A,POINT (-71.13663964899996 42.287369463000061),-71.136639648999960,42.287369463000061
Healy Playground,N/A,Roslindale,149,Athletic Seating,Bleacher ,Companion Seating ,UA,N/A,N/A,POINT (-71.123376839999935 42.287443411000027),-71.123376839999935,42.287443411000027
Healy Playground,N/A,Roslindale,149,Athletic Seating,Bleacher ,No Companion Seating ,UA,N/A,N/A,POINT (-71.12517188399994 42.288405253000064),-71.125171883999940,42.288405253000064
Healy Playground,N/A,Roslindale,149,Athletic Seating,Dugout,No Companion Seating ,UA,N/A,N/A,POINT (-71.125280804999989 42.288806296000075),-71.125280804999989,42.288806296000075
Cutillo Park,N/A,Central Boston,77,Basketball,Full,Tri-Cycle Track,N/A,N/A,N/A,POINT (-71.05647849099995 42.363614633000054),-71.056478490999950,42.363614633000054
Cutillo Park,N/A,Central Boston,77,Playground,PIP Rubber,N/A,N/A,N/A,5-12,POINT (-71.056227295999975 42.363615134000042),-71.056227295999975,42.363615134000042
Cutillo Park,N/A,Central Boston,77,Fitness Equipment,N/A,N/A,N/A,N/A,N/A,POINT (-71.056280250999976 42.363392710000028),-71.056280250999976,42.363392710000028
Cutillo Park,N/A,Central Boston,77,Athletic Seating,Bleacher,No Companion Seating,UA,N/A,N/A,POINT (-71.056395893999934 42.363446927000041),-71.056395893999934,42.363446927000041
Cutillo Park,N/A,Central Boston,77,Athletic Seating,Other Spectator Seating,No Companion Seating,UA,N/A,N/A,POINT (-71.05637864199997 42.363706179000076),-71.056378641999970,42.363706179000076
Cutillo Park,N/A,Central Boston,77,Drinking Fountain,"Drinking, Bottle Filler",N/A,N/A,N/A,N/A,POINT (-71.056404480999959 42.363545545000079),-71.056404480999959,42.363545545000079
Olmsted Park,N/A,Jamaica Plain,221,Athletic Seating,Dugout,No Companion Seating ,UA,N/A,N/A,POINT (-71.114324537999948 42.325433880000048),-71.114324537999948,42.325433880000048
Olmsted Park,N/A,Jamaica Plain,221,Athletic Seating,Bleacher ,No Companion Seating ,UA,N/A,N/A,POINT (-71.114072831999977 42.326917741000045),-71.114072831999977,42.326917741000045
Olmsted Park,N/A,Jamaica Plain,221,Athletic Seating,Bleacher ,No Companion Seating ,UA,N/A,N/A,POINT (-71.114600371999984 42.326598643000068),-71.114600371999984,42.326598643000068
Olmsted Park,N/A,Jamaica Plain,221,Athletic Seating,Dugout,No Companion Seating ,UA,N/A,N/A,POINT (-71.114513600999942 42.326772138000081),-71.114513600999942,42.326772138000081
Olmsted Park,N/A,Jamaica Plain,221,Athletic Seating,Dugout,No Companion Seating ,UA,N/A,N/A,POINT (-71.114215258999934 42.326902619000066),-71.114215258999934,42.326902619000066
Hynes Playground,N/A,West Roxbury,159,Athletic Seating,Dugout,Companion Seating ,Covered,N/A,N/A,POINT (-71.153520570999945 42.293822229000057),-71.153520570999945,42.293822229000057
Hynes Playground,N/A,West Roxbury,159,Athletic Seating,Dugout,Companion Seating ,Covered,N/A,N/A,POINT (-71.153747163999981 42.293928489000052),-71.153747163999981,42.293928489000052
Roberts Playground,N/A,Dorchester,265,Athletic Seating,Dugout,Companion Seating ,UA,N/A,N/A,POINT (-71.073558805999937 42.286280364000049),-71.073558805999937,42.286280364000049
Roberts Playground,N/A,Dorchester,265,Athletic Seating,Bleacher,Companion Seating ,UA,N/A,N/A,POINT (-71.073202338999977 42.286213691000057),-71.073202338999977,42.286213691000057
Roberts Playground,N/A,Dorchester,265,Drinking Fountain,"Bottle Filler,Drinking",N/A,N/A,N/A,N/A,POINT (-71.073076327999956 42.286233057000061),-71.073076327999956,42.286233057000061
Roberts Playground,N/A,Dorchester,265,Athletic Seating,Bleacher,Companion Seating ,UA,N/A,N/A,POINT (-71.074224941999944 42.286168067000062),-71.074224941999944,42.286168067000062
Roberts Playground,N/A,Dorchester,265,Athletic Seating,Bleacher,Companion Seating ,UA,N/A,N/A,POINT (-71.074535215999958 42.284934753000073),-71.074535215999958,42.284934753000073
Roberts Playground,N/A,Dorchester,265,Athletic Seating,Bleacher,Companion Seating ,UA,N/A,N/A,POINT (-71.074299589999953 42.284831890000078),-71.074299589999953,42.284831890000078
Roberts Playground,N/A,Dorchester,265,Athletic Seating,Bleacher,Companion Seating ,UA,N/A,N/A,POINT (-71.072683360999974 42.285482750000028),-71.072683360999974,42.285482750000028
Pagel Playground,N/A,Jamaica Plain,223,Athletic Seating,Bleacher ,No Companion Seating ,UA,N/A,N/A,POINT (-71.119085800999983 42.289595788000042),-71.119085800999983,42.289595788000042
Pagel Playground,N/A,Jamaica Plain,223,Athletic Seating,Bleacher ,Companion Seating ,UA,N/A,N/A,POINT (-71.119189119999987 42.288714578000054),-71.119189119999987,42.288714578000054
Pagel Playground,N/A,Jamaica Plain,223,Athletic Seating,Bleacher ,Companion Seating ,UA,N/A,N/A,POINT (-71.118539090999946 42.288637727000037),-71.118539090999946,42.288637727000037
Smith Playground,N/A,Allston-Brighton,284,Athletic Seating,Dugout,UA,Covered (perforated),N/A,N/A,POINT (-71.131207798999981 42.365401362000057),-71.131207798999981,42.365401362000057
Smith Playground,N/A,Allston-Brighton,284,Athletic Seating,Dugout,UA,Covered (perforated),N/A,N/A,POINT (-71.13107101199995 42.365743396000028),-71.131071011999950,42.365743396000028
Smith Playground,N/A,Allston-Brighton,284,Athletic Seating,Dugout,UA,Covered (perforated),N/A,N/A,POINT (-71.131015918999935 42.365762929000027),-71.131015918999935,42.365762929000027
Smith Playground,N/A,Allston-Brighton,284,Athletic Seating,Dugout,UA,Covered (perforated),N/A,N/A,POINT (-71.130533473999947 42.365633679000041),-71.130533473999947,42.365633679000041
Smith Playground,N/A,Allston-Brighton,284,Athletic Seating,Dugout,UA,Covered (perforated),N/A,N/A,POINT (-71.130508325999983 42.36559027800007),-71.130508325999983,42.365590278000070
Smith Playground,N/A,Allston-Brighton,284,Athletic Seating,Dugout,UA,Covered (perforated),N/A,N/A,POINT (-71.130683751999982 42.365235038000037),-71.130683751999982,42.365235038000037
Smith Playground,N/A,Allston-Brighton,284,Athletic Seating,Bleacher,Companion Seating ,UA,N/A,N/A,POINT (-71.131698130999951 42.364777898000057),-71.131698130999951,42.364777898000057
Smith Playground,N/A,Allston-Brighton,284,Athletic Seating,Players Bench,UA,UA,N/A,N/A,POINT (-71.131984770999964 42.364908892000074),-71.131984770999964,42.364908892000074
Smith Playground,N/A,Allston-Brighton,284,Athletic Seating,Players Bench,UA,UA,N/A,N/A,POINT (-71.132035560999952 42.364804928000069),-71.132035560999952,42.364804928000069
Jefferson Playground,N/A,Jamaica Plain,165,Athletic Field,Baseball,N/A,Natural Turf,N/A,N/A,POINT (-71.108614317999979 42.326028036000025),-71.108614317999979,42.326028036000025
Doherty/Gibson Playground,N/A,Dorchester,88,Athletic Field,Baseball,UA,Natural Turf,UA,N/A,POINT (-71.062109074999967 42.297079188000055),-71.062109074999967,42.297079188000055
Fallon Field,N/A,Roslindale,112,Athletic Seating,Dugout,No Companion Seating ,UA,N/A,N/A,POINT (-71.135207302999959 42.287055707000036),-71.135207302999959,42.287055707000036
Fallon Field,N/A,Roslindale,112,Athletic Seating,Bleacher,No Companion Seating ,UA,N/A,N/A,POINT (-71.135474236999983 42.287035050000043),-71.135474236999983,42.287035050000043
Healy Playground,N/A,Roslindale,149,Athletic Seating,Dugout,No Companion Seating ,UA,N/A,N/A,POINT (-71.123574259999941 42.28748408000007),-71.123574259999941,42.287484080000070
Healy Playground,N/A,Roslindale,149,Drinking Fountain,"Bottle Filler,Drinking",N/A,N/A,N/A,N/A,POINT (-71.123668159999966 42.28754095100004),-71.123668159999966,42.287540951000040
Healy Playground,N/A,Roslindale,149,Drinking Fountain,"Bottle Filler,Drinking",N/A,N/A,N/A,N/A,POINT (-71.124166601999946 42.287932011000066),-71.124166601999946,42.287932011000066
Healy Playground,N/A,Roslindale,149,Athletic Seating,Dugout,No Companion Seating ,UA,N/A,N/A,POINT (-71.12404361199998 42.287972194000076),-71.124043611999980,42.287972194000076
Healy Playground,N/A,Roslindale,149,Athletic Seating,Dugout,No Companion Seating ,UA,N/A,N/A,POINT (-71.124122568999951 42.287964874000068),-71.124122568999951,42.287964874000068
Healy Playground,N/A,Roslindale,149,Athletic Seating,Dugout,No Companion Seating ,UA,N/A,N/A,POINT (-71.124348360999988 42.288154704000078),-71.124348360999988,42.288154704000078
Healy Playground,N/A,Roslindale,149,Athletic Seating,Bleacher ,Companion Seating ,UA,N/A,N/A,POINT (-71.124314853999977 42.287999298000045),-71.124314853999977,42.287999298000045
Healy Playground,N/A,Roslindale,149,Athletic Seating,Bleacher ,Companion Seating ,UA,N/A,N/A,POINT (-71.124254026999949 42.287964487000067),-71.124254026999949,42.287964487000067
Healy Playground,N/A,Roslindale,149,Drinking Fountain,"Bottle Filler,Drinking",N/A,N/A,N/A,N/A,POINT (-71.125440697999977 42.288617750000071),-71.125440697999977,42.288617750000071
Healy Playground,N/A,Roslindale,149,Athletic Seating,Dugout,No Companion Seating ,UA,N/A,N/A,POINT (-71.12523620099995 42.288513078000051),-71.125236200999950,42.288513078000051
Billings Field,N/A,West Roxbury,23,Athletic Seating,Players Bench,No Companion Seating ,UA,N/A,N/A,POINT (-71.157178081999973 42.280691785000045),-71.157178081999973,42.280691785000045
Billings Field,N/A,West Roxbury,23,Drinking Fountain,"Bottle Filler,Drinking",N/A,N/A,N/A,N/A,POINT (-71.156696930999942 42.28198423300006),-71.156696930999942,42.281984233000060
Billings Field,N/A,West Roxbury,23,Athletic Seating,Players Bench,No Companion Seating ,UA,N/A,N/A,POINT (-71.156532045999938 42.281967757000075),-71.156532045999938,42.281967757000075
Olmsted Park,N/A,Jamaica Plain,221,Athletic Seating,Bleacher ,No Companion Seating ,UA,N/A,N/A,POINT (-71.113957022999955 42.325527793000049),-71.113957022999955,42.325527793000049
Olmsted Park,N/A,Jamaica Plain,221,Athletic Seating,Dugout,No Companion Seating ,UA,N/A,N/A,POINT (-71.113997711999957 42.325548722000065),-71.113997711999957,42.325548722000065
Olmsted Park,N/A,Jamaica Plain,221,Athletic Seating,Dugout,No Companion Seating ,UA,N/A,N/A,POINT (-71.114289596999981 42.325425401000075),-71.114289596999981,42.325425401000075
Olmsted Park,N/A,Jamaica Plain,221,Athletic Seating,Dugout,No Companion Seating ,UA,N/A,N/A,POINT (-71.114497399999948 42.326800459000026),-71.114497399999948,42.326800459000026
Olmsted Park,N/A,Jamaica Plain,221,Athletic Seating,Dugout,No Companion Seating ,UA,N/A,N/A,POINT (-71.11417771899994 42.32689291500003),-71.114177718999940,42.326892915000030
Hynes Playground,N/A,West Roxbury,159,Athletic Seating,Dugout,Companion Seating ,Covered,N/A,N/A,POINT (-71.153469853999979 42.293830774000071),-71.153469853999979,42.293830774000071
Hynes Playground,N/A,West Roxbury,159,Athletic Seating,Dugout,No Companion Seating ,Covered,N/A,N/A,POINT (-71.153753264999978 42.293947165000077),-71.153753264999978,42.293947165000077
Hynes Playground,N/A,West Roxbury,159,Athletic Seating,Dugout,Companion Seating ,Covered,N/A,N/A,POINT (-71.153761516999964 42.293967113000065),-71.153761516999964,42.293967113000065
Hynes Playground,N/A,West Roxbury,159,Drinking Fountain,"Bottle Filler,Drinking",N/A,N/A,N/A,N/A,POINT (-71.153315608999947 42.295174499000041),-71.153315608999947,42.295174499000041
Msgr. Reynolds Playground,N/A,South End,202,Drinking Fountain,"Bottle Filler,Drinking",N/A,N/A,N/A,N/A,POINT (-71.070734197999968 42.340473440000039),-71.070734197999968,42.340473440000039
Peters Park I,N/A,South End,236,Athletic Seating,Dugout,No Companion Seating ,Covered (perforated),N/A,N/A,POINT (-71.066970024999989 42.343336024000052),-71.066970024999989,42.343336024000052
Peters Park I,N/A,South End,236,Drinking Fountain,Drinking,N/A,N/A,N/A,N/A,POINT (-71.067645691999985 42.343510956000046),-71.067645691999985,42.343510956000046
Carter Playground,N/A,Roxbury,43,Athletic Seating,Dugout,No Companion Seating ,Covered,N/A,N/A,POINT (-71.084098997999945 42.338926270000059),-71.084098997999945,42.338926270000059
Carter Playground,N/A,Roxbury,43,Athletic Seating,Dugout,No Companion Seating ,Covered,N/A,N/A,POINT (-71.084137509999948 42.33909569900004),-71.084137509999948,42.339095699000040
Carter Playground,N/A,Roxbury,43,Athletic Seating,Dugout,No Companion Seating ,Covered,N/A,N/A,POINT (-71.084106994999956 42.339074928000059),-71.084106994999956,42.339074928000059
Carter Playground,N/A,Roxbury,43,Athletic Seating,Dugout,No Companion Seating ,Covered,N/A,N/A,POINT (-71.084167009999987 42.33911437900008),-71.084167009999987,42.339114379000080
Carter Playground,N/A,Roxbury,43,Athletic Seating,Dugout,No Companion Seating ,Covered,N/A,N/A,POINT (-71.085543111999982 42.339352308000059),-71.085543111999982,42.339352308000059
Carter Playground,N/A,Roxbury,43,Athletic Seating,Dugout,No Companion Seating ,Covered,N/A,N/A,POINT (-71.085519161999969 42.33937080700008),-71.085519161999969,42.339370807000080
Carter Playground,N/A,Roxbury,43,Athletic Seating,Dugout,No Companion Seating ,Covered,N/A,N/A,POINT (-71.085558191999951 42.339230040000075),-71.085558191999951,42.339230040000075
Billings Field,N/A,West Roxbury,23,Athletic Seating,Bleacher,No Companion Seating ,UA,N/A,N/A,POINT (-71.157141723999985 42.280574082000044),-71.157141723999985,42.280574082000044
Billings Field,N/A,West Roxbury,23,Athletic Seating,Players Bench,No Companion Seating ,UA,N/A,N/A,POINT (-71.156387925999979 42.28025976400005),-71.156387925999979,42.280259764000050
Billings Field,N/A,West Roxbury,23,Athletic Seating,Players Bench,No Companion Seating ,UA,N/A,N/A,POINT (-71.156104501999948 42.28028121300008),-71.156104501999948,42.280281213000080
Billings Field,N/A,West Roxbury,23,Athletic Seating,Bleacher,No Companion Seating ,UA,N/A,N/A,POINT (-71.156258548999972 42.282183647000068),-71.156258548999972,42.282183647000068
Billings Field,N/A,West Roxbury,23,Athletic Seating,Players Bench,No Companion Seating ,UA,N/A,N/A,POINT (-71.155924608999953 42.281976148000069),-71.155924608999953,42.281976148000069
Peters Park II,N/A,South End,2155,Athletic Seating,Dugout,No Companion Seating ,Covered (perforated),N/A,N/A,POINT (-71.066719228999943 42.343380424000031),-71.066719228999943,42.343380424000031
Peters Park II,N/A,South End,2155,Athletic Seating,Dugout,No Companion Seating ,Covered (perforated),N/A,N/A,POINT (-71.066740248999963 42.343359325000051),-71.066740248999963,42.343359325000051
Carter Playground,N/A,Roxbury,43,Athletic Seating,Dugout,No Companion Seating ,Covered,N/A,N/A,POINT (-71.08414991099994 42.338885247000064),-71.084149910999940,42.338885247000064
Carter Playground,N/A,Roxbury,43,Athletic Seating,Bleacher,Companion Seating,UA,N/A,N/A,POINT (-71.084618380999984 42.339364953000029),-71.084618380999984,42.339364953000029
Carter Playground,N/A,Roxbury,43,Athletic Seating,Bleacher,Companion Seating,UA,N/A,N/A,POINT (-71.084703934999936 42.339423163000049),-71.084703934999936,42.339423163000049
Carter Playground,N/A,Roxbury,43,Athletic Seating,Bleacher,Companion Seating,UA,N/A,N/A,POINT (-71.084763971999962 42.339461390000054),-71.084763971999962,42.339461390000054
Carter Playground,N/A,Roxbury,43,Drinking Fountain,"Bottle Filler,Drinking",N/A,N/A,N/A,N/A,POINT (-71.085595582999986 42.339280150000036),-71.085595582999986,42.339280150000036
Carter Playground,N/A,Roxbury,43,Athletic Seating,Dugout,No Companion Seating ,Covered,N/A,N/A,POINT (-71.085570144999963 42.339329605000046),-71.085570144999963,42.339329605000046
Carter Playground,N/A,Roxbury,43,Athletic Seating,Dugout,No Companion Seating ,Covered,N/A,N/A,POINT (-71.085530971999958 42.339212376000035),-71.085530971999958,42.339212376000035
Carter Playground,N/A,Roxbury,43,Athletic Seating,Dugout,No Companion Seating ,Covered,N/A,N/A,POINT (-71.085506548999945 42.339195791000066),-71.085506548999945,42.339195791000066
Carter Playground,N/A,Roxbury,43,Athletic Seating,Bleacher,Companion Seating,UA,N/A,N/A,POINT (-71.085695792999957 42.338424941000028),-71.085695792999957,42.338424941000028
Carter Playground,N/A,Roxbury,43,Athletic Seating,Bleacher,Companion Seating,UA,N/A,N/A,POINT (-71.085839362999934 42.338519957000074),-71.085839362999934,42.338519957000074
Jefferson Playground,N/A,Jamaica Plain,165,Athletic Seating,Dugout,Companion Seating ,UA,N/A,N/A,POINT (-71.108869711999944 42.326083416000074),-71.108869711999944,42.326083416000074
Jefferson Playground,N/A,Jamaica Plain,165,Athletic Seating,Bleacher ,Companion Seating ,UA,N/A,N/A,POINT (-71.108755178999957 42.325867883000058),-71.108755178999957,42.325867883000058
English H.S. Athletic Fields,N/A,Jamaica Plain,107,Basketball,Full,N/A,N/A,N/A,N/A,POINT (-71.108356624999942 42.307653221000066),-71.108356624999942,42.307653221000066
English H.S. Athletic Fields,N/A,Jamaica Plain,107,Basketball,Full,N/A,N/A,N/A,N/A,POINT (-71.108449831999962 42.307512881000036),-71.108449831999962,42.307512881000036
English H.S. Athletic Fields,N/A,Jamaica Plain,107,Tennis,Full,N/A,N/A,N/A,N/A,POINT (-71.107295627999974 42.308401626000034),-71.107295627999974,42.308401626000034
English H.S. Athletic Fields,N/A,Jamaica Plain,107,Tennis,Full,N/A,N/A,N/A,N/A,POINT (-71.107421691999946 42.30847452200004),-71.107421691999946,42.308474522000040
English H.S. Athletic Fields,N/A,Jamaica Plain,107,Tennis,Full,N/A,N/A,N/A,N/A,POINT (-71.10755446099995 42.308540476000076),-71.107554460999950,42.308540476000076
English H.S. Athletic Fields,N/A,Jamaica Plain,107,Pickleball,Full,N/A,N/A,N/A,N/A,POINT (-71.107723765999935 42.308339678000038),-71.107723765999935,42.308339678000038
English H.S. Athletic Fields,N/A,Jamaica Plain,107,Pickleball,Full,N/A,N/A,N/A,N/A,POINT (-71.107644404999974 42.308298065000031),-71.107644404999974,42.308298065000031
English H.S. Athletic Fields,N/A,Jamaica Plain,107,Pickleball,Full,N/A,N/A,N/A,N/A,POINT (-71.107553668999969 42.308250561000079),-71.107553668999969,42.308250561000079
English H.S. Athletic Fields,N/A,Jamaica Plain,107,Pickleball,Full,N/A,N/A,N/A,N/A,POINT (-71.107480029999977 42.308208226000033),-71.107480029999977,42.308208226000033
English H.S. Athletic Fields,N/A,Jamaica Plain,107,Drinking Fountain,"Bottle Filler,Drinking",N/A,N/A,N/A,N/A,POINT (-71.107496110999989 42.308077680000054),-71.107496110999989,42.308077680000054
LoPresti Park,N/A,East Boston,182,Drinking Fountain,"Bottle Filler,Drinking",N/A,N/A,N/A,N/A,POINT (-71.043339366999987 42.370193487000051),-71.043339366999987,42.370193487000051
LoPresti Park,N/A,East Boston,182,Drinking Fountain,"Bottle Filler,Drinking",N/A,N/A,N/A,N/A,POINT (-71.043162569999936 42.369699320000052),-71.043162569999936,42.369699320000052
Ryan Playground,N/A,Charlestown,274,Athletic Seating,Players Bench,No Companion Seating ,UA,N/A,N/A,POINT (-71.072050802999968 42.386084381000046),-71.072050802999968,42.386084381000046
Ryan Playground,N/A,Charlestown,274,Athletic Seating,Bleacher ,No Companion Seating ,UA,N/A,N/A,POINT (-71.072064739999973 42.386047869000038),-71.072064739999973,42.386047869000038
Leo F. McCarthy Playground,N/A,Charlestown,101,Drinking Fountain,"Bottle Filler,Drinking",N/A,N/A,N/A,N/A,POINT (-71.068082367999978 42.379337686000042),-71.068082367999978,42.379337686000042
Ripley Playground,N/A,Dorchester,261,Athletic Seating,Players Bench,Companion Seating ,UA,N/A,N/A,POINT (-71.075935191999974 42.299099064000075),-71.075935191999974,42.299099064000075
Dorchester Park,N/A,Dorchester,90,Athletic Seating,Players Bench,No Companion Seating ,UA,N/A,N/A,POINT (-71.063382958999966 42.276869951000037),-71.063382958999966,42.276869951000037
Doris F. Tillman Playground,N/A,Roxbury,174,Drinking Fountain,Drinking,N/A,N/A,N/A,N/A,POINT (-71.090597758999934 42.32712491500007),-71.090597758999934,42.327124915000070
Christopher Lee Playground,N/A,South Boston,57,Athletic Seating,Bleacher,Companion Seating ,UA,N/A,N/A,POINT (-71.031713110999988 42.337291375000063),-71.031713110999988,42.337291375000063
Christopher Lee Playground,N/A,South Boston,57,Athletic Seating,Players Bench,No Companion Seating ,UA,N/A,N/A,POINT (-71.031189524999945 42.337949060000028),-71.031189524999945,42.337949060000028
Medal of Honor Park,N/A,South Boston,196,Drinking Fountain,"Bottle Filler,Drinking",N/A,N/A,N/A,N/A,POINT (-71.032608299999936 42.337048841000069),-71.032608299999936,42.337048841000069
Ceylon Park,N/A,Dorchester,49,Athletic Seating,Players Bench,No Companion Seating ,UA,N/A,N/A,POINT (-71.073724045999938 42.31053935500006),-71.073724045999938,42.310539355000060
Ceylon Park,N/A,Dorchester,49,Athletic Seating,Players Bench,No Companion Seating ,UA,N/A,N/A,POINT (-71.073739415999967 42.310513792000052),-71.073739415999967,42.310513792000052
Cassidy Playground,N/A,Allston-Brighton,44,Athletic Seating,Dugout,No Companion Seating ,UA,N/A,N/A,POINT (-71.153149001999964 42.33455487100008),-71.153149001999964,42.334554871000080
Cassidy Playground,N/A,Allston-Brighton,44,Athletic Seating,Dugout,No Companion Seating ,UA,N/A,N/A,POINT (-71.153185826999959 42.334561203000078),-71.153185826999959,42.334561203000078
Cassidy Playground,N/A,Allston-Brighton,44,Athletic Seating,Dugout,No Companion Seating ,UA,N/A,N/A,POINT (-71.153302086999986 42.334737041000039),-71.153302086999986,42.334737041000039
Cassidy Playground,N/A,Allston-Brighton,44,Athletic Seating,Dugout,No Companion Seating ,UA,N/A,N/A,POINT (-71.153310406999935 42.334709817000032),-71.153310406999935,42.334709817000032
Cassidy Playground,N/A,Allston-Brighton,44,Athletic Seating,Dugout,No Companion Seating ,UA,N/A,N/A,POINT (-71.151377465999985 42.335631507000073),-71.151377465999985,42.335631507000073
Langone Park,N/A,Central Boston,175,Athletic Seating,Dugout,No Companion Seating ,Covered,N/A,N/A,POINT (-71.055966816999955 42.368376912000031),-71.055966816999955,42.368376912000031
Reservation Road Park,N/A,Hyde Park,256,Athletic Seating,Bleacher ,Companion Seating ,UA,N/A,N/A,POINT (-71.128916028999981 42.25039316200008),-71.128916028999981,42.250393162000080
Reservation Road Park,N/A,Hyde Park,256,Athletic Seating,Bleacher ,Companion Seating ,UA,N/A,N/A,POINT (-71.128743043999975 42.250748250000072),-71.128743043999975,42.250748250000072
Reservation Road Park,N/A,Hyde Park,256,Athletic Seating,Players Bench,No Companion Seating ,UA,N/A,N/A,POINT (-71.128032882999946 42.250522841000077),-71.128032882999946,42.250522841000077
Reservation Road Park,N/A,Hyde Park,256,Athletic Seating,Players Bench,No Companion Seating ,UA,N/A,N/A,POINT (-71.128069954999944 42.250445153000044),-71.128069954999944,42.250445153000044
East Boston Memorial Park I,N/A,East Boston,98,Drinking Fountain,"Bottle Filler,Drinking",N/A,N/A,N/A,N/A,POINT (-71.031345254999962 42.371650514000066),-71.031345254999962,42.371650514000066
Smith Playground,N/A,Allston-Brighton,284,Drinking Fountain,"Pet,Bottle Filler,Drinking",N/A,N/A,N/A,N/A,POINT (-71.131288069999982 42.366464028000053),-71.131288069999982,42.366464028000053
Moakley Park,N/A,South Boston,200,Pickleball,N/A,N/A,N/A,N/A,N/A,POINT (-71.049453059999962 42.325709071000063),-71.049453059999962,42.325709071000063
Moakley Park,N/A,South Boston,200,Pickleball,N/A,N/A,N/A,N/A,N/A,POINT (-71.049287164999953 42.325691937000045),-71.049287164999953,42.325691937000045
Flaherty Park,N/A,South Boston,118,Drinking Fountain,Drinking,N/A,N/A,N/A,N/A,POINT (-71.052947049999943 42.341876134000074),-71.052947049999943,42.341876134000074
A Street Park,N/A,South Boston,335,Drinking Fountain,"Pet,Drinking",N/A,N/A,N/A,N/A,POINT (-71.053184792999957 42.343365385000027),-71.053184792999957,42.343365385000027
A Street Park,N/A,South Boston,335,Drinking Fountain,Drinking,N/A,N/A,N/A,N/A,POINT (-71.053341039999964 42.343365669000036),-71.053341039999964,42.343365669000036
Cuneo Park,N/A,East Boston,74,Drinking Fountain,"Bottle Filler,Drinking",N/A,N/A,N/A,N/A,POINT (-71.016955638999946 42.383712544000048),-71.016955638999946,42.383712544000048
Jefferson Playground,N/A,Jamaica Plain,165,Athletic Seating,Dugout,Companion Seating ,UA,N/A,N/A,POINT (-71.108836418999942 42.325907474000076),-71.108836418999942,42.325907474000076
Jefferson Playground,N/A,Jamaica Plain,165,Athletic Seating,Bleacher ,Companion Seating ,UA,N/A,N/A,POINT (-71.108797111999934 42.326146799000071),-71.108797111999934,42.326146799000071
LoPresti Park,N/A,East Boston,182,Drinking Fountain,"Bottle Filler,Drinking",N/A,N/A,N/A,N/A,POINT (-71.043647374999978 42.370414185000072),-71.043647374999978,42.370414185000072
LoPresti Park,N/A,East Boston,182,Drinking Fountain,"Bottle Filler,Drinking",N/A,N/A,N/A,N/A,POINT (-71.042960280999978 42.369943081000031),-71.042960280999978,42.369943081000031
Moakley Park,N/A,South Boston,200,Athletic Seating,Bleacher ,No Companion Seating ,UA,N/A,N/A,POINT (-71.050620686999935 42.322590360000049),-71.050620686999935,42.322590360000049
American Legion Playground,N/A,East Boston,9,Athletic Seating,Players Bench,Companion Seating ,UA,N/A,N/A,POINT (-71.029412330999946 42.382363506000047),-71.029412330999946,42.382363506000047
American Legion Playground,N/A,East Boston,9,Athletic Seating,Players Bench,Companion Seating ,UA,N/A,N/A,POINT (-71.029647340999986 42.382376237000074),-71.029647340999986,42.382376237000074
Garvey Playground,N/A,Dorchester,130,Athletic Seating,Bleacher,No Companion Seating ,UA,N/A,N/A,POINT (-71.046034095999971 42.287746233000064),-71.046034095999971,42.287746233000064
Garvey Playground,N/A,Dorchester,130,Athletic Seating,Bleacher,No Companion Seating ,UA,N/A,N/A,POINT (-71.04638042299996 42.288274551000029),-71.046380422999960,42.288274551000029
Garvey Playground,N/A,Dorchester,130,Athletic Seating,Dugout,No Companion Seating ,Covered (perforated),N/A,N/A,POINT (-71.04636824399995 42.287887334000061),-71.046368243999950,42.287887334000061
McConnell Park,N/A,Dorchester,191,Drinking Fountain,"Bottle Filler,Drinking",N/A,N/A,N/A,N/A,POINT (-71.053088055999979 42.309448547000045),-71.053088055999979,42.309448547000045
Harambee Park,N/A,Dorchester,142,Drinking Fountain,Drinking,N/A,N/A,N/A,N/A,POINT (-71.081603369999982 42.29265145200003),-71.081603369999982,42.292651452000030
Harambee Park,N/A,Dorchester,142,Athletic Seating,Bleacher ,Companion Seating ,UA,N/A,N/A,POINT (-71.082699017999971 42.292858853000041),-71.082699017999971,42.292858853000041
Harambee Park,N/A,Dorchester,142,Athletic Seating,Bleacher ,Companion Seating ,UA,N/A,N/A,POINT (-71.082280823999952 42.292997093000054),-71.082280823999952,42.292997093000054
Ryan Playground,N/A,Charlestown,274,Athletic Seating,Players Bench,Companion Seating ,UA,N/A,N/A,POINT (-71.072087744999976 42.385501749000071),-71.072087744999976,42.385501749000071
Ryan Playground,N/A,Charlestown,274,Athletic Seating,Players Bench,Companion Seating ,UA,N/A,N/A,POINT (-71.072099478999974 42.385440089000042),-71.072099478999974,42.385440089000042
Ryan Playground,N/A,Charlestown,274,Athletic Seating,Bleacher ,Companion Seating ,UA,N/A,N/A,POINT (-71.071685220999939 42.385700824000025),-71.071685220999939,42.385700824000025
Ryan Playground,N/A,Charlestown,274,Athletic Seating,Players Bench,No Companion Seating ,UA,N/A,N/A,POINT (-71.071111413999972 42.385697212000025),-71.071111413999972,42.385697212000025
Ryan Playground,N/A,Charlestown,274,Athletic Seating,Players Bench,No Companion Seating ,UA,N/A,N/A,POINT (-71.070421952999936 42.38624808000003),-71.070421952999936,42.386248080000030
Ryan Playground,N/A,Charlestown,274,Athletic Seating,Players Bench,Companion Seating ,UA,N/A,N/A,POINT (-71.070387894999953 42.386273777000042),-71.070387894999953,42.386273777000042
Ryan Playground,N/A,Charlestown,274,Athletic Seating,Players Bench,Companion Seating ,UA,N/A,N/A,POINT (-71.070397883999988 42.386481701000037),-71.070397883999988,42.386481701000037
Ryan Playground,N/A,Charlestown,274,Athletic Seating,Bleacher ,No Companion Seating ,UA,N/A,N/A,POINT (-71.070557277999967 42.386631174000058),-71.070557277999967,42.386631174000058
Ryan Playground,N/A,Charlestown,274,Athletic Seating,Bleacher ,Companion Seating ,UA,N/A,N/A,POINT (-71.071361761999981 42.387148189000072),-71.071361761999981,42.387148189000072
Ryan Playground,N/A,Charlestown,274,Athletic Seating,Players Bench,No Companion Seating ,UA,N/A,N/A,POINT (-71.071562922999988 42.387250837000067),-71.071562922999988,42.387250837000067
Ryan Playground,N/A,Charlestown,274,Athletic Seating,Players Bench,No Companion Seating ,UA,N/A,N/A,POINT (-71.071785078999937 42.387233232000028),-71.071785078999937,42.387233232000028
Ripley Playground,N/A,Dorchester,261,Athletic Seating,Players Bench,Companion Seating ,UA,N/A,N/A,POINT (-71.075861956999972 42.298911101000044),-71.075861956999972,42.298911101000044
Elliot Norton Park,N/A,Central Boston,104,Drinking Fountain,"Bottle Filler,Drinking",N/A,N/A,N/A,N/A,POINT (-71.065832867999973 42.349070552000057),-71.065832867999973,42.349070552000057
Dorchester Park,N/A,Dorchester,90,Athletic Seating,Players Bench,No Companion Seating ,UA,N/A,N/A,POINT (-71.063431927999943 42.27683455600004),-71.063431927999943,42.276834556000040
Dorchester Park,N/A,Dorchester,90,Athletic Seating,Players Bench,No Companion Seating ,UA,N/A,N/A,POINT (-71.062997512999971 42.276608422000038),-71.062997512999971,42.276608422000038
Dorchester Park,N/A,Dorchester,90,Athletic Seating,Players Bench,No Companion Seating ,UA,N/A,N/A,POINT (-71.063060217999976 42.276562439000031),-71.063060217999976,42.276562439000031
Brophy Park,N/A,East Boston,33,Drinking Fountain,Drinking,N/A,N/A,N/A,N/A,POINT (-71.033200138999973 42.365837843000065),-71.033200138999973,42.365837843000065
McLaughlin Playground,N/A,Mission Hill,194,Athletic Seating,Bleacher ,No Companion Seating ,UA,N/A,N/A,POINT (-71.101135384999964 42.327915922000045),-71.101135384999964,42.327915922000045
McLaughlin Playground,N/A,Mission Hill,194,Athletic Seating,Bleacher ,No Companion Seating ,UA,N/A,N/A,POINT (-71.100600811999982 42.328123402000074),-71.100600811999982,42.328123402000074
The Fenway I,N/A,Fenway/Longwood,2194,Drinking Fountain,"Pet,Bottle Filler,Drinking",N/A,N/A,N/A,N/A,POINT (-71.09226819099996 42.341458956000054),-71.092268190999960,42.341458956000054
Moakley Park,N/A,South Boston,200,Drinking Fountain,"Bottle Filler,Drinking",N/A,N/A,N/A,N/A,POINT (-71.051291037999988 42.32452780400007),-71.051291037999988,42.324527804000070
Walker Playground,N/A,Mattapan,310,Athletic Seating,Players Bench,Companion Seating ,UA,N/A,N/A,POINT (-71.090363020999973 42.277920866000045),-71.090363020999973,42.277920866000045
Walker Playground,N/A,Mattapan,310,Athletic Seating,Players Bench,Companion Seating ,UA,N/A,N/A,POINT (-71.090251985999942 42.277850525000076),-71.090251985999942,42.277850525000076
Charlestown H.S. Athletic Fields,N/A,Charlestown,51,Athletic Seating,Bleacher,Companion Seating ,UA,N/A,N/A,POINT (-71.059928666999951 42.380289365000067),-71.059928666999951,42.380289365000067
Charlestown H.S. Athletic Fields,N/A,Charlestown,51,Athletic Seating,Dugout,Companion Seating ,UA,N/A,N/A,POINT (-71.059164659999965 42.380952507000075),-71.059164659999965,42.380952507000075
Charlestown H.S. Athletic Fields,N/A,Charlestown,51,Athletic Seating,Players Bench,No Companion Seating ,UA,N/A,N/A,POINT (-71.058513286999982 42.381405373000064),-71.058513286999982,42.381405373000064
Charlestown H.S. Athletic Fields,N/A,Charlestown,51,Drinking Fountain,"Bottle Filler,Drinking",N/A,N/A,N/A,N/A,POINT (-71.059534016999976 42.381644300000062),-71.059534016999976,42.381644300000062
Charlestown H.S. Athletic Fields,N/A,Charlestown,51,Drinking Fountain,"Bottle Filler,Drinking",N/A,N/A,N/A,N/A,POINT (-71.060117323999975 42.381248437000067),-71.060117323999975,42.381248437000067
American Legion Playground,N/A,East Boston,9,Athletic Seating,Bleacher ,Companion Seating ,UA,N/A,N/A,POINT (-71.029623428999969 42.381431974000066),-71.029623428999969,42.381431974000066
Garvey Playground,N/A,Dorchester,130,Athletic Seating,Dugout,No Companion Seating ,Covered (perforated),N/A,N/A,POINT (-71.046509016999948 42.288132103000066),-71.046509016999948,42.288132103000066
McConnell Park,N/A,Dorchester,191,Athletic Seating,Players Bench,Companion Seating ,UA,N/A,N/A,POINT (-71.052898673999948 42.309419757000057),-71.052898673999948,42.309419757000057
McConnell Park,N/A,Dorchester,191,Athletic Seating,Players Bench,Companion Seating ,UA,N/A,N/A,POINT (-71.053204928999946 42.309327874000076),-71.053204928999946,42.309327874000076
McConnell Park,N/A,Dorchester,191,Athletic Seating,Bleacher,Companion Seating ,UA,N/A,N/A,POINT (-71.052812452999945 42.308263135000061),-71.052812452999945,42.308263135000061
Harambee Park,N/A,Dorchester,142,Drinking Fountain,"Bottle Filler,Drinking",N/A,N/A,N/A,N/A,POINT (-71.084344294999937 42.291129535000039),-71.084344294999937,42.291129535000039
Harambee Park,N/A,Dorchester,142,Drinking Fountain,"Bottle Filler,Drinking",N/A,N/A,N/A,N/A,POINT (-71.087776123999959 42.293371070000035),-71.087776123999959,42.293371070000035
Harambee Park,N/A,Dorchester,142,Drinking Fountain,"Bottle Filler,Drinking",N/A,N/A,N/A,N/A,POINT (-71.083607130999951 42.292853114000025),-71.083607130999951,42.292853114000025
Ryan Playground,N/A,Charlestown,274,Athletic Seating,Bleacher ,Companion Seating ,UA,N/A,N/A,POINT (-71.071803959999954 42.385445808000043),-71.071803959999954,42.385445808000043
Ryan Playground,N/A,Charlestown,274,Athletic Seating,Players Bench,No Companion Seating ,UA,N/A,N/A,POINT (-71.071614796999938 42.385642929000028),-71.071614796999938,42.385642929000028
Ryan Playground,N/A,Charlestown,274,Athletic Seating,Bleacher ,Companion Seating ,UA,N/A,N/A,POINT (-71.070403989999988 42.386237718000075),-71.070403989999988,42.386237718000075
Ryan Playground,N/A,Charlestown,274,Athletic Seating,Players Bench,No Companion Seating ,UA,N/A,N/A,POINT (-71.070428021999987 42.38650477200008),-71.070428021999987,42.386504772000080
Ryan Playground,N/A,Charlestown,274,Athletic Seating,Bleacher ,Companion Seating ,UA,N/A,N/A,POINT (-71.072029068999939 42.387014923000038),-71.072029068999939,42.387014923000038
Ryan Playground,N/A,Charlestown,274,Athletic Seating,Players Bench,No Companion Seating ,UA,N/A,N/A,POINT (-71.072246159999963 42.386228073000041),-71.072246159999963,42.386228073000041
Ryan Playground,N/A,Charlestown,274,Athletic Seating,Bleacher ,No Companion Seating ,UA,N/A,N/A,POINT (-71.072294480999972 42.386236217000032),-71.072294480999972,42.386236217000032
Christopher Lee Playground,N/A,South Boston,57,Athletic Seating,Dugout,No Companion Seating ,UA,N/A,N/A,POINT (-71.03329475399994 42.337476267000056),-71.033294753999940,42.337476267000056
Christopher Lee Playground,N/A,South Boston,57,Athletic Seating,Players Bench,No Companion Seating ,UA,N/A,N/A,POINT (-71.031188813999961 42.33799732600005),-71.031188813999961,42.337997326000050
Cassidy Playground,N/A,Allston-Brighton,44,Athletic Seating,Players Bench,Companion Seating ,UA,N/A,N/A,POINT (-71.153231668999979 42.334128950000036),-71.153231668999979,42.334128950000036
Puopolo Playground,N/A,Central Boston,248,Athletic Seating,Bleacher ,Companion Seating ,UA,N/A,N/A,POINT (-71.055335824999986 42.36832376600006),-71.055335824999986,42.368323766000060
Puopolo Playground,N/A,Central Boston,248,Athletic Seating,Bleacher ,Companion Seating ,UA,N/A,N/A,POINT (-71.054002627999978 42.36818224700005),-71.054002627999978,42.368182247000050
Puopolo Playground,N/A,Central Boston,248,Athletic Seating,Dugout,No Companion Seating ,Covered,N/A,N/A,POINT (-71.05405965999995 42.368137267000066),-71.054059659999950,42.368137267000066
Puopolo Playground,N/A,Central Boston,248,Athletic Seating,Dugout,No Companion Seating ,Covered,N/A,N/A,POINT (-71.05407202799995 42.368106111000031),-71.054072027999950,42.368106111000031
Puopolo Playground,N/A,Central Boston,248,Athletic Seating,Dugout,No Companion Seating ,Covered,N/A,N/A,POINT (-71.05440129699997 42.367996677000065),-71.054401296999970,42.367996677000065
Puopolo Playground,N/A,Central Boston,248,Drinking Fountain,"Bottle Filler,Drinking",N/A,N/A,N/A,N/A,POINT (-71.054696022999963 42.368072317000042),-71.054696022999963,42.368072317000042
Langone Park,N/A,Central Boston,175,Drinking Fountain,"Bottle Filler,Drinking",N/A,N/A,N/A,N/A,POINT (-71.05652556299998 42.368525076000026),-71.056525562999980,42.368525076000026
Langone Park,N/A,Central Boston,175,Athletic Seating,Bleacher ,Companion Seating ,UA,N/A,N/A,POINT (-71.05604885799994 42.36840253400004),-71.056048857999940,42.368402534000040
Madison Park H.S. Athletic Fields,N/A,Roxbury,183,Athletic Seating,Bleacher,Companion Seating ,UA,N/A,N/A,POINT (-71.085702434999973 42.332340418000058),-71.085702434999973,42.332340418000058
Madison Park H.S. Athletic Fields,N/A,Roxbury,183,Drinking Fountain,"Bottle Filler,Drinking",N/A,N/A,N/A,N/A,POINT (-71.086282233999952 42.332378877000053),-71.086282233999952,42.332378877000053
Hunt Playground,N/A,Mattapan,6,Athletic Seating,Players Bench,Companion Seating ,UA,N/A,N/A,POINT (-71.097321619999946 42.274467104000053),-71.097321619999946,42.274467104000053
Langone Park,N/A,Central Boston,175,Athletic Seating,Bleacher ,Companion Seating ,UA,N/A,N/A,POINT (-71.056097561999934 42.368414189000077),-71.056097561999934,42.368414189000077
Langone Park,N/A,Central Boston,175,Athletic Seating,Dugout,No Companion Seating ,Covered,N/A,N/A,POINT (-71.055922431999988 42.368366689000027),-71.055922431999988,42.368366689000027
Hunt Playground,N/A,Mattapan,6,Athletic Seating,Players Bench,Companion Seating ,UA,N/A,N/A,POINT (-71.097089794999988 42.274658625000029),-71.097089794999988,42.274658625000029
Hunt Playground,N/A,Mattapan,6,Drinking Fountain,"Bottle Filler,Drinking",N/A,N/A,N/A,N/A,POINT (-71.097947251999983 42.275195506000045),-71.097947251999983,42.275195506000045
Children's Park,N/A,Dorchester,55,Drinking Fountain,"Bottle Filler,Drinking",N/A,N/A,N/A,N/A,POINT (-71.078241402999936 42.310696953000047),-71.078241402999936,42.310696953000047
Ceylon Park,N/A,Dorchester,49,Athletic Seating,Players Bench,No Companion Seating ,UA,N/A,N/A,POINT (-71.073878522999962 42.310283601000037),-71.073878522999962,42.310283601000037
Ceylon Park,N/A,Dorchester,49,Athletic Seating,Players Bench,No Companion Seating ,UA,N/A,N/A,POINT (-71.073894717999963 42.310257685000067),-71.073894717999963,42.310257685000067
Cassidy Playground,N/A,Allston-Brighton,44,Drinking Fountain,Bottle Filler,N/A,N/A,N/A,N/A,POINT (-71.151787218999971 42.334062720000077),-71.151787218999971,42.334062720000077
Cassidy Playground,N/A,Allston-Brighton,44,Athletic Seating,Dugout,Companion Seating ,UA,N/A,N/A,POINT (-71.151868138999987 42.334022123000068),-71.151868138999987,42.334022123000068
Cassidy Playground,N/A,Allston-Brighton,44,Athletic Seating,Dugout,Companion Seating ,UA,N/A,N/A,POINT (-71.152252303999944 42.33397584100004),-71.152252303999944,42.333975841000040
Cassidy Playground,N/A,Allston-Brighton,44,Athletic Seating,Dugout,No Companion Seating ,UA,N/A,N/A,POINT (-71.151381332999961 42.335658283000043),-71.151381332999961,42.335658283000043
Cassidy Playground,N/A,Allston-Brighton,44,Drinking Fountain,"Bottle Filler,Drinking",N/A,N/A,N/A,N/A,POINT (-71.151284779999969 42.335316938000062),-71.151284779999969,42.335316938000062
Crawford Street Playground,N/A,Roxbury,73,Playground,PIP Rubber,N/A,N/A,N/A,"2-5,5-12",POINT (-71.092199185999959 42.315889483000035),-71.092199185999959,42.315889483000035
Crawford Street Playground,N/A,Roxbury,73,Fitness Equipment,N/A,N/A,N/A,N/A,N/A,POINT (-71.092701400999943 42.315205336000076),-71.092701400999943,42.315205336000076
Crawford Street Playground,N/A,Roxbury,73,Tricycle Track,N/A,N/A,N/A,N/A,N/A,POINT (-71.092500620999942 42.315703377000034),-71.092500620999942,42.315703377000034
Crawford Street Playground,N/A,Roxbury,73,Athletic Field,Softball,N/A,Natural Turf,N/A,N/A,POINT (-71.092866400999981 42.315525336000064),-71.092866400999981,42.315525336000064
Crawford Street Playground,N/A,Roxbury,73,Athletic Seating,Dugout,Companion Seating,Covered (perforated),N/A,N/A,POINT (-71.092809400999954 42.315638336000063),-71.092809400999954,42.315638336000063
Crawford Street Playground,N/A,Roxbury,73,Athletic Seating,Dugout,Companion Seating,Covered (perforated),N/A,N/A,POINT (-71.092694065999979 42.31545837300007),-71.092694065999979,42.315458373000070
Crawford Street Playground,N/A,Roxbury,73,Athletic Seating,Bleacher,Companion Seating,UA,N/A,N/A,POINT (-71.09273819699996 42.315373062000049),-71.092738196999960,42.315373062000049
Crawford Street Playground,N/A,Roxbury,73,Drinking Fountain,"Drinking, Bottle Filler",N/A,N/A,N/A,N/A,POINT (-71.092345288999979 42.315796969000075),-71.092345288999979,42.315796969000075
Puopolo Playground,N/A,Central Boston,248,Athletic Seating,Bleacher ,Companion Seating ,UA,N/A,N/A,POINT (-71.05398493499996 42.368220824000048),-71.053984934999960,42.368220824000048
Puopolo Playground,N/A,Central Boston,248,Athletic Seating,Dugout,No Companion Seating ,Covered,N/A,N/A,POINT (-71.054359159999933 42.367986669000061),-71.054359159999933,42.367986669000061
Puopolo Playground,N/A,Central Boston,248,Athletic Seating,Dugout,No Companion Seating ,Covered,N/A,N/A,POINT (-71.055119378999962 42.368172461000029),-71.055119378999962,42.368172461000029
Puopolo Playground,N/A,Central Boston,248,Athletic Seating,Dugout,No Companion Seating ,Covered,N/A,N/A,POINT (-71.055161360999989 42.368181225000058),-71.055161360999989,42.368181225000058
Puopolo Playground,N/A,Central Boston,248,Athletic Seating,Dugout,No Companion Seating ,Covered,N/A,N/A,POINT (-71.055247670999961 42.368430858000067),-71.055247670999961,42.368430858000067
Puopolo Playground,N/A,Central Boston,248,Athletic Seating,Dugout,No Companion Seating ,Covered,N/A,N/A,POINT (-71.055263226999955 42.368395700000065),-71.055263226999955,42.368395700000065
Langone Park,N/A,Central Boston,175,Drinking Fountain,"Bottle Filler,Drinking",N/A,N/A,N/A,N/A,POINT (-71.055749501999969 42.368406057000072),-71.055749501999969,42.368406057000072
Langone Park,N/A,Central Boston,175,Athletic Seating,Dugout,No Companion Seating ,Covered,N/A,N/A,POINT (-71.055718952999939 42.368441902000029),-71.055718952999939,42.368441902000029
Langone Park,N/A,Central Boston,175,Athletic Seating,Dugout,No Companion Seating ,Covered,N/A,N/A,POINT (-71.055706446999977 42.368472275000045),-71.055706446999977,42.368472275000045
Madison Park H.S. Athletic Fields,N/A,Roxbury,183,Athletic Seating,Players Bench,Companion Seating ,UA,N/A,N/A,POINT (-71.086144569999988 42.332487712000045),-71.086144569999988,42.332487712000045
Madison Park H.S. Athletic Fields,N/A,Roxbury,183,Athletic Seating,Players Bench,Companion Seating ,UA,N/A,N/A,POINT (-71.086087304999978 42.332558299000027),-71.086087304999978,42.332558299000027
Malcolm X Park,N/A,Roxbury,186,Drinking Fountain,"Bottle Filler,Drinking",N/A,N/A,N/A,N/A,POINT (-71.089674500999934 42.32240459500008),-71.089674500999934,42.322404595000080
Hunt Playground,N/A,Mattapan,6,Drinking Fountain,"Bottle Filler,Drinking",N/A,N/A,N/A,N/A,POINT (-71.097557638999945 42.27457835000007),-71.097557638999945,42.274578350000070
Hunt Playground,N/A,Mattapan,6,Athletic Seating,Players Bench,Companion Seating ,UA,N/A,N/A,POINT (-71.097299939999971 42.27445526300005),-71.097299939999971,42.274455263000050
Hunt Playground,N/A,Mattapan,6,Athletic Seating,Players Bench,Companion Seating ,UA,N/A,N/A,POINT (-71.097109842999942 42.274669776000053),-71.097109842999942,42.274669776000053
Hunt Playground,N/A,Mattapan,6,Athletic Seating,Players Bench,Companion Seating ,UA,N/A,N/A,POINT (-71.096696944999962 42.274797318000026),-71.096696944999962,42.274797318000026
Hunt Playground,N/A,Mattapan,6,Athletic Seating,Players Bench,Companion Seating ,UA,N/A,N/A,POINT (-71.096797865999974 42.274696200000051),-71.096797865999974,42.274696200000051
Hunt Playground,N/A,Mattapan,6,Athletic Seating,Players Bench,Companion Seating ,UA,N/A,N/A,POINT (-71.097032874999968 42.274987875000079),-71.097032874999968,42.274987875000079
Hunt Playground,N/A,Mattapan,6,Athletic Seating,Players Bench,Companion Seating ,UA,N/A,N/A,POINT (-71.097136354999975 42.274886389000073),-71.097136354999975,42.274886389000073
South Street Mall & Courts,N/A,Jamaica Plain,288,Drinking Fountain,"Bottle Filler,Drinking",N/A,N/A,N/A,N/A,POINT (-71.11529154699997 42.307802120000076),-71.115291546999970,42.307802120000076
Iacono/Readville Playground,N/A,Hyde Park,160,Athletic Seating,Dugout,No Companion Seating ,UA,N/A,N/A,POINT (-71.134539741999959 42.239482767000027),-71.134539741999959,42.239482767000027
Iacono/Readville Playground,N/A,Hyde Park,160,Athletic Seating,Dugout,No Companion Seating ,UA,N/A,N/A,POINT (-71.134948760999976 42.23948809400008),-71.134948760999976,42.239488094000080
Reservation Road Park,N/A,Hyde Park,256,Athletic Seating,Bleacher ,Companion Seating ,UA,N/A,N/A,POINT (-71.128828824999971 42.250568178000037),-71.128828824999971,42.250568178000037
Reservation Road Park,N/A,Hyde Park,256,Athletic Seating,Players Bench,No Companion Seating ,UA,N/A,N/A,POINT (-71.128146065999942 42.250291054000058),-71.128146065999942,42.250291054000058
Reservation Road Park,N/A,Hyde Park,256,Athletic Seating,Players Bench,No Companion Seating ,UA,N/A,N/A,POINT (-71.128183301999968 42.250214637000056),-71.128183301999968,42.250214637000056
East Boston Memorial Park I,N/A,East Boston,98,Athletic Seating,Players Bench,No Companion Seating ,UA,N/A,N/A,POINT (-71.029701670999941 42.37133099700003),-71.029701670999941,42.371330997000030
East Boston Memorial Park I,N/A,East Boston,98,Athletic Seating,Players Bench,No Companion Seating ,UA,N/A,N/A,POINT (-71.029538342999956 42.37118567300007),-71.029538342999956,42.371185673000070
East Boston Memorial Park I,N/A,East Boston,98,Athletic Seating,Players Bench,No Companion Seating ,UA,N/A,N/A,POINT (-71.029544352999949 42.371180547000051),-71.029544352999949,42.371180547000051
East Boston Memorial Park I,N/A,East Boston,98,Athletic Seating,Bleacher,Companion Seating ,UA,N/A,N/A,POINT (-71.03008183999998 42.370534949000046),-71.030081839999980,42.370534949000046
East Boston Memorial Park I,N/A,East Boston,98,Athletic Seating,Dugout,No Companion Seating ,UA,N/A,N/A,POINT (-71.03016013499996 42.370441406000054),-71.030160134999960,42.370441406000054
East Boston Memorial Park I,N/A,East Boston,98,Athletic Seating,Dugout,No Companion Seating ,UA,N/A,N/A,POINT (-71.03036773499997 42.37041817000005),-71.030367734999970,42.370418170000050
Noyes Playground,N/A,East Boston,216,Athletic Seating,Bleacher ,Companion Seating ,UA,N/A,N/A,POINT (-71.009228421999978 42.387437368000064),-71.009228421999978,42.387437368000064
Smith Playground,N/A,Allston-Brighton,284,Athletic Seating,Dugout,UA,Covered (perforated),N/A,N/A,POINT (-71.130995564999978 42.365731882000034),-71.130995564999978,42.365731882000034
Hardiman Playground,N/A,Allston-Brighton,143,Athletic Seating,Dugout,No Companion Seating ,UA,N/A,N/A,POINT (-71.166173422999975 42.350979089000077),-71.166173422999975,42.350979089000077
Rotch Playground,N/A,South End,272,Athletic Seating,Bleacher ,No Companion Seating ,UA,N/A,N/A,POINT (-71.064040903999967 42.341303473000039),-71.064040903999967,42.341303473000039
Rotch Playground,N/A,South End,272,Athletic Seating,Players Bench,No Companion Seating ,UA,N/A,N/A,POINT (-71.063710430999947 42.341928391000067),-71.063710430999947,42.341928391000067
Rotch Playground,N/A,South End,272,Athletic Seating,Dugout,No Companion Seating ,Covered,N/A,N/A,POINT (-71.064833307999947 42.341809787000045),-71.064833307999947,42.341809787000045
Rotch Playground,N/A,South End,272,Athletic Seating,Dugout,No Companion Seating ,Covered,N/A,N/A,POINT (-71.064645499999983 42.341463241000042),-71.064645499999983,42.341463241000042
Ross Playground,N/A,Hyde Park,270,Athletic Seating,Dugout,No Companion Seating ,UA,N/A,N/A,POINT (-71.113338570999986 42.263418382000054),-71.113338570999986,42.263418382000054
English H.S. Athletic Fields,N/A,Jamaica Plain,107,Athletic Seating,Players Bench,No Companion Seating ,UA,N/A,N/A,POINT (-71.107434416999979 42.308003351000025),-71.107434416999979,42.308003351000025
Pagel Playground,N/A,Jamaica Plain,223,Parking Lot,N/A,UA,UA,N/A,N/A,POINT (-71.118625514999962 42.289154567000026),-71.118625514999962,42.289154567000026
Nonquit Street Green,N/A,Dorchester,7272,Parking Lot,N/A,UA,UA,N/A,N/A,POINT (-71.06844366699994 42.317937732000075),-71.068443666999940,42.317937732000075
DeFilippo Playground,N/A,Central Boston,81,Spray Play,N/A,Spray,Dog Only,N/A,N/A,POINT (-71.056693949999953 42.366744509000057),-71.056693949999953,42.366744509000057
DeFilippo Playground,N/A,Central Boston,81,Spray Play,N/A,Spray,Dog Only,N/A,N/A,POINT (-71.056737143999953 42.366844520000029),-71.056737143999953,42.366844520000029
Walsh Playground,N/A,Mattapan,312,Playground,PIP Rubber,N/A,N/A,N/A,"2-5, 5-12",POINT (-71.070735409999941 42.276371343000051),-71.070735409999941,42.276371343000051
Walsh Playground,N/A,Mattapan,312,Basketball,Full,N/A,N/A,N/A,N/A,POINT (-71.071128409999972 42.276583343000027),-71.071128409999972,42.276583343000027
Walsh Playground,N/A,Mattapan,312,Basketball,Half,N/A,N/A,N/A,N/A,POINT (-71.071077410999976 42.276283343000046),-71.071077410999976,42.276283343000046
Walsh Playground,N/A,Mattapan,312,Athletic Field,Combo,"Soccer, Flag Football x 2",Natural Turf,N/A,N/A,POINT (-71.070755410999936 42.276810343000079),-71.070755410999936,42.276810343000079
Walsh Playground,N/A,Mattapan,312,Athletic Field,Softball,Little League,Natural Turf,Scoreboard,N/A,POINT (-71.069967410999936 42.277523343000041),-71.069967410999936,42.277523343000041
Walsh Playground,N/A,Mattapan,312,Spray Play,Hydraulic,Spray,N/A,N/A,N/A,POINT (-71.070875410999975 42.276507343000048),-71.070875410999975,42.276507343000048
Walsh Playground,N/A,Mattapan,312,Drinking Fountain,"Drinking,Bottle Filler",N/A,N/A,N/A,N/A,POINT (-71.070946410999966 42.276451343000076),-71.070946410999966,42.276451343000076
East Boston Memorial Park I,N/A,East Boston,98,Athletic Seating,Players Bench,No Companion Seating ,UA,N/A,N/A,POINT (-71.029707413999972 42.371326494000073),-71.029707413999972,42.371326494000073
East Boston Memorial Park I,N/A,East Boston,98,Athletic Seating,Bleacher,Companion Seating ,UA,N/A,N/A,POINT (-71.030472420999956 42.370457041000066),-71.030472420999956,42.370457041000066
East Boston Memorial Park I,N/A,East Boston,98,Athletic Seating,Dugout,No Companion Seating ,UA,N/A,N/A,POINT (-71.030307041999947 42.371964361000039),-71.030307041999947,42.371964361000039
East Boston Memorial Park I,N/A,East Boston,98,Athletic Seating,Dugout,No Companion Seating ,UA,N/A,N/A,POINT (-71.030937872999971 42.371927396000046),-71.030937872999971,42.371927396000046
Noyes Playground,N/A,East Boston,216,Athletic Seating,Dugout,No Companion Seating ,Covered,N/A,N/A,POINT (-71.010172818999933 42.387512189000063),-71.010172818999933,42.387512189000063
Noyes Playground,N/A,East Boston,216,Athletic Seating,Dugout,No Companion Seating ,Covered,N/A,N/A,POINT (-71.009907386999942 42.387410659000068),-71.009907386999942,42.387410659000068
Noyes Playground,N/A,East Boston,216,Athletic Seating,Dugout,No Companion Seating ,Covered,N/A,N/A,POINT (-71.009354081999959 42.387332221000065),-71.009354081999959,42.387332221000065
Noyes Playground,N/A,East Boston,216,Athletic Seating,Dugout,No Companion Seating ,Covered,N/A,N/A,POINT (-71.009655675999966 42.387300909000032),-71.009655675999966,42.387300909000032
Noyes Playground,N/A,East Boston,216,Athletic Seating,Players Bench,No Companion Seating ,UA,N/A,N/A,POINT (-71.011058282999954 42.388025762000041),-71.011058282999954,42.388025762000041
Noyes Playground,N/A,East Boston,216,Athletic Seating,Dugout,No Companion Seating ,Covered,N/A,N/A,POINT (-71.011118072999977 42.388156278000054),-71.011118072999977,42.388156278000054
Noyes Playground,N/A,East Boston,216,Athletic Seating,Dugout,No Companion Seating ,Covered,N/A,N/A,POINT (-71.010941727999978 42.388344817000075),-71.010941727999978,42.388344817000075
Noyes Playground,N/A,East Boston,216,Athletic Seating,Bleacher ,Companion Seating ,UA,N/A,N/A,POINT (-71.010775895999984 42.388375920000044),-71.010775895999984,42.388375920000044
Ronan Park,N/A,Dorchester,268,Drinking Fountain,"Bottle Filler,Drinking",N/A,N/A,N/A,N/A,POINT (-71.063092153999946 42.303936573000044),-71.063092153999946,42.303936573000044
Ronan Park,N/A,Dorchester,268,Drinking Fountain,"BottleFiller,Drinking",N/A,N/A,N/A,N/A,POINT (-71.062219436999953 42.304735443000027),-71.062219436999953,42.304735443000027
Smith Playground,N/A,Allston-Brighton,284,Drinking Fountain,"Pet,Bottle Filler,Drinking",N/A,N/A,N/A,N/A,POINT (-71.131337405999943 42.366447261000076),-71.131337405999943,42.366447261000076
Smith Playground,N/A,Allston-Brighton,284,Athletic Seating,Dugout,UA,Covered (perforated),N/A,N/A,POINT (-71.131247086999963 42.365387358000078),-71.131247086999963,42.365387358000078
Rotch Playground,N/A,South End,272,Athletic Seating,Dugout,No Companion Seating ,Covered,N/A,N/A,POINT (-71.064674294999975 42.341472168000053),-71.064674294999975,42.341472168000053
Arnold Arboretum,N/A,Roslindale,11,Drinking Fountain,"Pet,Bottle Filler,Drinking",N/A,N/A,N/A,N/A,POINT (-71.127531701999942 42.291267431000051),-71.127531701999942,42.291267431000051
Ross Playground,N/A,Hyde Park,270,Drinking Fountain,"Bottle Filler,Drinking",N/A,N/A,N/A,N/A,POINT (-71.111743385999944 42.263347445000079),-71.111743385999944,42.263347445000079
Ross Playground,N/A,Hyde Park,270,Athletic Seating,Dugout,No Companion Seating ,UA,N/A,N/A,POINT (-71.111612751999985 42.263770732000069),-71.111612751999985,42.263770732000069
Reservation Road Park,N/A,Hyde Park,256,Flagpole,Unlit ,25,Aluminum ,USA 5X8,N/A,POINT (-71.128828222999971 42.249887821000073),-71.128828222999971,42.249887821000073
Downer Avenue Playground,N/A,Dorchester,92,Drinking Fountain,Pet,N/A,N/A,N/A,N/A,POINT (-71.06198406599998 42.311778639000067),-71.061984065999980,42.311778639000067
Doherty/Gibson Playground,N/A,Dorchester,88,Flagpole,Unlit ,50,Fiberglass ,N/A,N/A,POINT (-71.061941281999964 42.297584563000044),-71.061941281999964,42.297584563000044
Putnam Square,N/A,East Boston,249,Ornamental Fountain,N/A,N/A,N/A,N/A,N/A,POINT (-71.033003404999988 42.380351555000061),-71.033003404999988,42.380351555000061
Ramler Park,N/A,Fenway/Longwood,253,Ornamental Fountain,N/A,N/A,N/A,N/A,N/A,POINT (-71.100782502999948 42.342531648000033),-71.100782502999948,42.342531648000033
Raymond V. Mellone Park II,N/A,Allston-Brighton,2198,Ornamental Fountain,The 3 Lions,N/A,N/A,N/A,N/A,POINT (-71.127604785999949 42.360307352000063),-71.127604785999949,42.360307352000063
Ringgold Park,N/A,South End,260,Ornamental Fountain,N/A,N/A,N/A,N/A,N/A,POINT (-71.070107848999953 42.343265449000057),-71.070107848999953,42.343265449000057
St Helena's Park,N/A,South End,291,Ornamental Fountain,N/A,N/A,N/A,N/A,N/A,POINT (-71.066961961999937 42.340054674000044),-71.066961961999937,42.340054674000044
Statler Park,N/A,Central Boston,294,Ornamental Fountain,Statler Fountain,N/A,N/A,N/A,N/A,POINT (-71.068931575999954 42.350627598000074),-71.068931575999954,42.350627598000074
Thompson Square II,N/A,Charlestown,2017,Ornamental Fountain,N/A,N/A,N/A,N/A,N/A,POINT (-71.063911339999947 42.37509035100004),-71.063911339999947,42.375090351000040
Union Park,N/A,South End,351,Ornamental Fountain,N/A,N/A,N/A,N/A,N/A,POINT (-71.071223674999942 42.342675805000056),-71.071223674999942,42.342675805000056
Union Park,N/A,South End,351,Ornamental Fountain,N/A,N/A,N/A,N/A,N/A,POINT (-71.071636471999966 42.343007368000031),-71.071636471999966,42.343007368000031
Worcester Square,N/A,South End,330,Ornamental Fountain,N/A,N/A,N/A,N/A,N/A,POINT (-71.074748266999961 42.336689472000046),-71.074748266999961,42.336689472000046
Codman Square Park,N/A,Dorchester,7279,Spray Play,N/A,Misting,N/A,N/A,N/A,POINT (-71.071386867999934 42.290289524000059),-71.071386867999934,42.290289524000059
George Wright Golf Course,N/A,Hyde Park,132,Parking Lot,N/A,UA,UA,N/A,N/A,POINT (-71.131498668999939 42.267935761000047),-71.131498668999939,42.267935761000047
Fidelis Way Park,N/A,Allston-Brighton,117,Parking Lot,N/A,UA,UA,N/A,N/A,POINT (-71.142374817999951 42.347131252000054),-71.142374817999951,42.347131252000054
Crawford Street Playground,N/A,Roxbury,73,Bike Rack,Inverted U,2,N,90,N/A,POINT (-71.091920300999959 42.315678336000076),-71.091920300999959,42.315678336000076
Crawford Street Playground,N/A,Roxbury,73,Bike Rack,Inverted U,2,N,90,N/A,POINT (-71.092747109999948 42.315057782000054),-71.092747109999948,42.315057782000054
Crawford Street Playground,N/A,Roxbury,73,Bike Rack,Inverted U,2,N,90,N/A,POINT (-71.091944584999965 42.315688279000028),-71.091944584999965,42.315688279000028
Crawford Street Playground,N/A,Roxbury,73,Bike Rack,Inverted U,2,N,90,N/A,POINT (-71.092771393999953 42.315067724000073),-71.092771393999953,42.315067724000073
Winthrop Playground I,N/A,Roxbury,325,Bike Rack,Post-and-ring,2,N,0,N/A,POINT (-71.075964150999937 42.317306759000076),-71.075964150999937,42.317306759000076
Winthrop Playground I,N/A,Roxbury,325,Bike Rack,Post-and-ring,2,N,0,N/A,POINT (-71.075983977999954 42.317313151000064),-71.075983977999954,42.317313151000064
Winthrop Playground I,N/A,Roxbury,325,Bike Rack,Post-and-ring,2,N,0,N/A,POINT (-71.076009050999971 42.317318335000039),-71.076009050999971,42.317318335000039
Marcella Playground,N/A,Roxbury,187,Bike Rack,Post-and-ring,2,Y,90,N/A,POINT (-71.096302702999935 42.321978778000073),-71.096302702999935,42.321978778000073
Marcella Playground,N/A,Roxbury,187,Bike Rack,Post-and-ring,2,Y,90,N/A,POINT (-71.096301899999958 42.321972735000031),-71.096301899999958,42.321972735000031
Malcolm X Park,N/A,Roxbury,186,Bike Rack,Inverted U,2,N,90,N/A,POINT (-71.088704889999974 42.320287540000038),-71.088704889999974,42.320287540000038
Malcolm X Park,N/A,Roxbury,186,Bike Rack,Inverted U,2,N,90,N/A,POINT (-71.088693085999978 42.320281966000039),-71.088693085999978,42.320281966000039
Malcolm X Park,N/A,Roxbury,186,Bike Rack,Inverted U,2,N,90,N/A,POINT (-71.088681708999957 42.320278019000057),-71.088681708999957,42.320278019000057
Malcolm X Park,N/A,Roxbury,186,Bike Rack,Inverted U,2,N,90,N/A,POINT (-71.088670775999958 42.32027342400005),-71.088670775999958,42.320273424000050
Malcolm X Park,N/A,Roxbury,186,Bike Rack,Inverted U,2,N,90,N/A,POINT (-71.090182664999986 42.320956442000067),-71.090182664999986,42.320956442000067
Malcolm X Park,N/A,Roxbury,186,Bike Rack,Inverted U,2,N,90,N/A,POINT (-71.090170859999944 42.320950867000079),-71.090170859999944,42.320950867000079
Malcolm X Park,N/A,Roxbury,186,Bike Rack,Inverted U,2,N,90,N/A,POINT (-71.090159482999979 42.320946921000029),-71.090159482999979,42.320946921000029
Malcolm X Park,N/A,Roxbury,186,Bike Rack,Inverted U,2,N,90,N/A,POINT (-71.090148549999981 42.320942326000079),-71.090148549999981,42.320942326000079
Leo F. McCarthy Playground,N/A,Charlestown,101,Bike Rack,Post-and-ring,2,N,45,N/A,POINT (-71.068791846999943 42.37929633400006),-71.068791846999943,42.379296334000060
Leo F. McCarthy Playground,N/A,Charlestown,101,Bike Rack,Post-and-ring,2,N,45,N/A,POINT (-71.06878170899995 42.379302479000046),-71.068781708999950,42.379302479000046
Paul Revere Mall,N/A,Central Boston,231,Bike Rack,Schoolyard,32,N,90,N/A,POINT (-71.053626409999936 42.365964025000039),-71.053626409999936,42.365964025000039
Christopher Columbus Park,N/A,Central Boston,56,Bike Rack,Post-and-ring,2,Y,90,N/A,POINT (-71.051010321999968 42.361622007000051),-71.051010321999968,42.361622007000051
Christopher Columbus Park,N/A,Central Boston,56,Bike Rack,Post-and-ring,2,Y,90,N/A,POINT (-71.051015622999955 42.361617146000071),-71.051015622999955,42.361617146000071
Christopher Columbus Park,N/A,Central Boston,56,Bike Rack,Post-and-ring,2,Y,90,N/A,POINT (-71.051021111999944 42.361613126000066),-71.051021111999944,42.361613126000066
Christopher Columbus Park,N/A,Central Boston,56,Bike Rack,Post-and-ring,2,Y,90,N/A,POINT (-71.051023141999963 42.361608713000066),-71.051023141999963,42.361608713000066
Christopher Columbus Park,N/A,Central Boston,56,Bike Rack,Post-and-ring,2,Y,90,N/A,POINT (-71.051969979999967 42.360549193000054),-71.051969979999967,42.360549193000054
Christopher Columbus Park,N/A,Central Boston,56,Bike Rack,Post-and-ring,2,Y,90,N/A,POINT (-71.051975279999965 42.360544333000064),-71.051975279999965,42.360544333000064
Christopher Columbus Park,N/A,Central Boston,56,Bike Rack,Post-and-ring,2,Y,90,N/A,POINT (-71.051980768999954 42.360540313000058),-71.051980768999954,42.360540313000058
Christopher Columbus Park,N/A,Central Boston,56,Bike Rack,Post-and-ring,2,Y,90,N/A,POINT (-71.051982798999973 42.360535900000059),-71.051982798999973,42.360535900000059
Noyes Playground,N/A,East Boston,216,Athletic Seating,Players Bench,No Companion Seating ,UA,N/A,N/A,POINT (-71.010284364999961 42.38748087700003),-71.010284364999961,42.387480877000030
Noyes Playground,N/A,East Boston,216,Athletic Seating,Players Bench,No Companion Seating ,UA,N/A,N/A,POINT (-71.009845475999953 42.387259958000072),-71.009845475999953,42.387259958000072
Noyes Playground,N/A,East Boston,216,Athletic Seating,Bleacher ,Companion Seating ,UA,N/A,N/A,POINT (-71.009792492999964 42.387059769000075),-71.009792492999964,42.387059769000075
Noyes Playground,N/A,East Boston,216,Athletic Seating,Players Bench,No Companion Seating ,UA,N/A,N/A,POINT (-71.009798473999979 42.387402571000052),-71.009798473999979,42.387402571000052
Little Scobie Playground,N/A,Roxbury,181,Athletic Seating,Players Bench,No Companion Seating ,UA,N/A,N/A,POINT (-71.080635299999983 42.322773880000057),-71.080635299999983,42.322773880000057
Smith Playground,N/A,Allston-Brighton,284,Athletic Seating,Players Bench,UA,UA,N/A,N/A,POINT (-71.131999453999981 42.364877997000065),-71.131999453999981,42.364877997000065
Smith Playground,N/A,Allston-Brighton,284,Drinking Fountain,"Bottle Filler,Drinking",N/A,N/A,N/A,N/A,POINT (-71.131499513999984 42.364963388000035),-71.131499513999984,42.364963388000035
Smith Playground,N/A,Allston-Brighton,284,Athletic Seating,Bleacher,No Companion Seating ,UA,N/A,N/A,POINT (-71.130813368999952 42.365472458000056),-71.130813368999952,42.365472458000056
Smith Playground,N/A,Allston-Brighton,284,Athletic Seating,Dugout,UA,Covered (perforated),N/A,N/A,POINT (-71.13070192899994 42.365264490000072),-71.130701928999940,42.365264490000072
Rogers Park,N/A,Allston-Brighton,267,Athletic Seating,Dugout,No Companion Seating ,UA,N/A,N/A,POINT (-71.159760292999977 42.347240311000064),-71.159760292999977,42.347240311000064
Smith Playground,N/A,Allston-Brighton,284,Drinking Fountain,"Bottle Filler,Drinking",N/A,N/A,N/A,N/A,POINT (-71.132128532999957 42.364603872000032),-71.132128532999957,42.364603872000032
Smith Playground,N/A,Allston-Brighton,284,Athletic Seating,Dugout,UA,Covered (perforated),N/A,N/A,POINT (-71.130573650999963 42.365619887000037),-71.130573650999963,42.365619887000037
Smith Playground,N/A,Allston-Brighton,284,Athletic Seating,Dugout,UA,Covered (perforated),N/A,N/A,POINT (-71.130547528999955 42.365576324000074),-71.130547528999955,42.365576324000074
Smith Playground,N/A,Allston-Brighton,284,Athletic Seating,Bleacher,No Companion Seating ,UA,N/A,N/A,POINT (-71.130860203999987 42.365535151000074),-71.130860203999987,42.365535151000074
Smith Playground,N/A,Allston-Brighton,284,Athletic Seating,Bleacher,Companion Seating ,UA,N/A,N/A,POINT (-71.130598378999935 42.364488058000063),-71.130598378999935,42.364488058000063
Rogers Park,N/A,Allston-Brighton,267,Athletic Seating,Dugout,No Companion Seating ,UA,N/A,N/A,POINT (-71.159357400999966 42.347345571000062),-71.159357400999966,42.347345571000062
Rogers Park,N/A,Allston-Brighton,267,Athletic Seating,Dugout,No Companion Seating ,UA,N/A,N/A,POINT (-71.160676084999977 42.34830149700008),-71.160676084999977,42.348301497000080
Marcella Playground,N/A,Roxbury,187,Drinking Fountain,"Bottle Filler,Drinking",N/A,N/A,N/A,N/A,POINT (-71.096509078999986 42.322027880000064),-71.096509078999986,42.322027880000064
Rotch Playground,N/A,South End,272,Athletic Seating,Bleacher ,Companion Seating ,UA,N/A,N/A,POINT (-71.064224900999989 42.341332272000045),-71.064224900999989,42.341332272000045
Rotch Playground,N/A,South End,272,Athletic Seating,Bleacher ,No Companion Seating ,UA,N/A,N/A,POINT (-71.06412609299997 42.341328804000057),-71.064126092999970,42.341328804000057
Rotch Playground,N/A,South End,272,Athletic Seating,Bleacher ,Companion Seating ,UA,N/A,N/A,POINT (-71.063804413999947 42.341953407000062),-71.063804413999947,42.341953407000062
Rotch Playground,N/A,South End,272,Athletic Seating,Dugout,No Companion Seating ,Covered,N/A,N/A,POINT (-71.064867721999974 42.341747842000075),-71.064867721999974,42.341747842000075
Rotch Playground,N/A,South End,272,Athletic Seating,Dugout,No Companion Seating ,Covered,N/A,N/A,POINT (-71.064843838999934 42.341790003000028),-71.064843838999934,42.341790003000028
Rotch Playground,N/A,South End,272,Athletic Seating,Dugout,No Companion Seating ,Covered,N/A,N/A,POINT (-71.064708436999979 42.341482996000025),-71.064708436999979,42.341482996000025
Smith Playground,N/A,Allston-Brighton,284,Athletic Seating,Players Bench,UA,UA,N/A,N/A,POINT (-71.132020644999955 42.364835586000027),-71.132020644999955,42.364835586000027
Smith Playground,N/A,Allston-Brighton,284,Athletic Seating,Dugout,UA,Covered (perforated),N/A,N/A,POINT (-71.131053453999982 42.365714496000066),-71.131053453999982,42.365714496000066
Smith Playground,N/A,Allston-Brighton,284,Athletic Seating,Bleacher,No Companion Seating ,UA,N/A,N/A,POINT (-71.130945456999939 42.365504046000069),-71.130945456999939,42.365504046000069
Hardiman Playground,N/A,Allston-Brighton,143,Athletic Seating,Dugout,No Companion Seating ,UA,N/A,N/A,POINT (-71.166203067999959 42.350982437000027),-71.166203067999959,42.350982437000027
Rogers Park,N/A,Allston-Brighton,267,Athletic Seating,Bleacher ,Companion Seating ,UA,N/A,N/A,POINT (-71.160743225999965 42.348243808000063),-71.160743225999965,42.348243808000063
Rotch Playground,N/A,South End,272,Athletic Seating,Bleacher ,Companion Seating ,UA,N/A,N/A,POINT (-71.064304147999962 42.34135733200003),-71.064304147999962,42.341357332000030
Rotch Playground,N/A,South End,272,Athletic Seating,Players Bench,No Companion Seating ,UA,N/A,N/A,POINT (-71.064109941999959 42.342058934000079),-71.064109941999959,42.342058934000079
Ross Playground,N/A,Hyde Park,270,Athletic Seating,Bleacher ,Companion Seating ,UA,N/A,N/A,POINT (-71.113463025999977 42.263437020000026),-71.113463025999977,42.263437020000026
English H.S. Athletic Fields,N/A,Jamaica Plain,107,Athletic Seating,Dugout,Companion Seating ,Covered,N/A,N/A,POINT (-71.108221733999983 42.307450980000056),-71.108221733999983,42.307450980000056
Mother's Rest at Four Corners,N/A,Dorchester,205,Drinking Fountain,Drinking,N/A,N/A,N/A,N/A,POINT (-71.071677095999974 42.297502308000048),-71.071677095999974,42.297502308000048
Mother's Rest at Four Corners,N/A,Dorchester,205,Drinking Fountain,"Drinking, Pet",N/A,N/A,N/A,N/A,POINT (-71.072200683999938 42.297459859000071),-71.072200683999938,42.297459859000071
Mother's Rest at Four Corners,N/A,Dorchester,205,Fitness Equipment,N/A,N/A,N/A,N/A,N/A,POINT (-71.072235470999942 42.297541724000041),-71.072235470999942,42.297541724000041
O'Day Playground,N/A,South End,219,Drinking Fountain,UA,N/A,N/A,N/A,N/A,POINT (-71.075063807999982 42.340553148000026),-71.075063807999982,42.340553148000026
Codman Square Park,N/A,Dorchester,7279,Drinking Fountain,UA,N/A,N/A,N/A,N/A,POINT (-71.071311682999976 42.290308880000055),-71.071311682999976,42.290308880000055
Highland Park,N/A,Roxbury,152,Parking Lot,N/A,UA,UA,N/A,N/A,POINT (-71.094411556999944 42.32491208700003),-71.094411556999944,42.324912087000030
Walsh Playground,N/A,Mattapan,312,Bike Rack,Inverted U,2,Y,0,N/A,POINT (-71.069607910999935 42.276992150000069),-71.069607910999935,42.276992150000069
Walsh Playground,N/A,Mattapan,312,Bike Rack,Inverted U,2,Y,0,N/A,POINT (-71.069616924999934 42.276989525000033),-71.069616924999934,42.276989525000033
Walsh Playground,N/A,Mattapan,312,Bike Rack,Inverted U,2,Y,0,N/A,POINT (-71.069624758999964 42.276987636000058),-71.069624758999964,42.276987636000058
Walsh Playground,N/A,Mattapan,312,Bike Rack,Inverted U,2,Y,0,N/A,POINT (-71.071693255999946 42.276392196000074),-71.071693255999946,42.276392196000074
Walsh Playground,N/A,Mattapan,312,Bike Rack,Inverted U,2,Y,0,N/A,POINT (-71.071702270999936 42.276389571000038),-71.071702270999936,42.276389571000038
Walsh Playground,N/A,Mattapan,312,Bike Rack,Inverted U,2,Y,0,N/A,POINT (-71.071710103999976 42.276387682000063),-71.071710103999976,42.276387682000063
Titus Sparrow Park,N/A,South End,304,Bike Rack,Post-and-ring,2,Y,0,N/A,POINT (-71.080293388999962 42.343452470000045),-71.080293388999962,42.343452470000045
Titus Sparrow Park,N/A,South End,304,Bike Rack,Post-and-ring,2,Y,0,N/A,POINT (-71.080280612999957 42.343458239000029),-71.080280612999957,42.343458239000029
Titus Sparrow Park,N/A,South End,304,Bike Rack,Post-and-ring,2,Y,0,N/A,POINT (-71.080269233999957 42.343463696000072),-71.080269233999957,42.343463696000072
Titus Sparrow Park,N/A,South End,304,Bike Rack,Post-and-ring,2,Y,0,N/A,POINT (-71.080254457999956 42.343468266000059),-71.080254457999956,42.343468266000059
Titus Sparrow Park,N/A,South End,304,Bike Rack,Wave,4,Y,0,N/A,POINT (-71.080733301999942 42.343406777000041),-71.080733301999942,42.343406777000041
Titus Sparrow Park,N/A,South End,304,Bike Rack,Wave,4,Y,0,N/A,POINT (-71.080690988999947 42.343443558000047),-71.080690988999947,42.343443558000047
Titus Sparrow Park,N/A,South End,304,Bike Rack,Wave,4,Y,0,N/A,POINT (-71.08065034599997 42.343479426000044),-71.080650345999970,42.343479426000044
Titus Sparrow Park,N/A,South End,304,Bike Rack,Wave,8,Y,0,N/A,POINT (-71.08042452899997 42.343694901000049),-71.080424528999970,42.343694901000049
Ramsay Park,N/A,Roxbury,254,Bike Rack,Post-and-ring,2,N,90,N/A,POINT (-71.079868741999974 42.334439050000071),-71.079868741999974,42.334439050000071
Ramsay Park,N/A,Roxbury,254,Bike Rack,Post-and-ring,2,N,90,N/A,POINT (-71.079839994999986 42.334459318000029),-71.079839994999986,42.334459318000029
Puopolo Playground,N/A,Central Boston,248,Bike Rack,Inverted U,2,N,90,N/A,POINT (-71.053884649999986 42.368163220000042),-71.053884649999986,42.368163220000042
Puopolo Playground,N/A,Central Boston,248,Bike Rack,Inverted U,2,N,90,N/A,POINT (-71.053865176999977 42.368199484000058),-71.053865176999977,42.368199484000058
Puopolo Playground,N/A,Central Boston,248,Bike Rack,Inverted U,2,N,90,N/A,POINT (-71.053854917999956 42.368224231000056),-71.053854917999956,42.368224231000056
O'Day Playground,N/A,South End,219,Bike Rack,Post-and-ring,2,Y,N/A,N/A,POINT (-71.075277644999971 42.340383688000031),-71.075277644999971,42.340383688000031
O'Day Playground,N/A,South End,219,Bike Rack,Post-and-ring,2,Y,N/A,N/A,POINT (-71.07525101899995 42.340399829000035),-71.075251018999950,42.340399829000035
O'Day Playground,N/A,South End,219,Bike Rack,Post-and-ring,2,Y,N/A,N/A,POINT (-71.075486975999979 42.340962424000054),-71.075486975999979,42.340962424000054
O'Day Playground,N/A,South End,219,Bike Rack,Post-and-ring,2,Y,N/A,N/A,POINT (-71.075476427999945 42.340968646000078),-71.075476427999945,42.340968646000078
O'Day Playground,N/A,South End,219,Bike Rack,Post-and-ring,2,Y,N/A,N/A,POINT (-71.075466178999989 42.340975350000065),-71.075466178999989,42.340975350000065
O'Day Playground,N/A,South End,219,Bike Rack,Post-and-ring,2,Y,N/A,N/A,POINT (-71.075457038999957 42.340981078000027),-71.075457038999957,42.340981078000027
Murphy Playground,N/A,Jamaica Plain,7277,Bike Rack,Post-and-ring,2,N,0,N/A,POINT (-71.113707778999981 42.307759121000061),-71.113707778999981,42.307759121000061
Murphy Playground,N/A,Jamaica Plain,7277,Bike Rack,Post-and-ring,2,N,0,N/A,POINT (-71.113678476999951 42.307760334000079),-71.113678476999951,42.307760334000079
Murphy Playground,N/A,Jamaica Plain,7277,Bike Rack,Post-and-ring,2,N,0,N/A,POINT (-71.112812362999989 42.307815914000059),-71.112812362999989,42.307815914000059
Murphy Playground,N/A,Jamaica Plain,7277,Bike Rack,Post-and-ring,2,N,0,N/A,POINT (-71.112810245999981 42.307794928000078),-71.112810245999981,42.307794928000078
Murphy Playground,N/A,Jamaica Plain,7277,Bike Rack,Post-and-ring,2,N,0,N/A,POINT (-71.112808670999982 42.307775608000043),-71.112808670999982,42.307775608000043
Mother's Rest at Four Corners,N/A,Dorchester,205,Bike Rack,Post-and-ring,2,Y,90,N/A,POINT (-71.072380793999969 42.297395428000073),-71.072380793999969,42.297395428000073
Mother's Rest at Four Corners,N/A,Dorchester,205,Bike Rack,Post-and-ring,2,Y,90,N/A,POINT (-71.072377493999966 42.297386362000054),-71.072377493999966,42.297386362000054
Mother's Rest at Four Corners,N/A,Dorchester,205,Bike Rack,Post-and-ring,2,Y,90,N/A,POINT (-71.072374293999985 42.297377647000076),-71.072374293999985,42.297377647000076
Mattahunt Woods I,N/A,Mattapan,1023,Bike Rack,Post-and-ring,2,N,0,N/A,POINT (-71.103738465999982 42.274425568000026),-71.103738465999982,42.274425568000026
Mattahunt Woods I,N/A,Mattapan,1023,Bike Rack,Post-and-ring,2,N,0,N/A,POINT (-71.103137181999955 42.273896311000044),-71.103137181999955,42.273896311000044
Mattahunt Woods I,N/A,Mattapan,1023,Bike Rack,Post-and-ring,2,N,0,N/A,POINT (-71.103882802999976 42.273209386000076),-71.103882802999976,42.273209386000076
Mattahunt Woods I,N/A,Mattapan,1023,Bike Rack,Post-and-ring,2,N,0,N/A,POINT (-71.103985816999966 42.27212951100006),-71.103985816999966,42.272129511000060
Mattahunt Woods I,N/A,Mattapan,1023,Bike Rack,Post-and-ring,2,N,0,N/A,POINT (-71.104343434999976 42.272198737000053),-71.104343434999976,42.272198737000053
Hunt Playground,N/A,Mattapan,6,Bike Rack,Inverted U,2,N,N/A,N/A,POINT (-71.096105634999958 42.275407298000061),-71.096105634999958,42.275407298000061
Hunt Playground,N/A,Mattapan,6,Bike Rack,Inverted U,2,N,N/A,N/A,POINT (-71.096099211999956 42.275417195000045),-71.096099211999956,42.275417195000045
Hunt Playground,N/A,Mattapan,6,Bike Rack,Inverted U,2,N,N/A,N/A,POINT (-71.096089641999981 42.275421886000061),-71.096089641999981,42.275421886000061
Franklin Park,N/A,Jamaica Plain,124,Bike Rack,Post-and-ring,2,Y,90,N/A,POINT (-71.098554803999946 42.297791674000052),-71.098554803999946,42.297791674000052
Franklin Park,N/A,Jamaica Plain,124,Bike Rack,Post-and-ring,2,Y,90,N/A,POINT (-71.09854394499996 42.297794730000078),-71.098543944999960,42.297794730000078
Franklin Park,N/A,Jamaica Plain,124,Bike Rack,Post-and-ring,2,Y,45,N/A,POINT (-71.091545250999957 42.30905638400003),-71.091545250999957,42.309056384000030
Franklin Park,N/A,Jamaica Plain,124,Bike Rack,Post-and-ring,2,Y,45,N/A,POINT (-71.091537676999963 42.309052992000034),-71.091537676999963,42.309052992000034
Franklin Park,N/A,Jamaica Plain,124,Bike Rack,Post-and-ring,2,Y,45,N/A,POINT (-71.091529747999971 42.309049255000048),-71.091529747999971,42.309049255000048
Flaherty Playground,N/A,Jamaica Plain,119,Bike Rack,Post-and-ring,2,N,90,N/A,POINT (-71.103956901999936 42.311752118000072),-71.103956901999936,42.311752118000072
Flaherty Playground,N/A,Jamaica Plain,119,Bike Rack,Post-and-ring,2,N,90,N/A,POINT (-71.103948567999964 42.311761346000026),-71.103948567999964,42.311761346000026
Flaherty Playground,N/A,Jamaica Plain,119,Bike Rack,Post-and-ring,2,N,90,N/A,POINT (-71.10394129499997 42.311768322000034),-71.103941294999970,42.311768322000034
Flaherty Playground,N/A,Jamaica Plain,119,Bike Rack,Post-and-ring,2,N,90,N/A,POINT (-71.103933170999937 42.311776622000025),-71.103933170999937,42.311776622000025
Doherty/Gibson Playground,N/A,Dorchester,88,Bike Rack,Inverted U,2,N,90,N/A,POINT (-71.06131028599998 42.297380906000058),-71.061310285999980,42.297380906000058
Doherty/Gibson Playground,N/A,Dorchester,88,Bike Rack,Inverted U,2,N,90,N/A,POINT (-71.061336724999933 42.297389609000049),-71.061336724999933,42.297389609000049
Doherty/Gibson Playground,N/A,Dorchester,88,Bike Rack,Inverted U,2,N,90,N/A,POINT (-71.061323032999951 42.297385734000045),-71.061323032999951,42.297385734000045
Doherty/Gibson Playground,N/A,Dorchester,88,Bike Rack,Inverted U,2,N,90,N/A,POINT (-71.06135096099996 42.297392491000039),-71.061350960999960,42.297392491000039
Doherty/Gibson Playground,N/A,Dorchester,88,Bike Rack,Inverted U,2,N,90,N/A,POINT (-71.061300217999985 42.297375376000048),-71.061300217999985,42.297375376000048
Doherty/Gibson Playground,N/A,Dorchester,88,Bike Rack,Inverted U,2,N,90,N/A,POINT (-71.061289980999959 42.297370613000055),-71.061289980999959,42.297370613000055
Codman Square Park,N/A,Dorchester,7279,Bike Rack,Post-and-ring,2,N,45,N/A,POINT (-71.071025979999945 42.29026392600008),-71.071025979999945,42.290263926000080
Codman Square Park,N/A,Dorchester,7279,Bike Rack,Post-and-ring,2,N,45,N/A,POINT (-71.071016490999966 42.290259852000077),-71.071016490999966,42.290259852000077
Back Bay Fens,N/A,Fenway/Longwood,13,Bike Rack,Post-and-ring,2,Y,90,N/A,POINT (-71.092550427999981 42.34142838300005),-71.092550427999981,42.341428383000050
Back Bay Fens,N/A,Fenway/Longwood,13,Bike Rack,Post-and-ring,2,Y,90,N/A,POINT (-71.09254204399997 42.34142444500003),-71.092542043999970,42.341424445000030
Back Bay Fens,N/A,Fenway/Longwood,13,Bike Rack,Post-and-ring,2,Y,90,N/A,POINT (-71.092534473999933 42.341419908000034),-71.092534473999933,42.341419908000034
Back Bay Fens,N/A,Fenway/Longwood,13,Bike Rack,Post-and-ring,2,Y,90,N/A,POINT (-71.092529284999955 42.341416206000076),-71.092529284999955,42.341416206000076
Ringer Playground,N/A,Allston-Brighton,259,Athletic Seating,Players Bench,Companion Seating ,UA,N/A,N/A,POINT (-71.137202324999976 42.351006568000059),-71.137202324999976,42.351006568000059
Hardiman Playground,N/A,Allston-Brighton,143,Athletic Seating,Dugout,No Companion Seating ,UA,N/A,N/A,POINT (-71.166389824999953 42.351126929000031),-71.166389824999953,42.351126929000031
Rogers Park,N/A,Allston-Brighton,267,Athletic Seating,Dugout,No Companion Seating ,UA,N/A,N/A,POINT (-71.160410707999972 42.348415300000056),-71.160410707999972,42.348415300000056
Rotch Playground,N/A,South End,272,Athletic Seating,Bleacher ,Companion Seating ,UA,N/A,N/A,POINT (-71.064421662999962 42.341398752000032),-71.064421662999962,42.341398752000032
Rotch Playground,N/A,South End,272,Athletic Seating,Dugout,No Companion Seating ,Covered,N/A,N/A,POINT (-71.064855170999977 42.341769912000075),-71.064855170999977,42.341769912000075
Arnold Arboretum,N/A,Roslindale,11,Drinking Fountain,"Pet,Bottle Filler,Drinking",N/A,N/A,N/A,N/A,POINT (-71.128148666999948 42.295438059000048),-71.128148666999948,42.295438059000048
Angell Memorial Square,N/A,Central Boston,10,Ornamental Fountain,George Thorndike Angell Memorial,N/A,N/A,N/A,N/A,POINT (-71.056090939999933 42.356990221000046),-71.056090939999933,42.356990221000046
Back Bay Fens,Kelleher Rose Garden,Fenway/Longwood,13,Ornamental Fountain,N/A,N/A,N/A,N/A,N/A,POINT (-71.094889870999964 42.341927293000026),-71.094889870999964,42.341927293000026
Bay Village Neighborhood Park,N/A,Central Boston,2108,Ornamental Fountain,N/A,N/A,N/A,N/A,N/A,POINT (-71.066713788999948 42.349547869000048),-71.066713788999948,42.349547869000048
Bay Village Garden,N/A,Central Boston,16,Ornamental Fountain,N/A,N/A,N/A,N/A,N/A,POINT (-71.068344054999955 42.349133178000045),-71.068344054999955,42.349133178000045
Blackstone Square,N/A,South End,24,Ornamental Fountain,N/A,N/A,N/A,N/A,N/A,POINT (-71.073552123999946 42.339644821000036),-71.073552123999946,42.339644821000036
Boston Common,N/A,Back Bay/Beacon Hill,27,Ornamental Fountain,Brewer Fountain,N/A,N/A,N/A,N/A,POINT (-71.063098455999977 42.356187444000057),-71.063098455999977,42.356187444000057
Bradford Street Play Area,N/A,South End,30,Ornamental Fountain,N/A,N/A,N/A,N/A,N/A,POINT (-71.069078148999949 42.342720933000066),-71.069078148999949,42.342720933000066
Chester Square,N/A,Roxbury,53,Ornamental Fountain,N/A,N/A,N/A,N/A,N/A,POINT (-71.078973558999962 42.338397410000027),-71.078973558999962,42.338397410000027
Chester Square,N/A,Roxbury,53,Ornamental Fountain,N/A,N/A,N/A,N/A,N/A,POINT (-71.079338197999959 42.338149688000044),-71.079338197999959,42.338149688000044
Christopher Columbus Park,N/A,Central Boston,56,Ornamental Fountain,Rose Fitzgerald Kennedy Fountain,N/A,N/A,N/A,N/A,POINT (-71.052181652999934 42.360986732000072),-71.052181652999934,42.360986732000072
Concord Square,N/A,South End,65,Ornamental Fountain,N/A,N/A,N/A,N/A,N/A,POINT (-71.078864850999935 42.341333795000025),-71.078864850999935,42.341333795000025
Copley Square Park I,N/A,Back Bay/Beacon Hill,69,Ornamental Fountain,N/A,N/A,N/A,N/A,N/A,POINT (-71.076226498999972 42.350152746000049),-71.076226498999972,42.350152746000049
Coppens Square,N/A,Dorchester,70,Ornamental Fountain,Lyman Memorial Fountain,N/A,N/A,N/A,N/A,POINT (-71.064374284999985 42.308395614000062),-71.064374284999985,42.308395614000062
Franklin Park,N/A,Jamaica Plain,124,Ornamental Fountain,Fountain at Mother's Rest,N/A,N/A,N/A,N/A,POINT (-71.08829015799995 42.298670967000078),-71.088290157999950,42.298670967000078
Franklin Square,N/A,South End,126,Ornamental Fountain,N/A,N/A,N/A,N/A,N/A,POINT (-71.072546495999973 42.338800715000048),-71.072546495999973,42.338800715000048
Kittredge Park,N/A,Roxbury,172,Ornamental Fountain,William Lloyd Garrison Fountain,N/A,N/A,N/A,N/A,POINT (-71.092451254999958 42.32818368900007),-71.092451254999958,42.328183689000070
Paul Revere Mall,N/A,Central Boston,231,Ornamental Fountain,N/A,N/A,N/A,N/A,N/A,POINT (-71.053785885999957 42.365893261000053),-71.053785885999957,42.365893261000053
Public Garden,N/A,Back Bay/Beacon Hill,246,Ornamental Fountain,Ether Fountain,N/A,N/A,N/A,N/A,POINT (-71.071450398999957 42.354816579000044),-71.071450398999957,42.354816579000044
Public Garden,N/A,Back Bay/Beacon Hill,246,Ornamental Fountain,Small Child Fountain,N/A,N/A,N/A,N/A,POINT (-71.071324311999945 42.353871006000077),-71.071324311999945,42.353871006000077
Public Garden,N/A,Back Bay/Beacon Hill,246,Ornamental Fountain,Boy and Bird Fountain,N/A,N/A,N/A,N/A,POINT (-71.071206634999953 42.35361578900006),-71.071206634999953,42.353615789000060
Public Garden,N/A,Back Bay/Beacon Hill,246,Ornamental Fountain,George Robert White Memorial,N/A,N/A,N/A,N/A,POINT (-71.072132033999935 42.355338246000031),-71.072132033999935,42.355338246000031
Public Garden,N/A,Back Bay/Beacon Hill,246,Ornamental Fountain,Bagheera Fountain,N/A,N/A,N/A,N/A,POINT (-71.069160241999953 42.354117242000029),-71.069160241999953,42.354117242000029
Public Garden,N/A,Back Bay/Beacon Hill,246,Ornamental Fountain,Triton Babies Fountain,N/A,N/A,N/A,N/A,POINT (-71.069463367999958 42.354641581000067),-71.069463367999958,42.354641581000067
Rotch Playground,N/A,South End,272,Athletic Seating,Bleacher ,Companion Seating ,UA,N/A,N/A,POINT (-71.064548712999965 42.341439533000027),-71.064548712999965,42.341439533000027
Rotch Playground,N/A,South End,272,Athletic Seating,Players Bench,No Companion Seating ,UA,N/A,N/A,POINT (-71.063946274999978 42.342003917000056),-71.063946274999978,42.342003917000056
Rotch Playground,N/A,South End,272,Athletic Seating,Dugout,No Companion Seating ,Covered,N/A,N/A,POINT (-71.064740705999952 42.341494821000026),-71.064740705999952,42.341494821000026
Rev. Loesch Family Park,N/A,Dorchester,257,Athletic Seating,Bleacher ,Companion Seating ,UA,N/A,N/A,POINT (-71.066154832999985 42.290527501000042),-71.066154832999985,42.290527501000042
Moakley Park,N/A,South Boston,200,Athletic Seating,Dugout,No Companion Seating ,UA,N/A,N/A,POINT (-71.049815713999976 42.327761604000045),-71.049815713999976,42.327761604000045
Ross Playground,N/A,Hyde Park,270,Athletic Seating,Bleacher ,Companion Seating ,UA,N/A,N/A,POINT (-71.113939999999957 42.264535481000053),-71.113939999999957,42.264535481000053
English H.S. Athletic Fields,N/A,Jamaica Plain,107,Athletic Seating,Dugout,Companion Seating ,Covered,N/A,N/A,POINT (-71.108133368999972 42.307039907000046),-71.108133368999972,42.307039907000046
West Roxbury H.S. Athletic Fields,N/A,West Roxbury,318,Athletic Seating,Dugout,N/A,UA,N/A,N/A,POINT (-71.176959541999963 42.280876764000027),-71.176959541999963,42.280876764000027
DeFilippo Playground,N/A,Central Boston,81,Drinking Fountain,"Pet, Drinking",N/A,N/A,N/A,N/A,POINT (-71.056733230999953 42.36692282000007),-71.056733230999953,42.366922820000070
Ryan Playground,N/A,Charlestown,274,Restroom,Permanent Structure,N/A,Gendered,Stalls: 6,N/A,POINT (-71.072333713999967 42.385570916000063),-71.072333713999967,42.385570916000063
Doherty/Gibson Playground,N/A,Dorchester,88,Restroom,Permanent Structure,N/A,UA,UA,N/A,POINT (-71.061243520999938 42.297520611000039),-71.061243520999938,42.297520611000039
Garvey Playground,N/A,Dorchester,130,Restroom,Permanent Structure,N/A,UA,UA,N/A,POINT (-71.044924178999963 42.288231281000037),-71.044924178999963,42.288231281000037
Arnold Arboretum,N/A,Roslindale,11,Drinking Fountain,"Pet,Bottle Filler,Drinking",N/A,N/A,N/A,N/A,POINT (-71.124726540999973 42.294487376000063),-71.124726540999973,42.294487376000063
Moakley Park,N/A,South Boston,200,Athletic Seating,Dugout,No Companion Seating ,UA,N/A,N/A,POINT (-71.048765902999946 42.329057444000057),-71.048765902999946,42.329057444000057
Titus Sparrow Park,N/A,South End,304,Basketball,Full,N/A,N/A,N/A,N/A,POINT (-71.080231028999947 42.343621358000064),-71.080231028999947,42.343621358000064
Titus Sparrow Park,N/A,South End,304,Basketball,Half,N/A,N/A,N/A,N/A,POINT (-71.080265053999938 42.343535131000067),-71.080265053999938,42.343535131000067
Titus Sparrow Park,N/A,South End,304,Tennis,Full,N/A,N/A,N/A,N/A,POINT (-71.080599732999985 42.343396560000031),-71.080599732999985,42.343396560000031
Titus Sparrow Park,N/A,South End,304,Playground,PIP Rubber,bucket swing,N/A,N/A,"2-5,5-12",POINT (-71.079371695999953 42.34333517500005),-71.079371695999953,42.343335175000050
Ross Playground,N/A,Hyde Park,270,Athletic Seating,Dugout,No Companion Seating ,UA,N/A,N/A,POINT (-71.113947592999978 42.264609919000065),-71.113947592999978,42.264609919000065
Ross Playground,N/A,Hyde Park,270,Athletic Seating,Dugout,No Companion Seating ,UA,N/A,N/A,POINT (-71.112506211999971 42.26503955000004),-71.112506211999971,42.265039550000040
Ross Playground,N/A,Hyde Park,270,Athletic Seating,Dugout,No Companion Seating ,UA,N/A,N/A,POINT (-71.112884360999942 42.265129424000065),-71.112884360999942,42.265129424000065
Nonquit Street Green,N/A,Dorchester,7272,Drinking Fountain,Drinking,N/A,N/A,N/A,N/A,POINT (-71.068374784999946 42.318052158000057),-71.068374784999946,42.318052158000057
Ramsay Park,N/A,Roxbury,254,Drinking Fountain,"Bottle Filler,Drinking",N/A,N/A,N/A,N/A,POINT (-71.079828382999949 42.334977146000028),-71.079828382999949,42.334977146000028
DeFilippo Playground,N/A,Central Boston,81,Drinking Fountain,"Pet, Drinking",N/A,N/A,N/A,N/A,POINT (-71.056777982999961 42.366815840000072),-71.056777982999961,42.366815840000072
Billings Field,N/A,West Roxbury,23,Restroom,Permanent Structure,N/A,Gendered,Stalls: 4,N/A,POINT (-71.156883525999945 42.280262434000065),-71.156883525999945,42.280262434000065
O'Day Playground,N/A,South End,219,Spray Play,UA,Spray,N/A,N/A,N/A,POINT (-71.075077307999948 42.340699677000032),-71.075077307999948,42.340699677000032
Moakley Park,N/A,South Boston,200,Athletic Seating,Dugout,No Companion Seating ,UA,N/A,N/A,POINT (-71.050058322999973 42.327939571000059),-71.050058322999973,42.327939571000059
Ross Playground,N/A,Hyde Park,270,Athletic Seating,Dugout,No Companion Seating ,UA,N/A,N/A,POINT (-71.113829639999949 42.264822645000038),-71.113829639999949,42.264822645000038
Ross Playground,N/A,Hyde Park,270,Athletic Seating,Dugout,No Companion Seating ,UA,N/A,N/A,POINT (-71.112968874999979 42.263307035000025),-71.112968874999979,42.263307035000025
English H.S. Athletic Fields,N/A,Jamaica Plain,107,Athletic Seating,Bleacher,No Companion Seating ,UA,N/A,N/A,POINT (-71.108523197999943 42.307399134000036),-71.108523197999943,42.307399134000036
Jamaica Pond Park,N/A,Jamaica Plain,163,Drinking Fountain,"Pet,Bottle Filler,Drinking",N/A,N/A,N/A,N/A,POINT (-71.119713014999945 42.321250704000079),-71.119713014999945,42.321250704000079
Jamaica Pond Park,N/A,Jamaica Plain,163,Drinking Fountain,"Pet,Bottle Filler,Drinking",N/A,N/A,N/A,N/A,POINT (-71.117547988999945 42.315655993000064),-71.117547988999945,42.315655993000064
Ross Playground,N/A,Hyde Park,270,Athletic Seating,Dugout,No Companion Seating ,UA,N/A,N/A,POINT (-71.111759651999932 42.263542869000048),-71.111759651999932,42.263542869000048
Millennium Park I,N/A,West Roxbury,198,Playground,PIP Rubber,Bucket Swing,N/A,N/A,"0-2,2-5,5-12",POINT (-71.181101148999971 42.282557561000033),-71.181101148999971,42.282557561000033
Millennium Park I,N/A,West Roxbury,198,Athletic Field,Soccer,N/A,Natural Turf,UA,N/A,POINT (-71.179157404999955 42.281927016000054),-71.179157404999955,42.281927016000054
Millennium Park I,N/A,West Roxbury,198,Athletic Field,Soccer,N/A,Natural Turf,UA,N/A,POINT (-71.182511973999965 42.281707536000056),-71.182511973999965,42.281707536000056
Millennium Park I,N/A,West Roxbury,198,Athletic Field,Soccer,N/A,Natural Turf,UA,N/A,POINT (-71.179910463999988 42.283066635000068),-71.179910463999988,42.283066635000068
Millennium Park I,N/A,West Roxbury,198,Parking Lot,N/A,8,158,N/A,N/A,POINT (-71.180820973999971 42.281598975000065),-71.180820973999971,42.281598975000065
Millennium Park I,N/A,West Roxbury,198,Drinking Fountain,"Pet,Bottle Filler,Drinking",N/A,N/A,N/A,N/A,POINT (-71.180506159999936 42.282349128000078),-71.180506159999936,42.282349128000078
Millennium Park I,N/A,West Roxbury,198,Fitness Equipment,N/A,N/A,N/A,N/A,N/A,POINT (-71.178499373999955 42.283691345000079),-71.178499373999955,42.283691345000079
Millennium Park I,N/A,West Roxbury,198,Parking Lot,N/A,4,63,N/A,N/A,POINT (-71.178259203999971 42.283423910000067),-71.178259203999971,42.283423910000067
Millennium Park I,N/A,West Roxbury,198,Parking Lot,N/A,4,56,N/A,N/A,POINT (-71.177808359999972 42.282357834000038),-71.177808359999972,42.282357834000038
Millennium Park I,N/A,West Roxbury,198,Parking Lot,N/A,4,53,N/A,N/A,POINT (-71.184358084999985 42.280351264000046),-71.184358084999985,42.280351264000046
Millennium Park I,N/A,West Roxbury,198,Restroom,Covered Portable Restroom Pad,N/A,N/A,Pad Capacity: 3,N/A,POINT (-71.181016365999938 42.282159600000057),-71.181016365999938,42.282159600000057
West Roxbury H.S. Athletic Fields,N/A,West Roxbury,318,Tennis,Full,N/A,N/A,N/A,N/A,POINT (-71.175785295999958 42.282106415000044),-71.175785295999958,42.282106415000044
West Roxbury H.S. Athletic Fields,N/A,West Roxbury,318,Basketball,Half,N/A,N/A,N/A,N/A,POINT (-71.175961014999984 42.28221155500006),-71.175961014999984,42.282211555000060
West Roxbury H.S. Athletic Fields,N/A,West Roxbury,318,Basketball,Half,N/A,N/A,N/A,N/A,POINT (-71.175760714999967 42.282275015000039),-71.175760714999967,42.282275015000039
West Roxbury H.S. Athletic Fields,N/A,West Roxbury,318,Tennis,Full,Pickleball x 1,N/A,N/A,N/A,POINT (-71.175938187999975 42.28256611900008),-71.175938187999975,42.282566119000080
West Roxbury H.S. Athletic Fields,N/A,West Roxbury,318,Athletic Field,Combo,"Soccer,Football,Lacrosse",Artificial Turf,N/A,N/A,POINT (-71.176637324999945 42.282612525000047),-71.176637324999945,42.282612525000047
West Roxbury H.S. Athletic Fields,N/A,West Roxbury,318,Athletic Field,Softball,N/A,Artificial Turf,N/A,N/A,POINT (-71.175652665999962 42.281791865000059),-71.175652665999962,42.281791865000059
West Roxbury H.S. Athletic Fields,N/A,West Roxbury,318,Athletic Field,Baseball,N/A,Artificial Turf,N/A,N/A,POINT (-71.17670256599996 42.28085754600005),-71.176702565999960,42.280857546000050
West Roxbury H.S. Athletic Fields,N/A,West Roxbury,318,Athletic Field,Soccer,N/A,Artificial Turf,N/A,N/A,POINT (-71.175993889999972 42.281239051000057),-71.175993889999972,42.281239051000057
West Roxbury H.S. Athletic Fields,N/A,West Roxbury,318,Athletic Seating,Bleacher,No Companion Seating,UA,N/A,N/A,POINT (-71.175455864999947 42.281902755000033),-71.175455864999947,42.281902755000033
West Roxbury H.S. Athletic Fields,N/A,West Roxbury,318,Athletic Seating,Bleacher,Companion Seating,UA,N/A,N/A,POINT (-71.176106775999983 42.282700595000051),-71.176106775999983,42.282700595000051
West Roxbury H.S. Athletic Fields,N/A,West Roxbury,318,Athletic Seating,Bleacher,Companion Seating,UA,N/A,N/A,POINT (-71.176779444999966 42.280642185000033),-71.176779444999966,42.280642185000033
West Roxbury H.S. Athletic Fields,N/A,West Roxbury,318,Athletic Seating,Bleacher,Companion Seating,UA,N/A,N/A,POINT (-71.176970764999965 42.280789706000064),-71.176970764999965,42.280789706000064
West Roxbury H.S. Athletic Fields,N/A,West Roxbury,318,Athletic Seating,Bleacher,No Companion Seating,UA,N/A,N/A,POINT (-71.175714315999983 42.281971106000071),-71.175714315999983,42.281971106000071
West Roxbury H.S. Athletic Fields,N/A,West Roxbury,318,Tennis,Full,Pickleball x 1,N/A,N/A,N/A,POINT (-71.175963044999946 42.282897425000044),-71.175963044999946,42.282897425000044
West Roxbury H.S. Athletic Fields,N/A,West Roxbury,318,Athletic Seating,Dugout,N/A,UA,N/A,N/A,POINT (-71.176634386999979 42.28066023000008),-71.176634386999979,42.280660230000080
West Roxbury H.S. Athletic Fields,N/A,West Roxbury,318,Athletic Seating,Dugout,N/A,UA,N/A,N/A,POINT (-71.175409979999984 42.281811879000031),-71.175409979999984,42.281811879000031
West Roxbury H.S. Athletic Fields,N/A,West Roxbury,318,Athletic Seating,Dugout,N/A,UA,N/A,N/A,POINT (-71.175840960999949 42.28193675700004),-71.175840960999949,42.281936757000040
Hardiman Playground,N/A,Allston-Brighton,143,Flagpole,Unlit ,35,N/A,USA 5X8,N/A,POINT (-71.165871429999982 42.351503131000072),-71.165871429999982,42.351503131000072
Ronan Park,N/A,Dorchester,268,Flagpole,Unlit ,25,Aluminum ,USA 5X8,N/A,POINT (-71.063434448999942 42.304680796000071),-71.063434448999942,42.304680796000071
Ceylon Park,N/A,Dorchester,49,Athletic Field,Combo,"Soccer,Lacrosse",Artificial Turf,N/A,N/A,POINT (-71.073527341999977 42.310302590000049),-71.073527341999977,42.310302590000049
Ross Playground,N/A,Hyde Park,270,Flagpole,Unlit ,30,Aluminum ,USA 5X8,N/A,POINT (-71.112989341999935 42.263090807000026),-71.112989341999935,42.263090807000026
Clifford Playground,N/A,Roxbury,59,Flagpole,N/A,N/A,N/A,USA 5X8,N/A,POINT (-71.067148634999967 42.326879835000057),-71.067148634999967,42.326879835000057
Rogers Park,N/A,Allston-Brighton,267,Flagpole,Unlit,35,Aluminum ,N/A,N/A,POINT (-71.159176792999972 42.347661287000051),-71.159176792999972,42.347661287000051
Portsmouth Street Playground,N/A,Allston-Brighton,243,Flagpole,Unlit ,30,Aluminum ,N/A,N/A,POINT (-71.144901755999967 42.359284611000078),-71.144901755999967,42.359284611000078
Byrne Playground,N/A,Dorchester,39,Flagpole,Unlit ,40,Aluminum ,N/A,N/A,POINT (-71.051798582999936 42.300900949000038),-71.051798582999936,42.300900949000038
Flaherty Playground,N/A,Jamaica Plain,119,Drinking Fountain,"Pet,Bottle Filler,Drinking",N/A,N/A,N/A,N/A,POINT (-71.104181509999933 42.31181295500005),-71.104181509999933,42.311812955000050
Flaherty Playground,N/A,Jamaica Plain,119,Dog Park,All Dogs,N/A,N/A,N/A,N/A,POINT (-71.104392684999937 42.311789606000048),-71.104392684999937,42.311789606000048
Flaherty Playground,N/A,Jamaica Plain,119,Drinking Fountain,"Bottle Filler,Drinking",N/A,N/A,N/A,N/A,POINT (-71.104237888999933 42.311502752000081),-71.104237888999933,42.311502752000081
Flaherty Playground,N/A,Jamaica Plain,119,Playground,PIP Rubber,N/A,N/A,N/A,5-12,POINT (-71.104417514999966 42.311457068000038),-71.104417514999966,42.311457068000038
Long Island Courts,N/A,Harbor Islands,7286,Tennis,Full,Pickleball x1,N/A,N/A,N/A,POINT (-70.958654970999987 42.329036887000029),-70.958654970999987,42.329036887000029
Long Island Courts,N/A,Harbor Islands,7286,Tennis,Full,Pickleball x1,N/A,N/A,N/A,POINT (-70.958749187999956 42.328920685000071),-70.958749187999956,42.328920685000071
Long Island Courts,N/A,Harbor Islands,7286,Basketball,Full,N/A,N/A,N/A,N/A,POINT (-70.958966718999989 42.328706050000051),-70.958966718999989,42.328706050000051
Long Island Courts,N/A,Harbor Islands,7286,Basketball,Full,N/A,N/A,N/A,N/A,POINT (-70.959082961999968 42.32857910000007),-70.959082961999968,42.328579100000070
Murphy Playground,N/A,Jamaica Plain,7277,Athletic Field,Combo,"Little League,Softball,Soccer",Natural Turf,N/A,N/A,POINT (-71.113281849999964 42.307342318000053),-71.113281849999964,42.307342318000053
Murphy Playground,N/A,Jamaica Plain,7277,Drinking Fountain,"Drinking,BottleFiller",N/A,N/A,N/A,N/A,POINT (-71.113760473999946 42.306992849000039),-71.113760473999946,42.306992849000039
Murphy Playground,N/A,Jamaica Plain,7277,Athletic Seating,Dugout,Companion Seating,UA,N/A,N/A,POINT (-71.113698442999976 42.307089337000036),-71.113698442999976,42.307089337000036
Murphy Playground,N/A,Jamaica Plain,7277,Athletic Seating,Dugout,Companion Seating,UA,N/A,N/A,POINT (-71.113524602999973 42.306908288000045),-71.113524602999973,42.306908288000045
Murphy Playground,N/A,Jamaica Plain,7277,Athletic Seating,Bleacher,Companion Seating,UA,N/A,N/A,POINT (-71.11379003199994 42.307230269000058),-71.113790031999940,42.307230269000058
Oak Square,N/A,Allston-Brighton,217,Flagpole,Unlit,80,Aluminum ,"USA 6X10, MIA 5X8",N/A,POINT (-71.167998412999964 42.350847177000048),-71.167998412999964,42.350847177000048
Martin/Hilltop Playground,N/A,Dorchester,189,Flagpole,Unlit ,20,Aluminum ,USA 5X8,N/A,POINT (-71.052729449999958 42.279267640000057),-71.052729449999958,42.279267640000057
Parkman Playground,N/A,Jamaica Plain,229,Flagpole,Unlit ,45,Aluminum ,N/A,N/A,POINT (-71.112973791999934 42.29642341400006),-71.112973791999934,42.296423414000060
George Wright Golf Course,N/A,Hyde Park,132,Flagpole,Unlit ,90,Aluminum ,N/A,N/A,POINT (-71.132758526999964 42.268513410000025),-71.132758526999964,42.268513410000025
John Harvard Mall,N/A,Charlestown,145,Flagpole,N/A,N/A,N/A,USA 5X8,N/A,POINT (-71.062580107999963 42.372580102000029),-71.062580107999963,42.372580102000029
Hayes Square,N/A,Charlestown,148,Flagpole,N/A,N/A,N/A,USA 5X8,N/A,POINT (-71.056930431999945 42.376933722000047),-71.056930431999945,42.376933722000047
Maverick Square,N/A,East Boston,8016,Flagpole,N/A,N/A,N/A,USA 5X8,N/A,POINT (-71.038863008999954 42.369977099000039),-71.038863008999954,42.369977099000039
Central Square,N/A,East Boston,48,Flagpole,N/A,N/A,N/A,USA 5X8,N/A,POINT (-71.039345633999972 42.374417717000028),-71.039345633999972,42.374417717000028
Brophy Park,N/A,East Boston,33,Flagpole,N/A,N/A,N/A,USA 5X8,N/A,POINT (-71.03371545899995 42.365485417000059),-71.033715458999950,42.365485417000059
Noyes Playground,N/A,East Boston,216,Flagpole,N/A,N/A,N/A,USA 5X8,N/A,POINT (-71.009897596999963 42.387853095000025),-71.009897596999963,42.387853095000025
Copp's Hill Burying Ground,N/A,Central Boston,71,Flagpole,N/A,N/A,N/A,USA 5X8,N/A,POINT (-71.05609067599994 42.36698321700004),-71.056090675999940,42.366983217000040
Langone Park,N/A,Central Boston,175,Flagpole,N/A,N/A,N/A,USA 5X8,N/A,POINT (-71.056193665999956 42.368908088000069),-71.056193665999956,42.368908088000069
Harambee Park,N/A,Dorchester,142,Flagpole,N/A,N/A,N/A,USA 6X10,N/A,POINT (-71.084286988999963 42.290965690000064),-71.084286988999963,42.290965690000064
Neponset River Reservation I,N/A,Multi-District,3101,Flagpole,N/A,N/A,N/A,USA 5X8,N/A,POINT (-71.094190302999948 42.267320105000067),-71.094190302999948,42.267320105000067
Franklin Park,N/A,Roxbury,124,Flagpole,N/A,N/A,N/A,USA 5X8,N/A,POINT (-71.089060379999978 42.300892860000033),-71.089060379999978,42.300892860000033
Riverway I,N/A,Fenway/Longwood,263,Flagpole,N/A,N/A,N/A,USA 5X8,N/A,POINT (-71.10439833199996 42.344615670000053),-71.104398331999960,42.344615670000053
Soldier's Monument,N/A,Jamaica Plain,341,Flagpole,N/A,N/A,N/A,USA 5X8,N/A,POINT (-71.116015114999982 42.309317916000055),-71.116015114999982,42.309317916000055
Mahoney Square,N/A,Jamaica Plain,185,Flagpole,N/A,N/A,N/A,N/A,N/A,POINT (-71.109931396999968 42.321885222000049),-71.109931396999968,42.321885222000049
Public Garden,N/A,Back Bay/Beacon Hill,246,Flagpole,N/A,N/A,N/A,USA 6X10,N/A,POINT (-71.068597720999946 42.353600592000078),-71.068597720999946,42.353600592000078
Charlestown H.S. Athletic Fields,N/A,Charlestown,51,Flagpole,Unlit ,40,Aluminum ,USA 5X8,N/A,POINT (-71.06014029399995 42.381312832000049),-71.060140293999950,42.381312832000049
Ryan Play Area,N/A,Dorchester,275,Flagpole,Lit,50,Aluminum ,USA 5X8,N/A,POINT (-71.05648322199994 42.31765443200004),-71.056483221999940,42.317654432000040
Dell Rock,N/A,Hyde Park,84,Flagpole,Unlit ,35,Aluminum ,USA 5X8,N/A,POINT (-71.122313350999946 42.26033306000005),-71.122313350999946,42.260333060000050
Moakley Park,N/A,South Boston,200,Flagpole,N/A,N/A,N/A,USA 3X5,N/A,POINT (-71.050393679999956 42.324528407000059),-71.050393679999956,42.324528407000059
Boston Common,N/A,Back Bay/Beacon Hill,27,Flagpole,N/A,N/A,N/A,USA 6X10,N/A,POINT (-71.066638091999948 42.354452953000077),-71.066638091999948,42.354452953000077
Elliot Norton Park,N/A,Central Boston,104,Flagpole,N/A,N/A,N/A,USA 5X8,N/A,POINT (-71.066244776999952 42.349227924000047),-71.066244776999952,42.349227924000047
Elliot Norton Park,N/A,Central Boston,104,Flagpole,N/A,N/A,N/A,MIA 5X8,N/A,POINT (-71.066238436999981 42.349181550000026),-71.066238436999981,42.349181550000026
Blackstone Square,N/A,South End,24,Flagpole,Lit,75,Aluminum ,USA 6X10,N/A,POINT (-71.073318658999938 42.339428669000029),-71.073318658999938,42.339428669000029
Day Square,N/A,East Boston,2009,Flagpole,N/A,N/A,N/A,USA 5X8,N/A,POINT (-71.028001144999962 42.379058460000067),-71.028001144999962,42.379058460000067
East Boston Memorial Park I,N/A,East Boston,98,Flagpole,Unlit ,30,Aluminum ,USA 5X8,N/A,POINT (-71.028536008999936 42.370848056000057),-71.028536008999936,42.370848056000057
East Boston Memorial Park I,N/A,East Boston,98,Flagpole,Unlit ,25,Aluminum ,MIA 3X5,N/A,POINT (-71.028565468999943 42.370830200000057),-71.028565468999943,42.370830200000057
East Boston Memorial Park I,N/A,East Boston,98,Flagpole,Unlit ,25,Aluminum ,COB 3X5,N/A,POINT (-71.028506951999987 42.370864464000078),-71.028506951999987,42.370864464000078
Medal of Honor Park,N/A,South Boston,196,Flagpole,Lit,35,Aluminum ,USA 5X8,N/A,POINT (-71.032357055999967 42.336656745000028),-71.032357055999967,42.336656745000028
Medal of Honor Park,N/A,South Boston,196,Flagpole,Lit,30,Aluminum ,COB 5X8,N/A,POINT (-71.032401017999973 42.336647012000071),-71.032401017999973,42.336647012000071
Medal of Honor Park,N/A,South Boston,196,Flagpole,Lit,30,Aluminum ,MIA 5X8,N/A,POINT (-71.03231419399998 42.336646659000053),-71.032314193999980,42.336646659000053
McConnell Park,N/A,Dorchester,191,Flagpole,N/A,N/A,N/A,USA 5X8,N/A,POINT (-71.052069195999934 42.308527875000038),-71.052069195999934,42.308527875000038
Daniel E. O'Connor Park,N/A,Dorchester,242,Flagpole,Unlit ,50,Aluminum ,USA 5X8,N/A,POINT (-71.040416379999954 42.288542199000062),-71.040416379999954,42.288542199000062
Walsh Playground,N/A,Mattapan,312,Flagpole,N/A,N/A,N/A,USA 3X5,N/A,POINT (-71.06970813199996 42.276751905000026),-71.069708131999960,42.276751905000026
John Eliot Square,N/A,Roxbury,2007,Flagpole,N/A,N/A,N/A,USA 5X8,N/A,POINT (-71.091017737999948 42.329984545000059),-71.091017737999948,42.329984545000059
Jeremiah Hurley Memorial Park,N/A,Hyde Park,166,Flagpole,Unlit ,40,Aluminum ,"USA 5X8, MIA 3X5",N/A,POINT (-71.132382226999937 42.237421683000036),-71.132382226999937,42.237421683000036
Cleary Square Plaza,N/A,Hyde Park,8034,Flagpole,N/A,N/A,N/A,"USA 5X8, MIA 3X5",N/A,POINT (-71.124374004999936 42.255650966000076),-71.124374004999936,42.255650966000076
James Michael Curley House,N/A,Jamaica Plain,8022,Flagpole,N/A,N/A,N/A,USA 5X8,N/A,POINT (-71.116863226999953 42.319700070000067),-71.116863226999953,42.319700070000067
Jamaica Pond Park,N/A,Jamaica Plain,163,Flagpole,Unlit ,30,Aluminum ,USA 5X8,N/A,POINT (-71.117434923999951 42.315631499000062),-71.117434923999951,42.315631499000062
Adams Park,N/A,Roslindale,1,Flagpole,Unlit ,45,Aluminum ,,N/A,POINT (-71.128534547999948 42.286494984000058),-71.128534547999948,42.286494984000058
West Roxbury H.S. Athletic Fields,N/A,West Roxbury,318,Flagpole,Lit,30,Fiberglass ,USA 5X8,N/A,POINT (-71.176646809999966 42.281800889000067),-71.176646809999966,42.281800889000067
Ramsay Park,N/A,Roxbury,254,Athletic Seating,Dugout,No Companion Seating,Covered (perforated),N/A,N/A,POINT (-71.080576403999942 42.333990332000042),-71.080576403999942,42.333990332000042
Ramsay Park,N/A,Roxbury,254,Athletic Seating,Dugout,No Companion Seating,Covered (perforated),N/A,N/A,POINT (-71.080553402999954 42.334015332000035),-71.080553402999954,42.334015332000035
Ramsay Park,N/A,Roxbury,254,Athletic Seating,Bleacher,No Companion Seating,UA,N/A,N/A,POINT (-71.080651402999933 42.333906332000026),-71.080651402999933,42.333906332000026
Ramsay Park,N/A,Roxbury,254,Athletic Seating,Players Bench,No Companion Seating,UA,N/A,N/A,POINT (-71.080823403999943 42.333814333000078),-71.080823403999943,42.333814333000078
Ramsay Park,N/A,Roxbury,254,Athletic Seating,Bleacher,No Companion Seating,UA,N/A,N/A,POINT (-71.081056402999934 42.333865332000073),-71.081056402999934,42.333865332000073
Ramsay Park,N/A,Roxbury,254,Athletic Seating,Dugout,No Companion Seating,Covered (perforated),N/A,N/A,POINT (-71.081176402999972 42.33392733200003),-71.081176402999972,42.333927332000030
Ramsay Park,N/A,Roxbury,254,Athletic Seating,Dugout,No Companion Seating,Covered (perforated),N/A,N/A,POINT (-71.081143403999988 42.333910332000073),-71.081143403999988,42.333910332000073
Christopher Lee Playground,N/A,South Boston,57,Athletic Seating,Dugout,No Companion Seating,Covered (perforated),N/A,N/A,POINT (-71.031206419999933 42.337730330000056),-71.031206419999933,42.337730330000056
Christopher Lee Playground,N/A,South Boston,57,Athletic Seating,Dugout,No Companion Seating,Covered (perforated),N/A,N/A,POINT (-71.031206419999933 42.337697330000026),-71.031206419999933,42.337697330000026
Christopher Lee Playground,N/A,South Boston,57,Athletic Seating,Dugout,No Companion Seating,Covered (perforated),N/A,N/A,POINT (-71.030919419999975 42.337487330000044),-71.030919419999975,42.337487330000044
Christopher Lee Playground,N/A,South Boston,57,Athletic Seating,Dugout,No Companion Seating,Covered (perforated),N/A,N/A,POINT (-71.030875418999983 42.337487330000044),-71.030875418999983,42.337487330000044
Christopher Lee Playground,N/A,South Boston,57,Athletic Seating,Bleacher,No Companion Seating,UA,N/A,N/A,POINT (-71.031204419999938 42.33756733000007),-71.031204419999938,42.337567330000070
Christopher Lee Playground,N/A,South Boston,57,Athletic Seating,Bleacher,No Companion Seating,UA,N/A,N/A,POINT (-71.031095418999939 42.337487330000044),-71.031095418999939,42.337487330000044
Christopher Lee Playground,N/A,South Boston,57,Drinking Fountain,"Drinking, Bottle Filler",N/A,N/A,N/A,N/A,POINT (-71.031378418999964 42.337521330000072),-71.031378418999964,42.337521330000072
Hunt Playground,N/A,Mattapan,6,Parking Lot,N/A,UA,UA,N/A,N/A,POINT (-71.097488190999968 42.275790076000078),-71.097488190999968,42.275790076000078
Draper Playground,N/A,West Roxbury,93,Parking Lot,N/A,UA,UA,N/A,N/A,POINT (-71.159738600999958 42.259857630000056),-71.159738600999958,42.259857630000056
Walsh Playground,N/A,Mattapan,312,Restroom,Portable Restroom Pad,N/A,N/A,Pad Capacity: 3,N/A,POINT (-71.070310163999977 42.276637663000031),-71.070310163999977,42.276637663000031
Boston Common,N/A,Back Bay/Beacon Hill,27,Bike Rack,Inverted U,2,N,90,N/A,POINT (-71.065084007999985 42.352531828000053),-71.065084007999985,42.352531828000053
Boston Common,N/A,Back Bay/Beacon Hill,27,Bike Rack,Inverted U,2,N,0,N/A,POINT (-71.062190008999949 42.356440927000051),-71.062190008999949,42.356440927000051
Boston Common,N/A,Back Bay/Beacon Hill,27,Bike Rack,Inverted U,2,N,0,N/A,POINT (-71.062206496999977 42.356419589000041),-71.062206496999977,42.356419589000041
Boston Common,N/A,Back Bay/Beacon Hill,27,Bike Rack,Inverted U,2,N,0,N/A,POINT (-71.062223266999979 42.35640191300007),-71.062223266999979,42.356401913000070
Boston Common,N/A,Back Bay/Beacon Hill,27,Bike Rack,Post-and-ring,2,N,0,N/A,POINT (-71.062170951999974 42.356447908000064),-71.062170951999974,42.356447908000064
Boston Common,N/A,Back Bay/Beacon Hill,27,Bike Rack,Inverted U,2,N,90,N/A,POINT (-71.065038968999943 42.352524482000035),-71.065038968999943,42.352524482000035
Boston Common,N/A,Back Bay/Beacon Hill,27,Bike Rack,Inverted U,2,N,90,N/A,POINT (-71.064998266999964 42.352523144000031),-71.064998266999964,42.352523144000031
Boston Common,N/A,Back Bay/Beacon Hill,27,Bike Rack,Inverted U,2,N,90,N/A,POINT (-71.064958510999986 42.35251607500004),-71.064958510999986,42.352516075000040
Boston Common,N/A,Back Bay/Beacon Hill,27,Bike Rack,Inverted U,2,N,90,N/A,POINT (-71.06491773099998 42.352509518000033),-71.064917730999980,42.352509518000033
Winthrop Playground I,N/A,Roxbury,325,Fitness Equipment,N/A,N/A,N/A,N/A,N/A,POINT (-71.075538406999954 42.317723335000039),-71.075538406999954,42.317723335000039
Winthrop Playground I,N/A,Roxbury,325,Playground,PIP Rubber,Bucket Swing,N/A,N/A,2-5 & 5-12,POINT (-71.076161943999978 42.317557037000029),-71.076161943999978,42.317557037000029
Winthrop Playground I,N/A,Roxbury,325,Basketball,Full ,"Pickleball x1, Tennis x1",N/A,Scoreboard,N/A,POINT (-71.076204405999988 42.317170335000071),-71.076204405999988,42.317170335000071
Winthrop Playground I,N/A,Roxbury,325,Basketball,Full ,"Soccer (Practice), Hockey",N/A,N/A,N/A,POINT (-71.075875405999966 42.317150335000065),-71.075875405999966,42.317150335000065
Winthrop Playground II,N/A,Roxbury,355,Athletic Seating,Other Spectator Seating,Companion Seating,UA,N/A,N/A,POINT (-71.075895405999972 42.316994335000061),-71.075895405999972,42.316994335000061
Winthrop Playground I,N/A,Roxbury,325,Athletic Seating,Other Spectator Seating,No companion seat,UA,N/A,N/A,POINT (-71.075982406999969 42.317016335000062),-71.075982406999969,42.317016335000062
Winthrop Playground I,N/A,Roxbury,325,Athletic Seating,Other Spectator Seating,No Companion Seating,UA,N/A,N/A,POINT (-71.075718405999964 42.317202336000037),-71.075718405999964,42.317202336000037
Winthrop Playground I,N/A,Roxbury,325,Athletic Seating,Other Spectator Seating,No Companion Seating,UA,N/A,N/A,POINT (-71.075730405999934 42.317175335000059),-71.075730405999934,42.317175335000059
Winthrop Playground I,N/A,Roxbury,325,Athletic Seating,Other Spectator Seating,No Companion Seating,UA,N/A,N/A,POINT (-71.075741405999963 42.317149335000067),-71.075741405999963,42.317149335000067
Winthrop Playground I,N/A,Roxbury,325,Athletic Seating,Other Spectator Seating,No Companion Seating,UA,N/A,N/A,POINT (-71.075753405999933 42.317123335000076),-71.075753405999933,42.317123335000076
Winthrop Playground I,N/A,Roxbury,325,Athletic Seating,Other Spectator Seating,No Companion Seating,UA,N/A,N/A,POINT (-71.07576540599996 42.317097335000028),-71.075765405999960,42.317097335000028
Winthrop Playground I,N/A,Roxbury,325,Athletic Seating,Other Spectator Seating,No Companion Seating,UA,N/A,N/A,POINT (-71.075776405999989 42.317072335000034),-71.075776405999989,42.317072335000034
Winthrop Playground I,N/A,Roxbury,325,Athletic Seating,Other Spectator Seating,No Companion Seating,UA,N/A,N/A,POINT (-71.075788406999948 42.317044335000048),-71.075788406999948,42.317044335000048
Winthrop Playground I,N/A,Roxbury,325,Athletic Seating,Other Spectator Seating,No Companion Seating,UA,N/A,N/A,POINT (-71.075800405999985 42.317018336000046),-71.075800405999985,42.317018336000046
Winthrop Playground I,N/A,Roxbury,325,Athletic Seating,Other Spectator Seating,No Companion Seating,UA,N/A,N/A,POINT (-71.075992405999955 42.317187335000028),-71.075992405999955,42.317187335000028
Winthrop Playground I,N/A,Roxbury,325,Athletic Seating,Other Spectator Seating,No Companion Seating,UA,N/A,N/A,POINT (-71.076004405999981 42.317162336000081),-71.076004405999981,42.317162336000081
Winthrop Playground I,N/A,Roxbury,325,Athletic Seating,Other Spectator Seating,No Companion Seating,UA,N/A,N/A,POINT (-71.076016405999951 42.317135335000046),-71.076016405999951,42.317135335000046
Winthrop Playground I,N/A,Roxbury,325,Athletic Seating,Other Spectator Seating,No Companion Seating,UA,N/A,N/A,POINT (-71.076028405999978 42.317109335000055),-71.076028405999978,42.317109335000055
Winthrop Playground I,N/A,Roxbury,325,Athletic Seating,Other Spectator Seating,No Companion Seating,UA,N/A,N/A,POINT (-71.076040406999937 42.317083335000063),-71.076040406999937,42.317083335000063
Moakley Park,N/A,South Boston,200,Parking Lot,N/A,UA,UA,N/A,N/A,POINT (-71.051602785999933 42.324375506000081),-71.051602785999933,42.324375506000081
Jefferson Playground,N/A,Jamaica Plain,165,Parking Lot,N/A,UA,UA,N/A,N/A,POINT (-71.108931599999949 42.325841343000036),-71.108931599999949,42.325841343000036
Walsh Playground,N/A,Mattapan,312,Athletic Seating,Dugout,Companion Seating,Covered (perforated),N/A,N/A,POINT (-71.07010140999995 42.277606343000059),-71.070101409999950,42.277606343000059
Walsh Playground,N/A,Mattapan,312,Athletic Seating,Dugout,Companion Seating,Covered (perforated),N/A,N/A,POINT (-71.069895409999958 42.277516342000069),-71.069895409999958,42.277516342000069
Walsh Playground,N/A,Mattapan,312,Athletic Seating,Bleacher,Companion Seating,UA,N/A,N/A,POINT (-71.069846409999968 42.277408343000047),-71.069846409999968,42.277408343000047
Harambee Park,N/A,Dorchester,142,Athletic Field,Cricket,N/A,Natural Turf,Scoreboard,N/A,POINT (-71.081817405999971 42.291676340000038),-71.081817405999971,42.291676340000038
Harambee Park,N/A,Dorchester,142,Drinking Fountain,"Bottle Filler,Drinking",N/A,N/A,N/A,N/A,POINT (-71.082448405999969 42.291306341000052),-71.082448405999969,42.291306341000052
Harambee Park,N/A,Dorchester,142,Athletic Seating,Bleacher,Companion Seating,UA,N/A,N/A,POINT (-71.081228404999933 42.291972341000076),-71.081228404999933,42.291972341000076
Harambee Park,N/A,Dorchester,142,Athletic Seating,Bleacher,Companion Seating,UA,N/A,N/A,POINT (-71.084065404999933 42.291800340000066),-71.084065404999933,42.291800340000066
Foster Street Play Area,N/A,Central Boston,123,Parking Lot,N/A,UA,UA,N/A,N/A,POINT (-71.054053310999961 42.367389130000049),-71.054053310999961,42.367389130000049
Orton Field,N/A,South Boston,222,Parking Lot,N/A,UA,UA,N/A,N/A,POINT (-71.053508887999953 42.338830993000045),-71.053508887999953,42.338830993000045
Harambee Park,N/A,Dorchester,142,Bike Rack,Post-and-ring,2,N,0,N/A,POINT (-71.087747602999968 42.293761940000024),-71.087747602999968,42.293761940000024
Harambee Park,N/A,Dorchester,142,Bike Rack,Post-and-ring,2,N,0,N/A,POINT (-71.087758803999975 42.29376424000003),-71.087758803999975,42.293764240000030
Harambee Park,N/A,Dorchester,142,Bike Rack,Post-and-ring,2,N,0,N/A,POINT (-71.087670902999946 42.293388441000047),-71.087670902999946,42.293388441000047
Harambee Park,N/A,Dorchester,142,Bike Rack,Post-and-ring,2,N,0,N/A,POINT (-71.087661302999948 42.293386741000063),-71.087661302999948,42.293386741000063
Franklin Park,N/A,Jamaica Plain,124,Bike Rack,Post-and-ring,2,N,0,N/A,POINT (-71.095591702999968 42.304823038000052),-71.095591702999968,42.304823038000052
Franklin Park,N/A,Jamaica Plain,124,Bike Rack,Post-and-ring,2,Y,0,N/A,POINT (-71.094545696999944 42.306699496000078),-71.094545696999944,42.306699496000078
Franklin Park,N/A,Jamaica Plain,124,Bike Rack,Post-and-ring,2,Y,0,N/A,POINT (-71.094520598999964 42.306703304000052),-71.094520598999964,42.306703304000052
Arnold Arboretum,N/A,Roslindale,11,Bike Rack,Post-and-ring,2,N,90,N/A,POINT (-71.119112432999941 42.301316725000049),-71.119112432999941,42.301316725000049
Arnold Arboretum,N/A,Roslindale,11,Bike Rack,Post-and-ring,2,N,90,N/A,POINT (-71.119100691999961 42.301322740000046),-71.119100691999961,42.301322740000046
Arnold Arboretum,N/A,Roslindale,11,Bike Rack,Post-and-ring,2,N,90,N/A,POINT (-71.119088876999967 42.301327546000039),-71.119088876999967,42.301327546000039
Arnold Arboretum,N/A,Roslindale,11,Bike Rack,Post-and-ring,2,N,90,N/A,POINT (-71.124817520999954 42.301886784000033),-71.124817520999954,42.301886784000033
Arnold Arboretum,N/A,Roslindale,11,Bike Rack,Post-and-ring,2,N,90,N/A,POINT (-71.124808335999944 42.301890169000046),-71.124808335999944,42.301890169000046
Arnold Arboretum,N/A,Roslindale,11,Bike Rack,Post-and-ring,2,N,90,N/A,POINT (-71.12479996199994 42.301896878000036),-71.124799961999940,42.301896878000036
Arnold Arboretum,N/A,Roslindale,11,Bike Rack,Post-and-ring,2,N,90,N/A,POINT (-71.121259891999955 42.306512539000039),-71.121259891999955,42.306512539000039
Arnold Arboretum,N/A,Roslindale,11,Bike Rack,Post-and-ring,2,N,90,N/A,POINT (-71.121267934999935 42.306497898000032),-71.121267934999935,42.306497898000032
Arnold Arboretum,N/A,Roslindale,11,Bike Rack,Post-and-ring,2,N,90,N/A,POINT (-71.121273057999986 42.306490733000032),-71.121273057999986,42.306490733000032
Arnold Arboretum,N/A,Roslindale,11,Bike Rack,Post-and-ring,2,N,90,N/A,POINT (-71.120185153999955 42.307355195000071),-71.120185153999955,42.307355195000071
Arnold Arboretum,N/A,Roslindale,11,Bike Rack,Post-and-ring,2,N,90,N/A,POINT (-71.120196691999979 42.307343239000033),-71.120196691999979,42.307343239000033
Arnold Arboretum,N/A,Roslindale,11,Bike Rack,Post-and-ring,2,N,90,N/A,POINT (-71.120206831999951 42.307333570000026),-71.120206831999951,42.307333570000026
LoPresti Park,N/A,East Boston,182,Bike Rack,Post-and-ring,2,N,90,N/A,POINT (-71.044679326999983 42.370886596000048),-71.044679326999983,42.370886596000048
LoPresti Park,N/A,East Boston,182,Bike Rack,Post-and-ring,2,N,90,N/A,POINT (-71.044683084999974 42.370880796000051),-71.044683084999974,42.370880796000051
LoPresti Park,N/A,East Boston,182,Bike Rack,Post-and-ring,2,N,90,N/A,POINT (-71.044687712999973 42.370875824000052),-71.044687712999973,42.370875824000052
LoPresti Park,N/A,East Boston,182,Bike Rack,Post-and-ring,2,N,90,N/A,POINT (-71.04344225799997 42.370229537000057),-71.043442257999970,42.370229537000057
LoPresti Park,N/A,East Boston,182,Bike Rack,Post-and-ring,2,N,90,N/A,POINT (-71.043446065999944 42.370223963000058),-71.043446065999944,42.370223963000058
LoPresti Park,N/A,East Boston,182,Bike Rack,Post-and-ring,2,N,90,N/A,POINT (-71.04344939899994 42.370219087000066),-71.043449398999940,42.370219087000066
LoPresti Park,N/A,East Boston,182,Bike Rack,Post-and-ring,2,N,90,N/A,POINT (-71.042627575999973 42.370002929000066),-71.042627575999973,42.370002929000066
LoPresti Park,N/A,East Boston,182,Bike Rack,Post-and-ring,2,N,90,N/A,POINT (-71.04262076699996 42.369999933000031),-71.042620766999960,42.369999933000031
LoPresti Park,N/A,East Boston,182,Bike Rack,Post-and-ring,2,N,90,N/A,POINT (-71.042613250999977 42.369997283000032),-71.042613250999977,42.369997283000032
Garvey Playground,N/A,Dorchester,130,Bike Rack,Inverted U,2,N,45,N/A,POINT (-71.046641445999967 42.288147690000073),-71.046641445999967,42.288147690000073
Garvey Playground,N/A,Dorchester,130,Bike Rack,Inverted U,2,N,45,N/A,POINT (-71.046631401999946 42.288145159000067),-71.046631401999946,42.288145159000067
Garvey Playground,N/A,Dorchester,130,Bike Rack,Inverted U,2,N,45,N/A,POINT (-71.046624083999973 42.288139697000076),-71.046624083999973,42.288139697000076
East Boston Memorial Park I,N/A,East Boston,98,Bike Rack,Inverted U,2,Y,90,N/A,POINT (-71.030138503999979 42.371443947000046),-71.030138503999979,42.371443947000046
East Boston Memorial Park I,N/A,East Boston,98,Bike Rack,Inverted U,2,Y,90,N/A,POINT (-71.030145381999944 42.371436807000066),-71.030145381999944,42.371436807000066
East Boston Memorial Park I,N/A,East Boston,98,Bike Rack,Inverted U,2,Y,90,N/A,POINT (-71.030156218999934 42.37143263300004),-71.030156218999934,42.371432633000040
East Boston Memorial Park I,N/A,East Boston,98,Bike Rack,Inverted U,2,Y,90,N/A,POINT (-71.030165944999965 42.37142508200003),-71.030165944999965,42.371425082000030
East Boston Memorial Park I,N/A,East Boston,98,Bike Rack,Inverted U,2,Y,90,N/A,POINT (-71.030173937999962 42.371420897000064),-71.030173937999962,42.371420897000064
East Boston Memorial Park I,N/A,East Boston,98,Bike Rack,Inverted U,2,Y,90,N/A,POINT (-71.030183096999963 42.371412922000047),-71.030183096999963,42.371412922000047
Jamaica Pond Park,N/A,Jamaica Plain,163,Bike Rack,Post-and-ring,2,Y,90,N/A,POINT (-71.119663973999934 42.321211379000033),-71.119663973999934,42.321211379000033
Jamaica Pond Park,N/A,Jamaica Plain,163,Bike Rack,Post-and-ring,2,Y,90,N/A,POINT (-71.119661055999984 42.321216869000068),-71.119661055999984,42.321216869000068
Jamaica Pond Park,N/A,Jamaica Plain,163,Bike Rack,Post-and-ring,2,Y,90,N/A,POINT (-71.119659091999949 42.321220536000055),-71.119659091999949,42.321220536000055
Jamaica Pond Park,N/A,Jamaica Plain,163,Bike Rack,Post-and-ring,2,Y,90,N/A,POINT (-71.117341216999932 42.315743789000066),-71.117341216999932,42.315743789000066
Jamaica Pond Park,N/A,Jamaica Plain,163,Bike Rack,Post-and-ring,2,Y,90,N/A,POINT (-71.117341823999936 42.315747200000033),-71.117341823999936,42.315747200000033
Jamaica Pond Park,N/A,Jamaica Plain,163,Bike Rack,Post-and-ring,2,Y,90,N/A,POINT (-71.117342581999935 42.315750584000057),-71.117342581999935,42.315750584000057
Jamaica Pond Park,N/A,Jamaica Plain,163,Bike Rack,Post-and-ring,2,Y,90,N/A,POINT (-71.117343327999947 42.315753327000039),-71.117343327999947,42.315753327000039
Jamaica Pond Park,N/A,Jamaica Plain,163,Bike Rack,Post-and-ring,2,Y,90,N/A,POINT (-71.117344599999967 42.315758006000067),-71.117344599999967,42.315758006000067
Smith Playground,N/A,Allston-Brighton,284,Bike Rack,Post-and-ring,2,Y,45,N/A,POINT (-71.131325749999974 42.363289086000066),-71.131325749999974,42.363289086000066
Smith Playground,N/A,Allston-Brighton,284,Bike Rack,Post-and-ring,2,Y,45,N/A,POINT (-71.131314645999964 42.363291911000033),-71.131314645999964,42.363291911000033
Smith Playground,N/A,Allston-Brighton,284,Bike Rack,Post-and-ring,2,Y,45,N/A,POINT (-71.131299687999956 42.363294933000077),-71.131299687999956,42.363294933000077
Smith Playground,N/A,Allston-Brighton,284,Bike Rack,Post-and-ring,2,Y,45,N/A,POINT (-71.13128556099997 42.363297726000042),-71.131285560999970,42.363297726000042
Smith Playground,N/A,Allston-Brighton,284,Bike Rack,Post-and-ring,2,Y,45,N/A,POINT (-71.131271897999966 42.363300587000026),-71.131271897999966,42.363300587000026
Smith Playground,N/A,Allston-Brighton,284,Bike Rack,Post-and-ring,2,Y,45,N/A,POINT (-71.131258130999981 42.363303552000048),-71.131258130999981,42.363303552000048
Smith Playground,N/A,Allston-Brighton,284,Bike Rack,Post-and-ring,2,Y,45,N/A,POINT (-71.131244894999952 42.363306351000062),-71.131244894999952,42.363306351000062
Smith Playground,N/A,Allston-Brighton,284,Bike Rack,Inverted U,2,Y,90,N/A,POINT (-71.130512926999984 42.364280364000081),-71.130512926999984,42.364280364000081
Smith Playground,N/A,Allston-Brighton,284,Bike Rack,Inverted U,2,Y,90,N/A,POINT (-71.130508418999966 42.364288453000029),-71.130508418999966,42.364288453000029
Smith Playground,N/A,Allston-Brighton,284,Bike Rack,Inverted U,2,Y,90,N/A,POINT (-71.130504400999939 42.364295803000061),-71.130504400999939,42.364295803000061
Smith Playground,N/A,Allston-Brighton,284,Bike Rack,Inverted U,2,Y,90,N/A,POINT (-71.130500310999935 42.364302861000056),-71.130500310999935,42.364302861000056
Smith Playground,N/A,Allston-Brighton,284,Bike Rack,Inverted U,2,Y,90,N/A,POINT (-71.130495935999988 42.364309916000025),-71.130495935999988,42.364309916000025
Back Bay Fens,N/A,Fenway/Longwood,13,Bike Rack,Inverted U,2,Y,90,N/A,POINT (-71.098521313999981 42.338378595000052),-71.098521313999981,42.338378595000052
Back Bay Fens,N/A,Fenway/Longwood,13,Bike Rack,Inverted U,2,Y,90,N/A,POINT (-71.098524209999937 42.338374842000064),-71.098524209999937,42.338374842000064
Back Bay Fens,N/A,Fenway/Longwood,13,Bike Rack,Inverted U,2,Y,90,N/A,POINT (-71.098526817999982 42.338368709000065),-71.098526817999982,42.338368709000065
Back Bay Fens,N/A,Fenway/Longwood,13,Bike Rack,Inverted U,2,Y,90,N/A,POINT (-71.098543193999944 42.338332407000053),-71.098543193999944,42.338332407000053
Back Bay Fens,N/A,Fenway/Longwood,13,Bike Rack,Inverted U,2,Y,90,N/A,POINT (-71.098554227999955 42.338313806000031),-71.098554227999955,42.338313806000031
Back Bay Fens,N/A,Fenway/Longwood,13,Bike Rack,Inverted U,2,Y,90,N/A,POINT (-71.098551089999944 42.338326804000076),-71.098551089999944,42.338326804000076
Olmsted Park,N/A,Jamaica Plain,221,Bike Rack,Wave,5,Y,90,N/A,POINT (-71.114711401999955 42.326673077000066),-71.114711401999955,42.326673077000066
Olmsted Park,N/A,Jamaica Plain,221,Bike Rack,Wave,5,Y,90,N/A,POINT (-71.113885000999971 42.32560876000008),-71.113885000999971,42.325608760000080
Paris Street Playground,N/A,East Boston,226,Bike Rack,Inverted U,2,Y,90,N/A,POINT (-71.037292577999949 42.372470349000025),-71.037292577999949,42.372470349000025
Paris Street Playground,N/A,East Boston,226,Bike Rack,Inverted U,2,Y,90,N/A,POINT (-71.037340625999946 42.372499384000037),-71.037340625999946,42.372499384000037
Paris Street Playground,N/A,East Boston,226,Bike Rack,Inverted U,2,Y,90,N/A,POINT (-71.037328431999981 42.372492391000037),-71.037328431999981,42.372492391000037
Paris Street Playground,N/A,East Boston,226,Bike Rack,Inverted U,2,Y,90,N/A,POINT (-71.037316230999977 42.372486466000055),-71.037316230999977,42.372486466000055
Paris Street Playground,N/A,East Boston,226,Bike Rack,Inverted U,2,Y,90,N/A,POINT (-71.037305476999961 42.372479480000038),-71.037305476999961,42.372479480000038
Paris Street Playground,N/A,East Boston,226,Bike Rack,Inverted U,2,Y,90,N/A,POINT (-71.037356421999959 42.372506390000069),-71.037356421999959,42.372506390000069
Joyce Playground,N/A,Allston-Brighton,169,Bike Rack,Inverted U,2,Y,90,N/A,POINT (-71.151888989999975 42.345236907000071),-71.151888989999975,42.345236907000071
Joyce Playground,N/A,Allston-Brighton,169,Bike Rack,Inverted U,2,Y,90,N/A,POINT (-71.151881687999946 42.345234960000028),-71.151881687999946,42.345234960000028
Joyce Playground,N/A,Allston-Brighton,169,Bike Rack,Inverted U,2,Y,90,N/A,POINT (-71.151874624999948 42.345232688000067),-71.151874624999948,42.345232688000067
Joyce Playground,N/A,Allston-Brighton,169,Bike Rack,Inverted U,2,Y,90,N/A,POINT (-71.151158672999941 42.345073675000037),-71.151158672999941,42.345073675000037
Joyce Playground,N/A,Allston-Brighton,169,Bike Rack,Inverted U,2,Y,90,N/A,POINT (-71.151148569999975 42.345069347000049),-71.151148569999975,42.345069347000049
Cassidy Playground,N/A,Allston-Brighton,44,Bike Rack,Inverted U,2,Y,90,N/A,POINT (-71.153686852999954 42.33441306800006),-71.153686852999954,42.334413068000060
Cassidy Playground,N/A,Allston-Brighton,44,Bike Rack,Inverted U,2,Y,90,N/A,POINT (-71.153696494999963 42.334420029000057),-71.153696494999963,42.334420029000057
Cassidy Playground,N/A,Allston-Brighton,44,Bike Rack,Inverted U,2,Y,90,N/A,POINT (-71.150671473999978 42.335368908000078),-71.150671473999978,42.335368908000078
Cassidy Playground,N/A,Allston-Brighton,44,Bike Rack,Inverted U,2,Y,90,N/A,POINT (-71.150657055999943 42.335368212000049),-71.150657055999943,42.335368212000049
Arnold Arboretum,N/A,Roslindale,11,Bike Rack,Post-and-ring,2,N,90,N/A,POINT (-71.127545853999948 42.291271351000034),-71.127545853999948,42.291271351000034
Arnold Arboretum,N/A,Roslindale,11,Bike Rack,Post-and-ring,2,N,90,N/A,POINT (-71.127532603999953 42.291278327000043),-71.127532603999953,42.291278327000043
Millennium Park I,N/A,West Roxbury,198,Bike Rack,Wave,6,N,90,N/A,POINT (-71.181077773999959 42.282277045000058),-71.181077773999959,42.282277045000058
Arnold Arboretum,N/A,Roslindale,11,Bike Rack,Post-and-ring,2,N,90,N/A,POINT (-71.122784764999949 42.298055754000075),-71.122784764999949,42.298055754000075
Arnold Arboretum,N/A,Roslindale,11,Bike Rack,Post-and-ring,2,N,90,N/A,POINT (-71.122790381999948 42.29806728300008),-71.122790381999948,42.298067283000080
Arnold Arboretum,N/A,Roslindale,11,Bike Rack,Post-and-ring,2,N,90,N/A,POINT (-71.122798440999986 42.298081767000042),-71.122798440999986,42.298081767000042
East Boston Memorial Park I,N/A,East Boston,98,Spray Play,Electrical,Spray,N/A,N/A,N/A,POINT (-71.029752777999988 42.371891164000033),-71.029752777999988,42.371891164000033
Children's Park,N/A,Dorchester,55,Spray Play,Electrical,Spray,N/A,N/A,N/A,POINT (-71.078156685999943 42.31054610700005),-71.078156685999943,42.310546107000050
Hardiman Playground,N/A,Allston-Brighton,143,Spray Play,Mechanical,Spray,N/A,N/A,N/A,POINT (-71.166539183999987 42.351345041000059),-71.166539183999987,42.351345041000059
Hobart Park,N/A,Allston-Brighton,154,Spray Play,Mechanical,Spray,N/A,N/A,N/A,POINT (-71.161163044999967 42.355368561000034),-71.161163044999967,42.355368561000034
James H. Roberts Playground,N/A,Allston-Brighton,156,Spray Play,Electrical,Spray,N/A,N/A,N/A,POINT (-71.125554997999984 42.35955431900004),-71.125554997999984,42.359554319000040
Ringer Playground,N/A,Allston-Brighton,259,Spray Play,Mechanical,Spray,N/A,N/A,N/A,POINT (-71.137803313999939 42.350858111000036),-71.137803313999939,42.350858111000036
Boston Common,Tadpole Playground,Back Bay/Beacon Hill,27,Spray Play,Mechanical,Spray,N/A,N/A,N/A,POINT (-71.064584397999965 42.356100907000041),-71.064584397999965,42.356100907000041
Boston Common,Frog Pond,Back Bay/Beacon Hill,27,Spray Play,Mechanical,Spray,N/A,N/A,N/A,POINT (-71.065521657999966 42.356176757000071),-71.065521657999966,42.356176757000071
Christopher Columbus Park,N/A,Central Boston,56,Spray Play,Mechanical,Spray,N/A,N/A,N/A,POINT (-71.051707131999933 42.361142446000031),-71.051707131999933,42.361142446000031
Puopolo Playground,N/A,Central Boston,248,Spray Play,Electrical,Spray,N/A,N/A,N/A,POINT (-71.054044450999982 42.367994065000062),-71.054044450999982,42.367994065000062
Doherty Playground,N/A,Charlestown,87,Spray Play,Electrical,Spray,N/A,N/A,N/A,POINT (-71.067431334999981 42.382647532000078),-71.067431334999981,42.382647532000078
Byrne Playground,N/A,Dorchester,39,Spray Play,Mechanical,Spray,N/A,N/A,N/A,POINT (-71.052309374999936 42.30097631700005),-71.052309374999936,42.300976317000050
Ripley Playground,N/A,Dorchester,261,Spray Play,Mechanical,Spray,N/A,N/A,N/A,POINT (-71.075979186999973 42.299242218000074),-71.075979186999973,42.299242218000074
Roberts Playground,N/A,Dorchester,265,Spray Play,Electrical,Spray,N/A,N/A,N/A,POINT (-71.072572428999933 42.286146751000047),-71.072572428999933,42.286146751000047
Ronan Park,N/A,Dorchester,268,Spray Play,Electrical,Spray,N/A,N/A,N/A,POINT (-71.063783710999985 42.305087197000034),-71.063783710999985,42.305087197000034
Thetford/Evans Playground,N/A,Dorchester,302,Spray Play,Hydraulic,Spray,N/A,N/A,N/A,POINT (-71.077784317999942 42.283183062000035),-71.077784317999942,42.283183062000035
Walker Playground,N/A,Mattapan,310,Spray Play,Hydraulic,Spray,N/A,N/A,N/A,POINT (-71.090757963999977 42.277765393000038),-71.090757963999977,42.277765393000038
Ernst Chery Jr. Playground,N/A,Mattapan,109,Spray Play,Mechanical,Spray,N/A,N/A,N/A,POINT (-71.099041340999975 42.27419687500003),-71.099041340999975,42.274196875000030
Howes Playground,N/A,Roxbury,158,Spray Play,Mechanical,Spray,N/A,N/A,N/A,POINT (-71.078750864999961 42.324120504000064),-71.078750864999961,42.324120504000064
Dennis Street Park,N/A,Roxbury,85,Spray Play,Electrical,Spray,N/A,N/A,N/A,POINT (-71.074729175999948 42.32231682500003),-71.074729175999948,42.322316825000030
Holborn Street Playlot,N/A,Roxbury,155,Spray Play,Mechanical,Spray,N/A,N/A,N/A,POINT (-71.082684573999984 42.315328935000025),-71.082684573999984,42.315328935000025
Doris F. Tillman Playground,N/A,Roxbury,174,Spray Play,Electrical,Spray,N/A,N/A,N/A,POINT (-71.090644059999988 42.327364544000034),-71.090644059999988,42.327364544000034
Marcella Playground,N/A,Roxbury,187,Spray Play,Hydraulic,Spray,N/A,N/A,N/A,POINT (-71.095608698999968 42.323117085000035),-71.095608698999968,42.323117085000035
Mt. Pleasant Play Area,N/A,Roxbury,208,Spray Play,Hydraulic,Spray,N/A,N/A,N/A,POINT (-71.079296873999965 42.327071414000045),-71.079296873999965,42.327071414000045
Moakley Park,Dottie Curran,South Boston,200,Spray Play,Electrical,Spray,N/A,N/A,N/A,POINT (-71.051537533999976 42.324919363000049),-71.051537533999976,42.324919363000049
Sweeney Playground,N/A,South Boston,297,Spray Play,Mechanical,Spray,N/A,N/A,N/A,POINT (-71.051478843999973 42.337245750000079),-71.051478843999973,42.337245750000079
Elmhurst Street Park,N/A,Dorchester,106,Spray Play,Mechanical,Spray,N/A,N/A,N/A,POINT (-71.076342437999983 42.289429710000036),-71.076342437999983,42.289429710000036
Medal of Honor Park,N/A,South Boston,196,Spray Play,Hydraulic,Spray,N/A,N/A,N/A,POINT (-71.03240459999995 42.336994130000051),-71.032404599999950,42.336994130000051
Healy Playground,N/A,Roslindale,149,Spray Play,Hydraulic,Spray,N/A,N/A,N/A,POINT (-71.122524222999971 42.288005782000027),-71.122524222999971,42.288005782000027
Ringgold Park,N/A,South End,260,Spray Play,Mechanical,Water,N/A,N/A,N/A,POINT (-71.070098086999963 42.343281350000041),-71.070098086999963,42.343281350000041
Erie/Ellington Playground,N/A,Dorchester,108,Spray Play,Hydraulic,Spray,N/A,N/A,N/A,POINT (-71.083441823999976 42.301353538000058),-71.083441823999976,42.301353538000058
Trotter School Playground,N/A,Roxbury,306,Spray Play,Electrical,Spray,N/A,N/A,N/A,POINT (-71.088648131999946 42.315203466000071),-71.088648131999946,42.315203466000071
Laviscount Park,N/A,Roxbury,177,Spray Play,Mechanical,Spray,N/A,N/A,N/A,POINT (-71.086188912999944 42.316312836000066),-71.086188912999944,42.316312836000066
Ramsay Park,N/A,Roxbury,254,Spray Play,Electrical,Spray,N/A,N/A,N/A,POINT (-71.080114313999957 42.335282302000053),-71.080114313999957,42.335282302000053
Parkman Playground,N/A,Jamaica Plain,229,Spray Play,Hydraulic,Spray,N/A,N/A,N/A,POINT (-71.113622074999967 42.295782991000067),-71.113622074999967,42.295782991000067
Noyes Playground,N/A,East Boston,216,Spray Play,Electrical,Spray,N/A,N/A,N/A,POINT (-71.010597453999935 42.388683619000062),-71.010597453999935,42.388683619000062
Ross Playground,N/A,Hyde Park,270,Spray Play,Hydraulic,Spray,N/A,N/A,N/A,POINT (-71.111757176999959 42.263184227000067),-71.111757176999959,42.263184227000067
Caldwell Street Play Area,N/A,Charlestown,40,Spray Play,Hydraulic,Spray,N/A,N/A,N/A,POINT (-71.077841121999938 42.385426363000079),-71.077841121999938,42.385426363000079
Ceylon Park,N/A,Dorchester,49,Spray Play,Electrical,Spray,N/A,N/A,N/A,POINT (-71.073847676999947 42.309627017000025),-71.073847676999947,42.309627017000025
Edgerly Road Playground,N/A,Fenway/Longwood,99,Spray Play,Hydraulic,Spray,N/A,N/A,N/A,POINT (-71.087926780999965 42.346215950000044),-71.087926780999965,42.346215950000044
Fallon Field,N/A,Roslindale,112,Spray Play,Electrical,Spray,N/A,N/A,N/A,POINT (-71.136345167999934 42.287749213000041),-71.136345167999934,42.287749213000041
Gibbons Playground,N/A,Mission Hill,133,Spray Play,Electrical,Spray,N/A,N/A,N/A,POINT (-71.098352916999943 42.331206683000062),-71.098352916999943,42.331206683000062
Hunt Playground,N/A,Mattapan,6,Spray Play,Hydraulic,Spray,N/A,N/A,N/A,POINT (-71.096340531999942 42.275244804000067),-71.096340531999942,42.275244804000067
Iacono/Readville Playground,N/A,Hyde Park,160,Spray Play,Hydraulic,Spray,N/A,N/A,N/A,POINT (-71.135406530999944 42.239051872000061),-71.135406530999944,42.239051872000061
Joyce Playground,N/A,Allston-Brighton,169,Spray Play,Hydraulic,Spray,N/A,N/A,N/A,POINT (-71.151385429999948 42.345063423000056),-71.151385429999948,42.345063423000056
LoPresti Park,N/A,East Boston,182,Spray Play,Electrical,Spray,N/A,N/A,N/A,POINT (-71.043198763999953 42.370194684000069),-71.043198763999953,42.370194684000069
Menino Park,N/A,Charlestown,2202,Spray Play,Hydraulic (table),Spray,N/A,N/A,N/A,POINT (-71.048619310999982 42.378190293000046),-71.048619310999982,42.378190293000046
Paris Street Playground,N/A,East Boston,226,Spray Play,Hydraulic,Spray,N/A,N/A,N/A,POINT (-71.037133504999986 42.372092864000081),-71.037133504999986,42.372092864000081
Peter Looney Park,N/A,Charlestown,235,Spray Play,Mechanical,Spray,N/A,N/A,N/A,POINT (-71.06574240599997 42.374327834000042),-71.065742405999970,42.374327834000042
Martin's Park,N/A,South Boston,333,Spray Play,Electrical,Spray,N/A,N/A,N/A,POINT (-71.048824212999989 42.352978527000062),-71.048824212999989,42.352978527000062
Quincy/Stanley Play Area,N/A,Dorchester,251,Spray Play,Mechanical,Spray,N/A,N/A,N/A,POINT (-71.068687577999981 42.311070716000074),-71.068687577999981,42.311070716000074
Rev. Loesch Family Park,N/A,Dorchester,257,Spray Play,Hydraulic,Spray,N/A,N/A,N/A,POINT (-71.066780910999967 42.290956840000035),-71.066780910999967,42.290956840000035
Sumner & Lamson Street Playground,N/A,East Boston,296,Spray Play,Mechanical,Spray,N/A,N/A,N/A,POINT (-71.032237167999938 42.365930151000043),-71.032237167999938,42.365930151000043
Buckley Playground,N/A,South Boston,35,Spray Play,Mechanical,Spray,N/A,N/A,N/A,POINT (-71.049353693999933 42.339390580000043),-71.049353693999933,42.339390580000043
Mission Hill Playground,N/A,Mission Hill,199,Spray Play,Electrical,Spray,N/A,N/A,N/A,POINT (-71.099398826999959 42.332682623000039),-71.099398826999959,42.332682623000039
Harambee Park,Dennis 'DJ' Simmonds Playground,Dorchester,142,Spray Play,Electrical,Spray,N/A,N/A,N/A,POINT (-71.087647193999942 42.293463460000055),-71.087647193999942,42.293463460000055
Harambee Park,Harambee Park (Talbot Ave),Dorchester,142,Spray Play,Mechanical,Spray,N/A,N/A,N/A,POINT (-71.083007014999964 42.293183850000048),-71.083007014999964,42.293183850000048
Smith Playground,Main Playground,Allston-Brighton,284,Spray Play,Electrical,Spray,N/A,N/A,N/A,POINT (-71.132126184999947 42.363492038000061),-71.132126184999947,42.363492038000061
Franklin Park,Tiffany Moore,Jamaica Plain,124,Spray Play,Mechanical,Water,N/A,N/A,N/A,POINT (-71.09177127199996 42.308927877000031),-71.091771271999960,42.308927877000031
Ryan Play Area,N/A,Dorchester,275,Spray Play,Hydraulic,Spray,N/A,N/A,N/A,POINT (-71.056172852999964 42.317660085000057),-71.056172852999964,42.317660085000057
Hynes Playground,N/A,West Roxbury,159,Spray Play,Electrical,Spray,N/A,N/A,N/A,POINT (-71.153457551999963 42.295341492000034),-71.153457551999963,42.295341492000034
Jeep Jones Park,N/A,Roxbury,164,Spray Play,Hydraulic,Spray,N/A,N/A,N/A,POINT (-71.092071829999952 42.330370623000078),-71.092071829999952,42.330370623000078
Father Jack Play Area,N/A,Roxbury,311,Spray Play,Hydraulic,Spray,N/A,N/A,N/A,POINT (-71.09418083099996 42.314550637000025),-71.094180830999960,42.314550637000025
Carter Playground,N/A,Roxbury,43,Spray Play,Hydraulic,Spray,N/A,N/A,N/A,POINT (-71.085749781999937 42.338135482000041),-71.085749781999937,42.338135482000041
Bynoe Park,N/A,Roxbury,100,Spray Play,Hydraulic,Spray,N/A,N/A,N/A,POINT (-71.076029845999983 42.329204623000066),-71.076029845999983,42.329204623000066
Hannon Playground,N/A,Roxbury,141,Spray Play,Electrical,Spray,N/A,N/A,N/A,POINT (-71.071596517999978 42.319790715000067),-71.071596517999978,42.319790715000067
Flaherty Park,N/A,South Boston,118,Spray Play,Hydraulic,Spray,N/A,N/A,N/A,POINT (-71.053029491999951 42.342028740000046),-71.053029491999951,42.342028740000046
Malcolm X Park,N/A,Roxbury,186,Spray Play,Hydraulic,Spray,N/A,N/A,N/A,POINT (-71.087939691999964 42.320652255000027),-71.087939691999964,42.320652255000027
Mozart Street Playground,N/A,Jamaica Plain,209,Spray Play,Electrical,Spray,N/A,N/A,N/A,POINT (-71.104379266999956 42.322280915000078),-71.104379266999956,42.322280915000078
Shubow Park I,N/A,Allston-Brighton,283,Spray Play,Hydraulic,Spray,N/A,N/A,N/A,POINT (-71.151678649999951 42.340409733000058),-71.151678649999951,42.340409733000058
Franklin Park,El Parquesito,Jamaica Plain,124,Spray Play,Mechanical,Spray,N/A,N/A,N/A,POINT (-71.09696428999996 42.312002997000036),-71.096964289999960,42.312002997000036
Smith Playground,Court Area,Allston-Brighton,284,Spray Play,Hydraulic,Spray,N/A,N/A,N/A,POINT (-71.131463364999945 42.364926168000068),-71.131463364999945,42.364926168000068
McGann Park,N/A,Hyde Park,192,Spray Play,Hydraulic,Spray,N/A,N/A,N/A,POINT (-71.127616121999949 42.264489737000076),-71.127616121999949,42.264489737000076
Garvey Playground,N/A,Dorchester,130,Spray Play,Hydraulic,Spray,N/A,N/A,N/A,POINT (-71.045195257999978 42.287505840000051),-71.045195257999978,42.287505840000051
Doherty/Gibson Playground,N/A,Dorchester,88,Spray Play,Hydraulic,Spray,N/A,N/A,N/A,POINT (-71.061325851999982 42.297243549000029),-71.061325851999982,42.297243549000029
Winthrop Playground I,N/A,Roxbury,325,Spray Play,Hydraulic,Spray,N/A,N/A,N/A,POINT (-71.075968635999971 42.317851526000027),-71.075968635999971,42.317851526000027
Porzio Park,N/A,East Boston,244,Spray Play,Mechnical,Spray,N/A,N/A,N/A,POINT (-71.028967608999949 42.364990575000036),-71.028967608999949,42.364990575000036
Crawford Street Playground,N/A,Roxbury,73,Spray Play,Electrical,Spray,N/A,N/A,N/A,POINT (-71.092422290999934 42.315877296000053),-71.092422290999934,42.315877296000053
Mother's Rest at Four Corners,N/A,Dorchester,205,Spray Play,Hydraulic,Spray,N/A,N/A,N/A,POINT (-71.071685677999938 42.297399356000028),-71.071685677999938,42.297399356000028
Braddock Park,N/A,South End,29,Ornamental Fountain,N/A,N/A,N/A,N/A,N/A,POINT (-71.078768906999983 42.344336371000054),-71.078768906999983,42.344336371000054
Peter Looney Park,N/A,Charlestown,235,Parking Lot,N/A,UA,UA,N/A,N/A,POINT (-71.066084497999952 42.374388401000033),-71.066084497999952,42.374388401000033
Jackson Square,N/A,Allston-Brighton,162,Flagpole,N/A,N/A,N/A,N/A,N/A,POINT (-71.152742048999983 42.346013021000033),-71.152742048999983,42.346013021000033
Hunt Playground II,N/A,Mattapan,2178,Parking Lot,N/A,UA,UA,N/A,N/A,POINT (-71.09747613899998 42.275843897000073),-71.097476138999980,42.275843897000073
Hunt Playground,N/A,Mattapan,6,Parking Lot,N/A,UA,UA,N/A,N/A,POINT (-71.098184977999949 42.275172736000059),-71.098184977999949,42.275172736000059
Harambee Park,N/A,Dorchester,142,Restroom,Portable Restroom Pad,N/A,N/A,Pad Capacity: 1,N/A,POINT (-71.083981999999935 42.291950933000066),-71.083981999999935,42.291950933000066
Harambee Park,N/A,Dorchester,142,Restroom,Portable Restroom Pad,N/A,N/A,Pad Capacity: 1,N/A,POINT (-71.081764043999954 42.291101486000059),-71.081764043999954,42.291101486000059
Harambee Park,N/A,Dorchester,142,Restroom,Portable Restroom Pad,N/A,N/A,Pad Capacity: 3,N/A,POINT (-71.085140260999935 42.291057126000055),-71.085140260999935,42.291057126000055
Ceylon Park,N/A,Dorchester,49,Restroom,Portable Restroom Pad,N/A,N/A,Pad Capacity: 2,N/A,POINT (-71.073081531999946 42.310797054000034),-71.073081531999946,42.310797054000034
Mt. Hope Cemetery,N/A,Roslindale,207,Flagpole,Unlit ,25,Aluminum ,N/A,N/A,POINT (-71.105749017999983 42.284222194000051),-71.105749017999983,42.284222194000051
Steven P. Odom Serenity Garden,N/A,Dorchester,7280,Ornamental Fountain,N/A,N/A,N/A,N/A,N/A,POINT (-71.084641368999939 42.281619277000061),-71.084641368999939,42.281619277000061
Peters Park I,N/A,South End,236,Flagpole,Unlit ,30,Aluminum ,N/A,N/A,POINT (-71.067118790999984 42.343866166000055),-71.067118790999984,42.343866166000055
Mt. Hope Cemetery,N/A,Roslindale,207,Flagpole,Unlit ,30,Aluminum ,N/A,N/A,POINT (-71.102938282999958 42.28345676400005),-71.102938282999958,42.283456764000050
Ceylon Park,N/A,Dorchester,49,Spray Play,N/A,Misting,N/A,N/A,N/A,POINT (-71.073798358999966 42.310417121000057),-71.073798358999966,42.310417121000057
Boston Common,Tadpole Playground,Back Bay/Beacon Hill,27,Drinking Fountain,UA,N/A,N/A,N/A,N/A,POINT (-71.064794537999944 42.356001640000045),-71.064794537999944,42.356001640000045
Iacono/Readville Playground,N/A,Hyde Park,160,Shade Stucture,Pavilion,3 tables,N/A,N/A,N/A,POINT (-71.135435919999964 42.238962652000055),-71.135435919999964,42.238962652000055
Walker Playground,N/A,Mattapan,310,Shade Stucture,Pavilion,3 tables,N/A,N/A,N/A,POINT (-71.090415642999972 42.277730088000055),-71.090415642999972,42.277730088000055
Spectacle Island I,N/A,Harbor Islands,290,Shade Stucture,Gazebo,N/A,N/A,N/A,N/A,POINT (-70.985179290999952 42.324814179000043),-70.985179290999952,42.324814179000043
Spectacle Island I,N/A,Harbor Islands,290,Shade Stucture,Gazebo,1 table,N/A,N/A,N/A,POINT (-70.98792156899998 42.326699528000063),-70.987921568999980,42.326699528000063
Fern Square,N/A,Allston-Brighton,115,Flagpole,Unlit ,25,Aluminum ,N/A,N/A,POINT (-71.133189655999956 42.359599162000052),-71.133189655999956,42.359599162000052
English H.S. Athletic Fields,N/A,Jamaica Plain,107,Flagpole,Unlit ,25,Fiberglass ,N/A,N/A,POINT (-71.10760238499995 42.306709433000037),-71.107602384999950,42.306709433000037
Mt. Hope Cemetery,N/A,Roslindale,207,Flagpole,Unlit ,40,Aluminum ,N/A,N/A,POINT (-71.105484536999938 42.283125865000045),-71.105484536999938,42.283125865000045
Iacono/Readville Playground,N/A,Hyde Park,160,Bike Rack,Wave,6,N,90,N/A,POINT (-71.135315590999937 42.238929571000028),-71.135315590999937,42.238929571000028
Mt. Hope Cemetery,N/A,Roslindale,207,Flagpole,Unlit ,25,Aluminum ,N/A,N/A,POINT (-71.105842003999953 42.284191847000045),-71.105842003999953,42.284191847000045
Parkman Playground,N/A,Jamaica Plain,229,Shade Stucture,Covered picnic area,2 tables,N/A,N/A,N/A,POINT (-71.113292158999968 42.29570856600003),-71.113292158999968,42.295708566000030
Ripley Playground,N/A,Dorchester,261,Shade Stucture,Bench Shelter,2 benches,N/A,N/A,N/A,POINT (-71.076172221999968 42.299474681000049),-71.076172221999968,42.299474681000049
Malcolm X Park,N/A,Roxbury,186,Shade Stucture,Umbrella,1 table,N/A,N/A,N/A,POINT (-71.088042730999973 42.320585642000026),-71.088042730999973,42.320585642000026
Malcolm X Park,N/A,Roxbury,186,Shade Stucture,Umbrella,1 table,N/A,N/A,N/A,POINT (-71.088162946999944 42.320289206000041),-71.088162946999944,42.320289206000041
Malcolm X Park,N/A,Roxbury,186,Shade Stucture,Umbrella,1 table,N/A,N/A,N/A,POINT (-71.088218831999939 42.320294195000031),-71.088218831999939,42.320294195000031
Malcolm X Park,N/A,Roxbury,186,Shade Stucture,Umbrella,1 table,N/A,N/A,N/A,POINT (-71.088281337999945 42.320604054000057),-71.088281337999945,42.320604054000057
Malcolm X Park,N/A,Roxbury,186,Shade Stucture,Umbrella,1 table,N/A,N/A,N/A,POINT (-71.090218991999961 42.321043357000065),-71.090218991999961,42.321043357000065
Malcolm X Park,N/A,Roxbury,186,Shade Stucture,Umbrella,1 table,N/A,N/A,N/A,POINT (-71.090194407999945 42.321013647000029),-71.090194407999945,42.321013647000029
Malcolm X Park,N/A,Roxbury,186,Shade Stucture,Umbrella,1 table,N/A,N/A,N/A,POINT (-71.089524087999962 42.321391641000048),-71.089524087999962,42.321391641000048
Malcolm X Park,N/A,Roxbury,186,Shade Stucture,Umbrella,1 table,N/A,N/A,N/A,POINT (-71.089468193999949 42.321396814000025),-71.089468193999949,42.321396814000025
Malcolm X Park,N/A,Roxbury,186,Shade Stucture,Umbrella,1 table,N/A,N/A,N/A,POINT (-71.088457818999984 42.322256068000058),-71.088457818999984,42.322256068000058
Murphy Playground,N/A,Jamaica Plain,7277,Playground,Engineered Wood Fiber,N/A,N/A,N/A,N/A,POINT (-71.113986974999989 42.30762573100003),-71.113986974999989,42.307625731000030
Doherty Playground,N/A,Charlestown,87,Shade Stucture,Covered picnic area,2 tables,N/A,N/A,N/A,POINT (-71.067843423999989 42.382317402000069),-71.067843423999989,42.382317402000069
East Boston Memorial Park I,N/A,East Boston,98,Shade Stucture,Gazebo,4 benches,N/A,N/A,N/A,POINT (-71.03142403399994 42.371982183000057),-71.031424033999940,42.371982183000057
Madison Park H.S. Athletic Fields,Dewitt Playground,Roxbury,183,Playground,PIP Rubber,N/A,N/A,N/A,N/A,POINT (-71.085500636999939 42.332478448000074),-71.085500636999939,42.332478448000074
Madison Park H.S. Athletic Fields,N/A,Roxbury,183,Flagpole,Unlit ,60,Aluminum ,N/A,N/A,POINT (-71.086226211999985 42.332369156000027),-71.086226211999985,42.332369156000027
Millennium Park I,N/A,West Roxbury,198,Flagpole,Unlit ,35,Fiberglass ,USA 5X8,N/A,POINT (-71.180398133999972 42.282279713000037),-71.180398133999972,42.282279713000037
Rotch Playground,N/A,South End,272,Flagpole,Unlit ,60,Aluminum ,N/A,N/A,POINT (-71.064607573999979 42.341464183000028),-71.064607573999979,42.341464183000028
